JASID,自治体コード,遺跡番号,ふりがな,ラベル,所在地,時代,種別,主な遺構／概要,主な出土品
1311100100,13111,1,かめづかふきん・まるこたまがわえんきたかいづか,亀塚付近・丸子多摩川園北貝塚,大田区 田園調布一丁目,[縄文時代（前期・後期）],包蔵地・貝塚,,縄文土器
1311100200,13111,2,せんげんじんじゃこふん,浅間神社古墳,大田区 田園調布一丁目,[縄文時代][弥生時代（後期）][古墳時代],古墳・集落,前方後円墳　[縄文時代]炉穴　[弥生時代]住居　炉　柱穴,縄文土器　打斧　剥片　弥生土器　土師器　円筒埴輪　人物埴輪　動物埴輪
1311100300,13111,3,せんげんじんじゃふきんよこあなぼぐん,浅間神社付近横穴墓群,大田区 田園調布一丁目,[古墳時代][奈良時代],横穴墓,,直刀
1311100400,13111,4,ほうらいこうえんないよこあなぼ,宝来公園内横穴墓,大田区 田園調布三丁目,[古墳時代][奈良時代],横穴墓,,人骨
1311100500,13111,5,でんえんちょうふはにわこうぼうあと,田園調布埴輪工房址,大田区 田園調布二丁目,[古墳時代],集落,[古墳時代]住居,土師器　円筒埴輪
1311100600,13111,6,しもぬまべぼじゃくだによこあなぼ,下沼部牡若谷横穴墓,大田区 田園調布二丁目,[古墳時代][奈良時代],横穴墓,,
1311100700,13111,7,しもぬまべいっぽんぎだによこあなぼ,下沼部一本木谷横穴墓,大田区 田園調布三丁目,[古墳時代][奈良時代],横穴墓,,
1311100800,13111,8,にしおか19ごうふん,西岡19号墳,大田区 田園調布五丁目,[古墳時代],古墳,前方後円墳？,直刀
1311100900,13111,9,にしおか20ごうふん,西岡20号墳,大田区 田園調布五丁目,[古墳時代],古墳,円墳,
1311101000,13111,10,にしおか21ごうふん,西岡21号墳,大田区 田園調布五丁目,[古墳時代],古墳,円墳,
1311101100,13111,11,にしおか22ごうふん,西岡22号墳,大田区 田園調布五丁目,[古墳時代],古墳,円墳　[古墳時代]横穴式石室,土器　鉄鏃　刀子　直刀　金環　雲珠
1311101200,13111,12,にしおか23ごうふん,西岡23号墳,大田区 田園調布五丁目,[古墳時代],古墳,円墳,
1311101300,13111,13,にしおか24ごうふん,西岡24号墳,大田区 田園調布五丁目,[古墳時代],古墳,円墳,鉄鏃　直刀　銅釧　人骨
1311101400,13111,14,いっぽんまつこふん（にしおか25ごうふん）,一本松古墳(西岡25号墳）,大田区 田園調布五丁目,[古墳時代],古墳,円墳？,土器
1311101500,13111,15,にしおか26ごうふん,西岡26号墳,大田区 田園調布四丁目,[古墳時代],古墳,円墳,埴輪
1311101600,13111,16,にしおか27ごうふん,西岡27号墳,大田区 田園調布五丁目,[古墳時代],古墳,円墳,
1311101700,13111,17,にしおか28ごうふん,西岡28号墳,大田区 田園調布五丁目,[古墳時代],古墳,[古墳時代]横穴式石室,鉄鏃　鹿角柄刀子　轡　六鈴鏡　直刀
1311101800,13111,18,にしおか29ごうふん,西岡29号墳,大田区 田園調布五丁目,[古墳時代],古墳,円墳,土師器
1311101900,13111,19,にしおか30ごうふん,西岡30号墳,大田区 田園調布五丁目,[古墳時代],古墳,円墳,小刀　管玉　耳環
1311102000,13111,20,にしおか31ごうふん,西岡31号墳,大田区 田園調布五丁目,[古墳時代],古墳,円墳？,土器　石釧
1311102100,13111,21,にしおか32ごうふん,西岡32号墳,大田区 田園調布五丁目,[古墳時代],古墳,円墳,土器　円筒埴輪
1311102200,13111,22,にしおか33ごうふん,西岡33号墳,大田区 田園調布四丁目,[古墳時代],古墳,,土器
1311102300,13111,23,せんげんさまこふん（にしおか34ごうふん）,浅間様古墳(西岡34号墳）,大田区 田園調布四丁目,[古墳時代],古墳,※遺跡範囲うち、石室部分が大田区指定史跡古墳石室（俗称穴八幡）となっています。 円墳　[古墳時代]横穴式石室,
1311102400,13111,24,にしおか35ごうふん,西岡35号墳,大田区 田園調布四丁目,[古墳時代],古墳,,円筒埴輪
1311102500,13111,25,かんのんづかこふん（にしおか36ごうふん）,観音塚古墳(西岡36号墳）,大田区 田園調布四丁目,[古墳時代],古墳,前方後円墳　[古墳時代]横穴式石室,鉄鏃　刀子　円筒埴輪　人物埴輪　玉まき　大刀埴輪　玉類　直刀　鉄環　轡　鐙　木製鐙金具　辻金具　雲珠
1311102600,13111,26,たまがわだいこふんぐん,多摩川台古墳群1〜8号墳,大田区 田園調布一丁目　 田園調布四丁目,[古墳時代],古墳,1号墳：前方後円墳　径39m　横穴式石室 2号墳：円墳？　礫槨　 3号墳：円墳　径13〜14m　横穴式石室　 4号墳：円墳　径18m　横穴式石室　 5号墳：円墳　径20.1m　横穴式石室　 6号墳：円墳　径20m　横穴式石室　 7号墳：円墳　径18.5m　横穴式石室　 8号墳：円墳　径16m　横穴式石室,1号墳：土師器　須恵器　鉄鏃　円筒埴輪　形象埴輪　 2号墳：勾玉　 3号墳：土師器　須恵器　鉄鏃　直刀　金環　 4号墳：土師器　須恵器　鉄鏃　刀子　埴輪　直刀　轡　 5号墳：鉄鏃　刀子　玉類　直刀　金環　銅環　轡　 7号墳：鉄鏃　大刀　 8号墳：土師器　須恵器　鉄鏃　刀子　玉類　直刀　金環　鉾
1311102800,13111,28,しもぬまべきつねづか1・2ごうふん,下沼部狐塚1・2号墳,大田区 田園調布二丁目,[古墳時代],古墳,円墳2基,
1311102900,13111,29,とうこういんうらいせき,東光院裏遺跡,大田区 田園調布本町,[中世],包蔵地・その他（板碑出土地）,,板碑
1311103000,13111,30,いしづかこふん,石塚古墳,大田区 西嶺町,[古墳時代],古墳,円墳,
1311103100,13111,31,はくさんじんじゃよこあなぼ,白山神社横穴墓,大田区 東嶺町,[古墳時代][奈良時代],横穴墓,,
1311103200,13111,32,ぞうみょういんないよこあなぼ,増明院内横穴墓,大田区 鵜の木一丁目,[古墳時代][奈良時代],横穴墓,[古墳時代][奈良時代]切石羨門,鉄刀
1311103300,13111,33,はいづか,灰塚,大田区 千鳥町三丁目,[中世],墳墓,,板碑
1311103400,13111,34,みなみくがはらにちょうめよこあなぼぐん,南久が原二丁目横穴墓群,大田区 南久が原二丁目,[古墳時代][奈良時代],横穴墓,1基,人骨
1311103500,13111,35,かめのこやまこふん（にしおか46ごうふん）,亀甲山古墳（西岡46号墳）,大田区 田園調布一丁目,[古墳時代],古墳,※遺跡範囲のすべてが、国指定史跡亀甲山古墳となっています。 　 前方後円墳,
1311103600,13111,36,にしおか47ごうふん,西岡47号墳,大田区 田園調布三丁目,[古墳時代],古墳,円墳,
1311103700,13111,37,しもぬまべしおみだいよこあなぼぐん,下沼部汐見台横穴墓群,大田区 田園調布三丁目,[古墳時代][奈良時代],横穴墓,,人骨
1311103800,13111,38,ほうらいさん（ほうらいづか）こふん,宝莱山（蓬莱塚）古墳,大田区 田園調布四丁目,[古墳時代],古墳,※遺跡範囲のすべてが、都指定史跡宝莱山古墳となっています。 前方後円墳　[古墳時代]粘土槨,土器　鉄鏃　紡錘車形石製品　管玉　勾玉　丸玉　小玉　四獣鏡　鉄剣
1311103900,13111,39,かみぬまべほうらいよこあなぼぐん,上沼部宝来横穴墓群,大田区 田園調布四丁目,[古墳時代][奈良時代],横穴墓,,直刀　人骨
1311104000,13111,40,かみぬまべはなのよこあなぼぐん,上沼部花野横穴墓群,大田区 田園調布四丁目,[古墳時代][奈良時代],横穴墓,,
1311104100,13111,41,かみぬまべにいのさとよこあなぼぐん,上沼部新居里横穴墓群,大田区 田園調布四丁目,[古墳時代][奈良時代],横穴墓,,
1311104200,13111,42,かみぬまべふきあげほくぶよこあなぼぐん,上沼部吹上北部横穴墓群,大田区 田園調布五丁目,[古墳時代][奈良時代],横穴墓,,木製品　人骨
1311104300,13111,43,かみぬまべふきあげなんぶよこあなぼぐん,上沼部吹上南部横穴墓群,大田区 田園調布五丁目,[古墳時代][奈良時代],横穴墓,,人骨
1311104400,13111,44,かみぬまべ29ばんちよこあなぼ,上沼部29番地横穴墓,大田区 田園調布五丁目,[古墳時代][奈良時代],横穴墓,,
1311104500,13111,45,でんえんちょうふほんちょうかいづか,田園調布本町貝塚,大田区 田園調布本町,[縄文時代（前期）],貝塚,,縄文土器
1311104600,13111,46,でんえんちょうふほんちょう24ばんよこあなぼ,田園調布本町24番横穴墓,大田区 田園調布本町,[古墳時代][奈良時代],横穴墓,,
1311104700,13111,47,でんえんちょうふほんちょう26ばんよこあなぼ,田園調布本町26番横穴墓,大田区 田園調布本町,[古墳時代][奈良時代],横穴墓,,人骨
1311104800,13111,48,しもぬまべかいづか,下沼部貝塚,大田区 田園調布本町,[縄文時代（早期〜晩期）][弥生時代][近世],集落・貝塚,[縄文時代]住居　集石　炉　炉穴　焼土　[弥生時代]住居　[近世]墓壙,縄文土器　打斧　磨斧　礫器　石槍　石鏃　掻器　石箆　石錘　石皿　磨石　凹石　敲石　石核　剥片　梵字形石器　耳飾　石棒　石剣　岩版　土版　昆虫形土製品　筒形土製品　獣骨　弥生土器　須恵器　埴輪　銭貨　人骨
1311104900,13111,49,ゆきがやぎょうにんづか,雪ヶ谷行人塚,大田区 東雪谷二丁目,[奈良時代][平安時代],墳墓,,
1311105000,13111,50,にしおか49ごうふん,西岡49号墳,大田区 田園調布本町,[古墳時代],古墳,円墳,
1311105100,13111,51,にしおか50ごうふん,西岡50号墳,大田区 田園調布本町,[古墳時代],古墳,円墳,
1311105200,13111,52,にしおか51ごうふん,西岡51号墳,大田区 田園調布本町,[古墳時代],古墳,円墳　[古墳時代]横穴式石室,直刀
1311105300,13111,53,にしおか52ごうふん,西岡52号墳,大田区 田園調布本町,[古墳時代],古墳,円墳,土師器　鉄鏃　方頭大刀　銀環　人骨
1311105400,13111,54,にしおか53ごうふん,西岡53号墳,大田区 田園調布南,[古墳時代],古墳,円墳,
1311105500,13111,55,にしおか54ごうふん,西岡54号墳,大田区 西嶺町,[古墳時代],古墳,円墳,
1311105600,13111,56,うのきおおつかこふん,鵜木大塚古墳,大田区 雪谷大塚町,[古墳時代],古墳,円墳,
1311105700,13111,57,ゆきがやかいづか,雪ヶ谷貝塚,大田区 南雪谷二丁目　 南雪谷三丁目　 南雪谷四丁目　 南雪谷五丁目,[旧石器時代][縄文時代（早期〜前期）][弥生時代（後期）][古墳時代][平安時代],集落・貝塚・その他の墓,,縄文土器　縄文石器　石鏃　石槍　弥生土器
1311105800,13111,58,かつかいしゅうぼしょふきんいせき,勝海舟墓所付近遺跡,大田区 南千束一丁目　 南千束二丁目,[縄文時代（前期）],包蔵地,,縄文土器　磨斧
1311105900,13111,59,かみいけがみいせき,上池上遺跡,大田区 中馬込三丁目　 上池台五丁目,[縄文時代（前期）],集落,[縄文時代]住居跡　墓壙,縄文土器　石斧　石器　装身具（玉類）
1311106000,13111,60,まごめかいづか,馬込貝塚,大田区 中馬込一丁目　 上池台五丁目,[縄文時代（前期〜晩期）],集落・貝塚,[縄文時代]住居　土坑　土壙　犬埋葬土坑,縄文土器　打斧　磨斧　異形石器　土錘　けつ状耳飾　玉類　骨角製品牙鏃　弓筈　人骨　獣・魚骨
1311106100,13111,61,みなみまごめいっちょうめよこあなぼぐん,南馬込一丁目横穴墓群,大田区 南馬込一丁目,[古墳時代][奈良時代],横穴墓,,直刀　人骨
1311106200,13111,62,てんまんぐうふきんかいづか,天満宮付近貝塚,大田区 南馬込二丁目,[縄文時代（前期）],貝塚,,縄文土器
1311106300,13111,63,まごめいっちょうめかいづか,馬込一丁目貝塚,大田区 南馬込四丁目,[縄文時代（前期）],貝塚,,縄文土器
1311106400,13111,64,つかごしよこあなぼぐん,塚越横穴墓群,大田区 南馬込五丁目　 西馬込二丁目　 仲池上一丁目　 仲池上二丁目　 上池台五丁目,[古墳時代][奈良時代],横穴墓,[古墳時代][奈良時代]切石羨門,鉄鏃　刀子　金銅製頭椎大刀　金銅製圭頭大刀　直刀　轡　杏葉　挂甲小札　人骨
1311106500,13111,65,ちょうおんじかいづか,長遠寺貝塚,大田区 南馬込五丁目　 西馬込一丁目,[縄文時代（前期）][弥生時代],包蔵地・貝塚,,縄文土器　打斧　弥生土器
1311106600,13111,66,かみいけがみ（こやすはちまんじんじゃうら）いせき,上池上（子安八幡神社裏）遺跡,大田区 仲池上一丁目,[弥生時代],包蔵地,,弥生土器
1311106700,13111,67,おおたに・しもたにいせき,大谷・下谷遺跡,大田区 西馬込二丁目　 仲池上一丁目,[旧石器時代][縄文時代（前期〜中期）],集落,[旧石器時代]礫群　[縄文時代]住居　竪穴状遺構　土坑,剥片　焼礫　縄文土器　石器　土製品　土錘
1311106800,13111,68,さんのういっちょうめよこあなぼぐん,山王一丁目横穴墓群,大田区 山王一丁目,[古墳時代][奈良時代],横穴墓,,人骨
1311106900,13111,69,おおもりかいづか,大森貝塚,大田区 山王一丁目,[縄文時代（中期〜晩期）],貝塚,,縄文土器　打斧　石鏃　石皿　磨石　耳飾　石棒　土偶　土版　土製品　骨角器　牙鏃　人骨　獣骨
1311106902,13111,69-2,おおもり・さんのうかまくらかいどうしもつみちかんれんいせき,大森・山王鎌倉街道下ッ道関連遺跡,大田区 山王一丁目,[中世],その他（道路跡）,[中世]道路遺構　溝状遺構,須恵器　かわらけ　土錘　擂鉢　銭貨　磁器
1311107000,13111,70,くまのじんじゃまえかいづか・あらいじゅくじょうあと,熊野神社前貝塚・新井宿城跡,大田区 山王三丁目,[奈良時代][平安時代][中世],貝塚・城館,,土師器　須恵器　獣骨
1311107100,13111,71,くまのじんじゃふきんよこあなぼぐん,熊野神社付近横穴墓群,大田区 山王三丁目,[古墳時代][平安時代],横穴墓,,土師器　須恵器　人骨
1311107200,13111,72,くまのじんじゃいせき,熊野神社遺跡,大田区 山王三丁目　山王四丁目,[弥生時代],包蔵地,,弥生土器
1311107300,13111,73,さんのういせき・さんのういせきないよこあなぼぐん,山王遺跡・山王遺跡内横穴墓群,大田区 山王二丁目　 山王三丁目,[弥生時代（中期〜後期）][古墳時代][奈良時代],集落・貝塚・横穴墓,[弥生時代]環濠　住居　方形周溝墓　[古墳時代]住居　[奈良時代]横穴墓3基　[時期不明]地下式土坑,弥生土器　石器　土師器　須恵器　鉄鏃　刀子　直刀　人骨
1311107400,13111,74,きりさとまちかいづか,桐里町貝塚,大田区 池上一丁目,[縄文時代（前期）][弥生時代],貝塚,,縄文土器　弥生土器
1311107500,13111,75,ほんもんじうらいせき,本門寺裏遺跡,大田区 池上二丁目,[弥生時代],集落,[弥生時代]住居,弥生土器
1311107600,13111,76,しょうせんかいづか,庄仙貝塚,大田区 久が原一丁目　 北嶺町,[縄文時代（前期〜中期）],貝塚・集落,[縄文時代]住居,縄文土器　打斧　磨斧　石鏃　磨石　凹石　石棒　独鈷石　獣骨
1311107700,13111,77,てんしようちえんふきんいせき,天使幼稚園付近遺跡,大田区 久が原四丁目,[縄文時代（前期）],包蔵地,,縄文土器
1311107800,13111,78,くがはらかいづか・くがはらちょう1026ばんちかいづか,久ヶ原貝塚・久ヶ原町1026番地貝塚,大田区 久が原三丁目　 久が原四丁目,[縄文時代（前期〜中期）],貝塚,,縄文土器
1311107900,13111,79,くがはらよんちょうめよこあなぼぐん,久が原四丁目横穴墓群,大田区 久が原四丁目,[古墳時代][奈良時代],横穴墓,,人骨
1311108000,13111,80,くがはらよこあなぼぐん,久ヶ原横穴墓群,大田区 久が原四丁目　 久が原五丁目　 久が原六丁目　 南久が原一丁目　 千鳥一丁目,[古墳時代][奈良時代],横穴墓,[古墳時代][奈良時代]組合式石棺　切石羨門,土師器　須恵器　鉄鏃　刀子　管玉　勾玉　丸玉　金環　人骨
1311108100,13111,81,くがはらいせき,久ヶ原遺跡,大田区 久が原四丁目　 久が原五丁目　 久が原六丁目　 千鳥一丁目,[弥生時代（中期〜後期）][古墳時代][中世],集落,竪穴住居跡,弥生土器　縄文土器　磨斧　軽石製品　土錘　勾玉　獣骨　土師器
1311108200,13111,82,ゆきがやささまるおおつか,雪ヶ谷笹丸大塚,大田区 東雪谷一丁目,[奈良時代][平安時代],墳墓,,
1311108300,13111,83,すりばちやまこふん,スリバチ山古墳,大田区 久が原六丁目,[古墳時代],古墳,円墳,円筒埴輪　人物埴輪
1311108400,13111,84,みねいせき,嶺遺跡,大田区 南久が原一丁目　 千鳥三丁目,[弥生時代（後期）],集落,[弥生時代]住居跡,弥生土器
1311108500,13111,85,ちどりくぼかいづか,千鳥久保貝塚,大田区 久が原四丁目　 南久が原一丁目,[縄文時代（中期〜後期）],集落・貝塚,[縄文時代]住居,縄文土器　打斧　凹石　鹿角棒　人骨
1311108600,13111,86,おおつかこふん,大塚古墳,大田区 千鳥一丁目,[古墳時代],古墳,円墳,
1311108700,13111,87,ぞうみょういんうらかいづか,増明院裏貝塚,大田区 鵜の木一丁目,[縄文時代（前期・後期）],貝塚,,縄文土器　石器　耳飾
1311108800,13111,88,ねぎしよこあなぼぐん,根岸横穴墓群,大田区 南久が原一丁目　 千鳥三丁目,[古墳時代][奈良時代],横穴墓,[古墳時代][奈良時代]横穴墓（切石羨門）,須恵器　切石羨門　人骨
1311108900,13111,89,こうみょうじよこあなぼぐん,光明寺横穴墓群,大田区 鵜の木一丁目,[古墳時代][奈良時代],横穴墓,3基,土師器　須恵器　刀子　人骨
1311109001,13111,90-1,こうみょうじいせき,光明寺遺跡,大田区 鵜の木一丁目,[旧石器時代][縄文時代（早期）][弥生時代][古墳時代][奈良時代][中世][近世],集落・その他（墓地）,[旧石器時代]石器集中　礫群　[縄文時代]陥し穴　[弥生時代]住居　方形周溝墓　[中世][近世]竪穴状遺構　墓地　集石土坑　集石,石器　礫　縄文土器　弥生土器　陶磁器　蔵骨器　板碑
1311109002,13111,90-2,あらづか１ごうふん,荒塚1号墳,大田区 鵜の木一丁目,[古墳時代],古墳,円墳,円筒埴輪
1311109003,13111,90-3,あらづか2ごうふん,荒塚2号墳,大田区 鵜の木一丁目,[古墳時代],古墳,[古墳時代]周溝,円筒埴輪　埴輪棺
1311109100,13111,91,きりがやよこあなぼぐん,桐ヶ谷横穴墓群,大田区 中央五丁目,[古墳時代][奈良時代],横穴墓,13基　[古墳時代][奈良時代]切石羨門　横穴墓,人骨
1311109200,13111,92,じゅうにてん（じゅうにてんにし）いせき,十二天（十二天西）遺跡,大田区 中央八丁目,[奈良時代][平安時代],官衙,,須恵器　土師器　灰釉陶器　銅製?帯　木製品
1311109300,13111,93,おなづかかいづか,女塚貝塚,大田区 西蒲田四丁目　 西蒲田五丁目,[弥生時代（後期）][奈良時代][平安時代],貝塚・その他（祭祀遺構）,井戸,土師器　砥石　鉄器　滑石製紡錘車　石製品
1311109400,13111,94,おなづかこふん,女塚古墳,大田区 西蒲田六丁目,[古墳時代],古墳,円墳,土師器
1311109500,13111,95,えんとんじかいづか,円頓寺貝塚,大田区 蒲田二丁目,[奈良時代][平安時代],貝塚,,土師器　須恵器
1311109600,13111,96,ひえだじんじゃいせき,?田神社遺跡,大田区 蒲田三丁目,[古墳時代],包蔵地,,土師器
1311109700,13111,97,ひえだじんじゃけいだいこふん,?田神社境内古墳,大田区 蒲田三丁目,[古墳時代],古墳,円墳,土師器
1311109800,13111,98,かまたはちまんじんじゃけいだいこふん,蒲田八幡神社境内古墳,大田区 蒲田四丁目,[古墳時代],古墳,円墳,
1311109900,13111,99,みちづかかいづか,道塚貝塚,大田区 新蒲田三丁目,[奈良時代][平安時代],貝塚,,土師器　須恵器
1311110000,13111,100,あやめばしふきんいせき,あやめ橋付近遺跡,大田区 蒲田一丁目,[古墳時代],包蔵地,,土師器　木片　骨片
1311110100,13111,101,やくしづかこふん,薬師塚古墳,大田区 西糀谷三丁目,[古墳時代],古墳,円墳,土師器　刀
1311110200,13111,102,てんそじんじゃかいづか,天祖神社貝塚,大田区 西糀谷四丁目,[奈良時代][平安時代],貝塚,,土師器
1311110300,13111,103,しもぶくろかいづか,下袋貝塚,大田区 北糀谷一丁目,[奈良時代][平安時代],貝塚,,須恵器
1311110400,13111,104,まえかたかいづか,前方貝塚,大田区 大森中二丁目　 大森中三丁目,[奈良時代][平安時代],貝塚,,土師器
1311110500,13111,105,じゅうにてんひがし（せんろひがしがわ）かいづか,十二天東（線路東側）貝塚,大田区 大森西七丁目,[奈良時代],貝塚,,土師器　須恵器
1311110600,13111,106,おおもりみなみこふん,大森南古墳,大田区 大森南一丁目,[古墳時代][中世],古墳？塚？,円墳,
1311110700,13111,107,はちまんづか,八幡塚,大田区 東六郷三丁目,[中世],塚,,蔵骨器（常滑壺）
1311110800,13111,108,いけがみ・ひらつかいせき,池上・平塚遺跡,大田区 上池台一丁目,[奈良時代][平安時代],墳墓,,
1311110900,13111,109,かめづかよこあなぼぐん,亀塚横穴墓群,大田区 田園調布一丁目,[古墳時代][奈良時代],横穴墓,,
1311111000,13111,110,さくらばしふきんいせき,桜橋付近遺跡,大田区 田園調布本町,[縄文時代（草創期〜前期）][弥生時代（後期）][近世],集落,[縄文時代]住居跡　土坑　[弥生時代]住居跡　土坑　[近世]竪穴状遺構　土坑,縄文土器　縄文石器　弥生土器
1311111100,13111,111,ひがしまごめいっちょうめ2ばんよこあなぼ,東馬込一丁目2番横穴墓,大田区 東馬込一丁目,[古墳時代][奈良時代],横穴墓,,人骨
1311111200,13111,112,つつみかたごんげんだいこふん,堤方権現台古墳,大田区 池上一丁目,[古墳時代],古墳,円墳,土器　刀
1311111300,13111,113,てらくぼいせき,寺窪遺跡,大田区 池上一丁目,[中世],包蔵地・その他（草庵跡）,,石造宝塔
1311111400,13111,114,ほんじょういんうらいせき,本成院裏遺跡,大田区 池上一丁目,[中世],包蔵地・その他（板碑出土地）,,板碑
1311111500,13111,115,ほんもんじれきだいぼしょふきんいせき,本門寺歴代墓所付近遺跡,大田区 池上二丁目,[中世],包蔵地・その他（板碑出土地）,,板碑
1311111600,13111,116,つかごしかいづか,塚越貝塚,大田区 西馬込二丁目,[縄文時代（前期）],貝塚,,縄文土器
1311111700,13111,117,かじわらづか,梶原塚,大田区 中馬込三丁目,[中世],墳墓,,
1311111800,13111,118,にしまごめにちょうめ2ばんよこあなぼ,西馬込二丁目2番横穴墓,大田区 西馬込二丁目,[古墳時代][奈良時代],横穴墓,,
1311111901,13111,119-1,ほんもんじきゅうごじゅうのとうあと,本門寺旧五重塔跡,大田区 池上一丁目,[近世],社寺,,
1311111902,13111,119-2,ほんもんじきゅうきょうぞうあと,本門寺旧経蔵跡,大田区 池上一丁目,[近世],社寺,,
1311112000,13111,120,なかいけがみいっちょうめ10ばんよこあなぼ,仲池上一丁目10番横穴墓,大田区 仲池上一丁目,[中世？],横穴墓,,人骨
1311112100,13111,121,でんえんちょうふよんちょうめ12ばんよこあなぼ,田園調布四丁目12番横穴墓,大田区 田園調布四丁目,[中世],地下式横穴,,人骨
1311112200,13111,122,まるやまいせき,丸山遺跡,大田区 田園調布一丁目,[弥生時代（後期）],集落,[弥生時代]住居,弥生土器
1311112300,13111,123,にしみねまち33ばんよこあなぼ,西嶺町33番横穴墓,大田区 西嶺町,[古墳時代][奈良時代],横穴墓,,人骨
1311112400,13111,124,ほんもんじうらよこあなぼぐん,本門寺裏横穴墓群,大田区 池上一丁目　 中央五丁目,[古墳時代][奈良時代],横穴墓,9基　[古墳時代][奈良時代]切石羨門,人骨
1311112500,13111,125,あらいじゅくよこあなぼぐん,新井宿横穴墓群,大田区 山王四丁目,[古墳時代][奈良時代],横穴墓,[古墳時代][奈良時代]横穴墓18基,直刀　人骨
1311112700,13111,127,いけがみしやかたあと,池上氏館跡,大田区 池上二丁目,[中世],居館跡,,
1311112800,13111,128,まごめじょうあと,馬込城跡,大田区 南馬込五丁目,[中世],城館,,
1311112900,13111,129,おおもりほりのうちいせき,大森堀ノ内遺跡,大田区 大森中三丁目,[中世],居館跡,,
1311113000,13111,130,なめかたしやかたあと,行方氏館跡,大田区 蒲田二丁目　 蒲田三丁目,[中世],城館,,
1311113100,13111,131,はちまんづかなめかたしやかたあと,八幡塚行方氏館跡,大田区 東六郷三丁目,[中世],城館,,
1311113200,13111,132,さんのうよこあなぼぐん,山王横穴墓群,大田区 山王一丁目,[古墳時代][奈良時代],横穴墓,[古墳時代]横穴墓8基,須恵器　土師器　人骨
1311113300,13111,133,でんえんちょうふほんちょう19ばんよこあなぼ,田園調布本町19番横穴墓,大田区 田園調布本町,[古墳時代][奈良時代],横穴墓,,
1311113400,13111,134,おおもりほてるいせき,大森ホテル遺跡,大田区 山王三丁目　 山王四丁目,[弥生時代],包蔵地,,弥生土器
1311113500,13111,135,きりさといせき,桐里遺跡,大田区 中央五丁目　 南馬込六丁目,[縄文時代][弥生時代],包蔵地,,
1311113600,13111,136,みねいっちょうめいせき,嶺一丁目遺跡,大田区 東嶺町 南久が原二丁目,[弥生時代],包蔵地,,弥生土器
1311113700,13111,137,かみぬまべかいづか,上沼部貝塚,大田区 田園調布四丁目　 田園調布五丁目,[縄文時代（前期・後期〜晩期）],貝塚,,縄文土器
1311113800,13111,138,しょうぐんづか,将軍塚,大田区 田園調布四丁目,[弥生時代],包蔵地,,弥生土器
1311113900,13111,139,さいとうしやしきあと,斎藤氏屋敷跡,大田区 蒲田四丁目,[中世],居館跡,,
1311114000,13111,140,まんぷくじいせき,万福寺遺跡,大田区 南馬込一丁目,[中世],包蔵地・その他（板碑出土地）,,板碑
1311114100,13111,141,まごめきたくぼいせき,馬込北久保遺跡,大田区 南馬込一丁目,[平安時代],墳墓,,蔵骨器
1311114200,13111,142,さんのうよんちょうめ33ばんよこあなぼ,山王四丁目33番横穴墓,大田区 山王四丁目,[古墳時代],横穴墓,,人骨
1311114300,13111,143,くがはらしょうがっこうないいせき,久原小学校内遺跡,大田区 久が原四丁目,[弥生時代（後期）],集落,[旧石器時代]礫群　炉　[縄文時代]住居　建物跡　土坑　[弥生時代]住居　[古墳時代]住居　溝　[奈良・平安時代]火葬墓　土坑,掻器　人骨　敲石　石核　剥片　焼礫　縄文土器　打斧　磨斧　石鏃　石皿　磨石　凹石　弥生土器　土師器　須恵器
1311114400,13111,144,たまがわだいこうえんないよこあなぼ,多摩川台公園内横穴墓,大田区 田園調布一丁目,[古墳時代][奈良時代],横穴墓,,埴輪　人骨
1311114500,13111,145,おうぎづかこふん,扇塚古墳,大田区 田園調布一丁目,[古墳時代],古墳,円墳,
1311114600,13111,146,きたせんぞくさんちょうめ10ばんよこあなぼ,北千束三丁目10番横穴墓,大田区 北千束三丁目,[古墳時代][奈良時代],横穴墓,,人骨
1311114700,13111,147,まごめなかいいせき,馬込仲井遺跡,大田区 南馬込四丁目,[平安時代],墳墓,,蔵骨器
1311114800,13111,148,みわいつくしまじんじゃづか,三輪厳島神社塚,大田区 大森東四丁目,[中世],墳墓,,陶器（常滑壷）　カワラケ　土師質土器　擂鉢　土錘　瓦　板碑　銭貨
1311114900,13111,149,こいけよこあなぼ,小池横穴墓,大田区 上池台一丁目,[古墳時代][奈良時代],横穴墓,,
1311115000,13111,150,どりこのさかよこあなぼぐん,どりこの坂横穴墓群,大田区 田園調布二丁目,[古墳時代][奈良時代],横穴墓,2基　[古墳時代][奈良時代]横穴墓,人骨
1311115100,13111,151,ひがしこうじややくしづかこふん,東糀谷薬師塚古墳,大田区 東糀谷一丁目,[古墳時代],古墳,,土師器　刀
1311115200,13111,152,みなみまごめよんちょうめ27ばんよこあなぼ,南馬込四丁目27番横穴墓,大田区 南馬込四丁目,[古墳時代][奈良時代],横穴墓,,
1311115300,13111,153,ちょうおんじいせき,長遠寺遺跡,大田区 南馬込五丁目,[中世],包蔵地・その他（板碑出土地）,,板碑
1311115400,13111,154,ほうようじうらよこあなぼ,法養寺裏横穴墓,大田区 池上一丁目,[古墳時代][奈良時代],横穴墓,,
1311115500,13111,155,せんげんじんじゃきたこふん,浅間神社北古墳,大田区 田園調布一丁目,[古墳時代],古墳,円墳,土師器　円筒埴輪
1311115600,13111,156,にしみねこふん,西嶺古墳,大田区 西嶺町,[古墳時代],古墳,円墳,
1311115700,13111,157,うのきいっちょうめ15ばんこふん,鵜の木一丁目15番古墳,大田区 鵜の木一丁目,[古墳時代],古墳,円墳,
1311115800,13111,158,みしまづかこふん,三島塚古墳,大田区 鵜の木一丁目,[古墳時代],古墳,,円筒埴輪　人物埴輪頭部　直刀　耳環
1311115900,13111,159,はちまんじんじゃけいだいこふん,八幡神社境内古墳,大田区 田園調布五丁目,[古墳時代],古墳,[古墳時代]横穴式石室,
1311116000,13111,160,にしこうじやおおつか,西糀谷大塚,大田区 西糀谷三丁目,[古墳時代],古墳,円墳,
1311116100,13111,161,ちょうしょうじうらよこあなぼぐん,長勝寺裏横穴墓群,大田区 中央六丁目,[古墳時代][奈良時代],横穴墓,,
1311116200,13111,162,さんぼんまつづか,三本松塚,大田区 北馬込二丁目,[中世],その他（塚）,,
1311116300,13111,163,にったよしおきづか,新田義興塚,大田区 矢口一丁目,[中世],墳墓・その他（塚）,,刀子　刀　懸神
1311116400,13111,164,かなやまじんじゃづか,金山神社塚,大田区 大森西二丁目,[中世],その他（塚）,,
1311116500,13111,165,おおざくらおおつか,大桜大塚,大田区 南久が原二丁目,[中世],その他（塚）,,土器　板碑
1311116700,13111,167,ひらはりよこあなぼぐん,平張横穴墓群,大田区 南馬込三丁目,[古墳時代][奈良時代],横穴墓,,人骨
1311116800,13111,168,うのきいっちょうめよこあなぼぐん,鵜の木一丁目横穴墓群,大田区 鵜の木一丁目,[古墳時代][奈良時代],横穴墓,2基　[古墳時代][奈良時代]横穴墓,土師器　須恵器　人骨
1311116900,13111,169,くぼいせき,久保遺跡,大田区 南馬込一丁目,[縄文時代（中期〜後期）],集落,[縄文時代]住居　炉　焼土　土坑,縄文土器　石器
1311117000,13111,170,さんのうづか,山王塚,大田区 山王一丁目,[中世],塚,[中世]溝,陶器
1311117100,13111,171,くがはらごちょうめ17ばんよこあなぼ,久が原五丁目17番横穴墓,大田区 久が原五丁目,[古墳時代],横穴墓,,人骨
1311117200,13111,172,いけがみにちょうめ1ばんいせき,池上二丁目1番遺跡,大田区 池上二丁目,[縄文時代（前期）][中世][近世],包蔵地,[縄文時代]炉穴　[近世]供養塔　石組　石畳,縄文土器　カワラケ　蔵骨器　甕棺　板碑　石塔　経石
1311117300,13111,173,とりつでんえんちょうふこうとうがっこうないいせき,都立田園調布高等学校内遺跡,大田区 田園調布南,[縄文時代（前期][弥生時代（後期）],集落,[縄文時代]土坑　[弥生時代]住居　集石炉　貯蔵穴　柱穴　配石　方形周溝墓,縄文土器　打斧　磨斧　礫器　石槍　石鏃　石錐　楔形石器　石皿　磨石　土製円板　孔雀石製装飾品　真珠　弥生土器　敲石　玉類
1311117400,13111,174,なかまごめさんちょうめ2・11ばんよこあなぼ,中馬込三丁目2・11番横穴墓,大田区 中馬込三丁目,[古墳時代][奈良時代],横穴墓,,人骨
1311117500,13111,175,さんのうさんちょうめ37ばんよこあなぼ,山王三丁目37番横穴墓,大田区 山王三丁目,[古墳時代][奈良時代],横穴墓,,人骨
1311117600,13111,176,くぼよこあなぼ,久保横穴墓,大田区 南馬込一丁目,[古墳時代][奈良時代],横穴墓,[古墳時代][奈良時代]横穴墓1基,人骨
1311117700,13111,177,かみいけがみよこあなぼ,上池上横穴墓,大田区 上池台五丁目,[古墳時代][奈良時代],横穴墓,[古墳時代][奈良時代]横穴墓1基,人骨
1311117800,13111,178,おおもりしゃてきばあとよこあなぼぐん,大森射的場跡横穴墓群,大田区 山王二丁目,[古墳時代][奈良時代],横穴墓,,
1311117900,13111,179,もとはっけいえんうらよこあなぼ,元八景園裏横穴墓,大田区 山王二丁目,[古墳時代][奈良時代],横穴墓,,須恵器　人骨
1311118000,13111,180,さんのうにちょうめ14・24ばんよこあなぼ,山王二丁目14・24番横穴墓,大田区 山王二丁目,[古墳時代][奈良時代],横穴墓,,須恵器
1311118200,13111,182,きねんじづか,祈念寺塚,大田区 大森北一丁目,[中世],墳墓,,
1311118300,13111,183,うちかわこうちかいづか,内川耕地貝塚,大田区 大森北六丁目,[中世],貝塚,,
1311118400,13111,184,おうもりいなりかいづか,王森稲荷貝塚,大田区 大森東一丁目,[時代不明],貝塚,,
1311118500,13111,185,はまばたかいづか,浜端貝塚,大田区 大森東三丁目,[平安時代],貝塚,,土師器
1311118600,13111,186,みわいつくしまじんじゃいせき,三輪厳島神社遺跡,大田区 大森東四丁目,[奈良時代],社寺,,瓦
1311118700,13111,187,みょうれんづか,妙蓮塚,大田区 下丸子二丁目,[中世],墳墓,,
1311118800,13111,188,しもまるこてんそじんじゃふきんいせき,下丸子天祖神社付近遺跡,大田区 下丸子三丁目,[古墳時代],包蔵地,,土師器
1311118900,13111,189,かまたやしきあと,鎌田屋敷跡,大田区 東矢口二丁目,[中世],屋敷,,
1311119000,13111,190,やまぶしぎいせき,山伏木遺跡,大田区 東矢口二丁目,[中世],包蔵地,,
1311119100,13111,191,じゅっきみょうじんづか,十騎明神塚,大田区 矢口二丁目,[中世],墳墓,,
1311119200,13111,192,うのきおくしまてんじんのもりいせき,鵜ノ木奥島天神の森遺跡,大田区 西蒲田一丁目,[時代不明],墳墓,,
1311119300,13111,193,ほしやみょうじんづか,星谷明神塚,大田区 西蒲田五丁目,[時代不明],墳墓,,
1311119400,13111,194,むらやまみょうじんづか,村山明神塚,大田区 西蒲田五丁目,[時代不明],墳墓,,
1311119500,13111,195,はくさんみょうじんづか,白山明神塚,大田区 西蒲田五丁目,[時代不明],墳墓,,
1311119600,13111,196,せんげんみょうじんづか,浅間明神塚,大田区 西蒲田五丁目,[時代不明],墳墓,,
1311119700,13111,197,しらはたみょうじんづか,白旗明神塚,大田区 西蒲田六丁目,[時代不明],墳墓,,
1311119800,13111,198,じょういみょうじんづか,承位明神塚,大田区 西蒲田六丁目,[時代不明],墳墓,,
1311119900,13111,199,みょうでんじいせき,妙典寺遺跡,大田区 蒲田二丁目,[中世],包蔵地・その他（板碑出土地）,,
1311120000,13111,200,きたかまたこふん,北蒲田古墳,大田区 蒲田二丁目,[古墳時代],古墳,円墳,土器
1311120100,13111,201,せいこうあんかいづか,清光庵貝塚,大田区 西糀谷一丁目,[奈良時代][平安時代],貝塚,,
1311120200,13111,202,にしこうじやこうしんづか,西糀谷庚申塚,大田区 西糀谷一丁目　 西糀谷二丁目　 西糀谷三丁目　 西糀谷四丁目,[奈良時代][平安時代],貝塚,,
1311120300,13111,203,せんぞくいけこうえんふきんいせき,洗足池公園付近遺跡,大田区 南千束二丁目,[縄文時代（中期）],包蔵地,,縄文土器
1311120500,13111,205,おいせづか,お伊勢塚,大田区 新蒲田一丁目,[古墳時代],古墳,円墳,
1311120600,13111,206,まちやいなりかいづか,町屋稲荷貝塚,大田区 西六郷一丁目,[奈良時代][平安時代],貝塚,,
1311120700,13111,207,ことりづか,小鳥塚,大田区 西六郷一丁目,[古墳時代],古墳,円墳,
1311120800,13111,208,にしろくごういっちょうめ22ばんかいづか,西六郷一丁目22番貝塚,大田区 西六郷一丁目,[奈良時代][平安時代][中世],貝塚,,
1311120900,13111,209,てんのうぎこふん,天王木古墳,大田区 西六郷一丁目,[古墳時代],古墳,円墳,須恵器
1311121000,13111,210,たかはた・しんめいづか,高畑・神明塚,大田区 西六郷二丁目,[時代不明],墳墓,,
1311121100,13111,211,ふるかわやくしどうあといせき,古川薬師堂跡遺跡,大田区 西六郷二丁目,[奈良時代],社寺,,
1311121200,13111,212,たかはたかいづか,高畑貝塚,大田区 西六郷二丁目,[奈良時代][平安時代],貝塚,,
1311121300,13111,213,まちや242ばんかいづか,町屋242番貝塚,大田区 仲六郷一丁目,[奈良時代][平安時代],貝塚,,
1311121400,13111,214,まちやいなりづか,町屋稲荷塚,大田区 仲六郷一丁目,[時代不明],墳墓,,
1311121500,13111,215,しょうぞくづか,装束塚,大田区 仲六郷一丁目,[時代不明],墳墓,,
1311121600,13111,216,でむら・みょうじんやまいせき,出村・明神山遺跡,大田区 仲六郷一丁目,[時代不明],墳墓,,
1311121700,13111,217,とうよういんうらかいづか,東陽院裏貝塚,大田区 仲六郷四丁目,[奈良時代][平安時代],貝塚,,
1311121800,13111,218,にとうづか,ニトウ塚,大田区 仲六郷四丁目,[時代不明],墳墓,,
1311121900,13111,219,ろくごうばしふきんかいづか,六郷橋付近貝塚,大田区 仲六郷四丁目,[奈良時代][平安時代],貝塚,,土器
1311122000,13111,220,かんじょうじうらかいづか,勧乗寺裏貝塚,大田区 東六郷三丁目,[奈良時代][平安時代],貝塚,,
1311122100,13111,221,ぞうしき・てんじんやまいせき,雑色・天神山遺跡,大田区 南六郷二丁目,[時代不明],墳墓,,
1311122200,13111,222,もりにゅうどうづか,森入道塚,大田区 南六郷二丁目,[中世],墳墓,,
1311122300,13111,223,ろくごうふるかいどうかいづか,六郷古街道貝塚,大田区 南六郷三丁目,[時代不明],貝塚,,
1311122400,13111,224,でんえんちょうふいっちょうめ30ばんよこあなぼ,田園調布一丁目30番横穴墓,大田区 田園調布一丁目,[古墳時代][奈良時代],横穴墓,,
1311122500,13111,225,さんや・すわぶんいせき,山谷・諏訪分遺跡,大田区 雪谷大塚町　 石川町二丁目,[縄文時代（前期）],集落,[縄文時代（前期）]竪穴住居跡,縄文土器（黒浜・諸磯）
1311122600,13111,226,うめだいせき,梅田遺跡,大田区 南馬込六丁目,[平安時代][中世],墳墓,地下式坑,人骨（1体）
1311122700,13111,227,いしかわうえのだいいせき,石川上ノ台遺跡,大田区 石川町一丁目,[縄文時代（前期〜後期）],包蔵地,,縄文土器　石斧　石鏃　石槌
1311122800,13111,228,おおくらとうえんないかいづか,大倉陶園内貝塚,大田区 西六郷一丁目,[時代不明],貝塚,,
1311122900,13111,229,あさひがおかいせき,旭ヶ丘遺跡,大田区 南馬込三丁目,[縄文時代（草創期）],包蔵地,,槍先形尖頭器
1311123000,13111,230,いなりもりいせき,稲荷森遺跡,大田区 田園調布一丁目,[縄文時代][古墳時代],包蔵地,溝状遺構　土坑？,縄文土器　土師器　円筒埴輪
1311123100,13111,231,にいのさとよこあなぼぐん,新居里横穴墓群,大田区 田園調布五丁目,[古墳時代][奈良時代],横穴墓,[古墳時代][奈良時代]横穴墓2基,人骨
1311123200,13111,232,どうでらよこあなぼ,堂寺横穴墓,大田区 東馬込一丁目,[古墳時代][奈良時代],横穴墓,[古墳時代][奈良時代]横穴墓1基,人骨　須恵器
1311123300,13111,233,えいじゅいんふきんいせき,永寿院付近遺跡,大田区 池上一丁目,[弥生時代（中期〜後期）],集落,,土器　石器
1311123400,13111,234,ちょうえいこふん,長栄古墳,大田区 池上一丁目,[古墳時代],古墳,[古墳時代]周溝,須恵器
1311123500,13111,235,ちゅうおうろくちょうめ4ばんよこあなぼ,中央六丁目4番横穴墓,大田区 中央六丁目,[古墳時代][奈良時代],横穴墓,[古墳時代][奈良時代]横穴墓1基,人骨
1311123600,13111,236,みなみくがはらにちょうめ4ばんよこあなぼ,南久が原二丁目4番横穴墓,大田区 南久が原二丁目,[古墳時代][奈良時代],横穴墓,[古墳時代][奈良時代]横穴墓1基,人骨