"JASID","自治体コード","遺跡番号","ふりがな","遺跡名","所在地","時代","種別","主な遺構/概要","主な出土品","経度","緯度","古墳時代"
1310901300,13109,"13","せんだいざかいせき","仙台坂遺跡","品川区 東大井四丁目","[縄文時代（後期）][古墳時代][奈良時代][平安時代][近代]","包蔵地・屋敷・その他（工場跡）","[近世]ピット　土坑　石垣","縄文土器　石器　石弾　土錘　石棒　自然遺物　土師器　陶磁器　瓦　土製品　土錘　鉄製品　煙管　銭貨　ガラス製品　蝋石　獣骨",139.7403673,35.60697621,"1"
1310901400,13109,"14","さいこうじかいづか","西光寺貝塚","品川区 大井四丁目","[縄文時代（中期～後期）][古墳時代]","貝塚・包蔵地","","縄文土器　打斧　須恵器",139.7328131,35.60031371,"1"
1310901500,13109,"15","おおいかしまいせき","大井鹿島遺跡","品川区 大井五丁目","[縄文時代][古墳時代][奈良時代][近世]","包蔵地・集落","[古墳時代][奈良時代]竪穴式住居跡　[近世]土坑　室状遺構","縄文土器　土師器　須恵器　陶磁器　紡錘車　土錘　釘　煙管　銭貨",139.7301397,35.59667274,"1"
1310901800,13109,"18","","品川区No.18遺跡","品川区 南品川五丁目","[古墳時代]","古墳","","須恵器　円筒埴輪　人物埴輪",139.7416467,35.60782891,"1"
1310901900,13109,"19","おおいはやしちょうこふん","大井林町古墳","品川区 東大井四丁目","[古墳時代]","古墳","円墳","",139.7411009,35.60679337,"1"
1310902000,13109,"20","おおいこうえんないこふん","大井公園内古墳","品川区 東大井四丁目","[古墳時代]","古墳","円墳","円筒埴輪",139.7409449,35.60532457,"1"
1310902400,13109,"24","おおいかねこやまおうけつぼぐん","大井金子山横穴墓群","品川区 西大井四丁目","[古墳時代][奈良時代]","横穴墓","横穴墓（古墳～奈良２基）","鉄鏃　刀子　人骨",139.7205441,35.59394495,"1"
1310903000,13109,"30","みつぎいせき","三木遺跡","品川区 西品川三丁目","[縄文時代（早期～後期）][古墳時代]","包蔵地","溝状遺構　ピット","縄文土器　石器　土師器",139.7289666,35.61491723,"1"
1311100200,13111,"2","せんげんじんじゃこふん","浅間神社古墳","大田区 田園調布一丁目","[縄文時代][弥生時代（後期）][古墳時代]","古墳・集落","前方後円墳　[縄文時代]炉穴　[弥生時代]住居　炉　柱穴","縄文土器　打斧　剥片　弥生土器　土師器　円筒埴輪　人物埴輪　動物埴輪",139.6687695,35.58743962,"1"
1311100300,13111,"3","せんげんじんじゃふきんよこあなぼぐん","浅間神社付近横穴墓群","大田区 田園調布一丁目","[古墳時代][奈良時代]","横穴墓","","直刀",139.6688781,35.58691091,"1"
1311100400,13111,"4","ほうらいこうえんないよこあなぼ","宝来公園内横穴墓","大田区 田園調布三丁目","[古墳時代][奈良時代]","横穴墓","","人骨",139.6639081,35.59491805,"1"
1311100500,13111,"5","でんえんちょうふはにわこうぼうあと","田園調布埴輪工房址","大田区 田園調布二丁目","[古墳時代]","集落","[古墳時代]住居","土師器　円筒埴輪",139.6704679,35.59703283,"1"
1311100600,13111,"6","しもぬまべぼじゃくだによこあなぼ","下沼部牡若谷横穴墓","大田区 田園調布二丁目","[古墳時代][奈良時代]","横穴墓","","",139.6685298,35.59304569,"1"
1311100700,13111,"7","しもぬまべいっぽんぎだによこあなぼ","下沼部一本木谷横穴墓","大田区 田園調布三丁目","[古墳時代][奈良時代]","横穴墓","","",139.6670555,35.59697895,"1"
1311100800,13111,"8","にしおか19ごうふん","西岡19号墳","大田区 田園調布五丁目","[古墳時代]","古墳","前方後円墳？","直刀",139.6587397,35.59761202,"1"
1311100900,13111,"9","にしおか20ごうふん","西岡20号墳","大田区 田園調布五丁目","[古墳時代]","古墳","円墳","",139.6578784,35.59596871,"1"
1311101000,13111,"10","にしおか21ごうふん","西岡21号墳","大田区 田園調布五丁目","[古墳時代]","古墳","円墳","",139.6579115,35.59571279,"1"
1311101100,13111,"11","にしおか22ごうふん","西岡22号墳","大田区 田園調布五丁目","[古墳時代]","古墳","円墳　[古墳時代]横穴式石室","土器　鉄鏃　刀子　直刀　金環　雲珠",139.6581103,35.59556462,"1"
1311101200,13111,"12","にしおか23ごうふん","西岡23号墳","大田区 田園調布五丁目","[古墳時代]","古墳","円墳","",139.6582659,35.59544897,"1"
1311101300,13111,"13","にしおか24ごうふん","西岡24号墳","大田区 田園調布五丁目","[古墳時代]","古墳","円墳","鉄鏃　直刀　銅釧　人骨",139.6586951,35.59520469,"1"
1311101400,13111,"14","いっぽんまつこふん（にしおか25ごうふん）","一本松古墳(西岡25号墳）","大田区 田園調布五丁目","[古墳時代]","古墳","円墳？","土器",139.660401,35.59766486,"1"
1311101500,13111,"15","にしおか26ごうふん","西岡26号墳","大田区 田園調布四丁目","[古墳時代]","古墳","円墳","埴輪",139.6602508,35.59732463,"1"
1311101600,13111,"16","にしおか27ごうふん","西岡27号墳","大田区 田園調布五丁目","[古墳時代]","古墳","円墳","",139.6598109,35.596112,"1"
1311101700,13111,"17","にしおか28ごうふん","西岡28号墳","大田区 田園調布五丁目","[古墳時代]","古墳","[古墳時代]横穴式石室","鉄鏃　鹿角柄刀子　轡　六鈴鏡　直刀",139.6602231,35.59584821,"1"
1311101800,13111,"18","にしおか29ごうふん","西岡29号墳","大田区 田園調布五丁目","[古墳時代]","古墳","円墳","土師器",139.6593983,35.59610788,"1"
1311101900,13111,"19","にしおか30ごうふん","西岡30号墳","大田区 田園調布五丁目","[古墳時代]","古墳","円墳","小刀　管玉　耳環",139.6594643,35.59568898,"1"
1311102000,13111,"20","にしおか31ごうふん","西岡31号墳","大田区 田園調布五丁目","[古墳時代]","古墳","円墳？","土器　石釧",139.6593099,35.59519127,"1"
1311102100,13111,"21","にしおか32ごうふん","西岡32号墳","大田区 田園調布五丁目","[古墳時代]","古墳","円墳","土器　円筒埴輪",139.6591834,35.59476115,"1"
1311102200,13111,"22","にしおか33ごうふん","西岡33号墳","大田区 田園調布四丁目","[古墳時代]","古墳","","土器",139.6606553,35.59527542,"1"
1311102300,13111,"23","せんげんさまこふん（にしおか34ごうふん）","浅間様古墳(西岡34号墳）","大田区 田園調布四丁目","[古墳時代]","古墳","※遺跡範囲うち、石室部分が大田区指定史跡古墳石室（俗称穴八幡）となっています。 円墳　[古墳時代]横穴式石室","",139.6608623,35.59448064,"1"
1311102400,13111,"24","にしおか35ごうふん","西岡35号墳","大田区 田園調布四丁目","[古墳時代]","古墳","","円筒埴輪",139.6613682,35.59369521,"1"
1311102500,13111,"25","かんのんづかこふん（にしおか36ごうふん）","観音塚古墳(西岡36号墳）","大田区 田園調布四丁目","[古墳時代]","古墳","前方後円墳　[古墳時代]横穴式石室","鉄鏃　刀子　円筒埴輪　人物埴輪　玉まき　大刀埴輪　玉類　直刀　鉄環　轡　鐙　木製鐙金具　辻金具　雲珠",139.6625296,35.59444324,"1"
1311102600,13111,"26","たまがわだいこふんぐん","多摩川台古墳群1～8号墳","大田区 田園調布一丁目　 田園調布四丁目","[古墳時代]","古墳","1号墳：前方後円墳　径39m　横穴式石室 2号墳：円墳？　礫槨　 3号墳：円墳　径13～14m　横穴式石室　 4号墳：円墳　径18m　横穴式石室　 5号墳：円墳　径20.1m　横穴式石室　 6号墳：円墳　径20m　横穴式石室　 7号墳：円墳　径18.5m　横穴式石室　 8号墳：円墳　径16m　横穴式石室","1号墳：土師器　須恵器　鉄鏃　円筒埴輪　形象埴輪　 2号墳：勾玉　 3号墳：土師器　須恵器　鉄鏃　直刀　金環　 4号墳：土師器　須恵器　鉄鏃　刀子　埴輪　直刀　轡　 5号墳：鉄鏃　刀子　玉類　直刀　金環　銅環　轡　 7号墳：鉄鏃　大刀　 8号墳：土師器　須恵器　鉄鏃　刀子　玉類　直刀　金環　鉾",139.6653353,35.59098393,"1"
1311102800,13111,"28","しもぬまべきつねづか1・2ごうふん","下沼部狐塚1・2号墳","大田区 田園調布二丁目","[古墳時代]","古墳","円墳2基","",139.6707426,35.5931476,"1"
1311103000,13111,"30","いしづかこふん","石塚古墳","大田区 西嶺町","[古墳時代]","古墳","円墳","",139.6774303,35.58177573,"1"
1311103100,13111,"31","はくさんじんじゃよこあなぼ","白山神社横穴墓","大田区 東嶺町","[古墳時代][奈良時代]","横穴墓","","",139.6833003,35.57892677,"1"
1311103200,13111,"32","ぞうみょういんないよこあなぼ","増明院内横穴墓","大田区 鵜の木一丁目","[古墳時代][奈良時代]","横穴墓","[古墳時代][奈良時代]切石羨門","鉄刀",139.6870554,35.57543632,"1"
1311103400,13111,"34","みなみくがはらにちょうめよこあなぼぐん","南久が原二丁目横穴墓群","大田区 南久が原二丁目","[古墳時代][奈良時代]","横穴墓","1基","人骨",139.6849954,35.57589009,"1"
1311103500,13111,"35","かめのこやまこふん（にしおか46ごうふん）","亀甲山古墳（西岡46号墳）","大田区 田園調布一丁目","[古墳時代]","古墳","※遺跡範囲のすべてが、国指定史跡亀甲山古墳となっています。 　 前方後円墳","",139.6672172,35.58937143,"1"
1311103600,13111,"36","にしおか47ごうふん","西岡47号墳","大田区 田園調布三丁目","[古墳時代]","古墳","円墳","",139.6673245,35.5914479,"1"
1311103700,13111,"37","しもぬまべしおみだいよこあなぼぐん","下沼部汐見台横穴墓群","大田区 田園調布三丁目","[古墳時代][奈良時代]","横穴墓","","人骨",139.6665735,35.59169219,"1"
1311103800,13111,"38","ほうらいさん（ほうらいづか）こふん","宝莱山（蓬莱塚）古墳","大田区 田園調布四丁目","[古墳時代]","古墳","※遺跡範囲のすべてが、都指定史跡宝莱山古墳となっています。 前方後円墳　[古墳時代]粘土槨","土器　鉄鏃　紡錘車形石製品　管玉　勾玉　丸玉　小玉　四獣鏡　鉄剣",139.6632476,35.59286127,"1"
1311103900,13111,"39","かみぬまべほうらいよこあなぼぐん","上沼部宝来横穴墓群","大田区 田園調布四丁目","[古墳時代][奈良時代]","横穴墓","","直刀　人骨",139.6622981,35.59404778,"1"
1311104000,13111,"40","かみぬまべはなのよこあなぼぐん","上沼部花野横穴墓群","大田区 田園調布四丁目","[古墳時代][奈良時代]","横穴墓","","",139.6616543,35.59408267,"1"
1311104100,13111,"41","かみぬまべにいのさとよこあなぼぐん","上沼部新居里横穴墓群","大田区 田園調布四丁目","[古墳時代][奈良時代]","横穴墓","","",139.6619011,35.59460613,"1"
1311104200,13111,"42","かみぬまべふきあげほくぶよこあなぼぐん","上沼部吹上北部横穴墓群","大田区 田園調布五丁目","[古墳時代][奈良時代]","横穴墓","","木製品　人骨",139.6603512,35.59931764,"1"
1311104300,13111,"43","かみぬまべふきあげなんぶよこあなぼぐん","上沼部吹上南部横穴墓群","大田区 田園調布五丁目","[古墳時代][奈良時代]","横穴墓","","人骨",139.6582484,35.59718903,"1"
1311104400,13111,"44","かみぬまべ29ばんちよこあなぼ","上沼部29番地横穴墓","大田区 田園調布五丁目","[古墳時代][奈良時代]","横穴墓","","",139.6576046,35.59610725,"1"
1311104600,13111,"46","でんえんちょうふほんちょう24ばんよこあなぼ","田園調布本町24番横穴墓","大田区 田園調布本町","[古墳時代][奈良時代]","横穴墓","","",139.6745531,35.58391891,"1"
1311104700,13111,"47","でんえんちょうふほんちょう26ばんよこあなぼ","田園調布本町26番横穴墓","大田区 田園調布本町","[古墳時代][奈良時代]","横穴墓","","人骨",139.6743063,35.5827497,"1"
1311105000,13111,"50","にしおか49ごうふん","西岡49号墳","大田区 田園調布本町","[古墳時代]","古墳","円墳","",139.6709538,35.58545938,"1"
1311105100,13111,"51","にしおか50ごうふん","西岡50号墳","大田区 田園調布本町","[古墳時代]","古墳","円墳","",139.6708465,35.58590436,"1"
1311105200,13111,"52","にしおか51ごうふん","西岡51号墳","大田区 田園調布本町","[古墳時代]","古墳","円墳　[古墳時代]横穴式石室","直刀",139.6716083,35.58488351,"1"
1311105300,13111,"53","にしおか52ごうふん","西岡52号墳","大田区 田園調布本町","[古墳時代]","古墳","円墳","土師器　鉄鏃　方頭大刀　銀環　人骨",139.6722949,35.5844996,"1"
1311105400,13111,"54","にしおか53ごうふん","西岡53号墳","大田区 田園調布南","[古墳時代]","古墳","円墳","",139.676801,35.5810443,"1"
1311105500,13111,"55","にしおか54ごうふん","西岡54号墳","大田区 西嶺町","[古墳時代]","古墳","円墳","",139.6781743,35.58182961,"1"
1311105600,13111,"56","うのきおおつかこふん","鵜木大塚古墳","大田区 雪谷大塚町","[古墳時代]","古墳","円墳","",139.6771517,35.59133995,"1"
1311105700,13111,"57","ゆきがやかいづか","雪ヶ谷貝塚","大田区 南雪谷二丁目　 南雪谷三丁目　 南雪谷四丁目　 南雪谷五丁目","[旧石器時代][縄文時代（早期～前期）][弥生時代（後期）][古墳時代][平安時代]","集落・貝塚・その他の墓","","縄文土器　縄文石器　石鏃　石槍　弥生土器",139.6844687,35.58976951,"1"
1311106100,13111,"61","みなみまごめいっちょうめよこあなぼぐん","南馬込一丁目横穴墓群","大田区 南馬込一丁目","[古墳時代][奈良時代]","横穴墓","","直刀　人骨",139.7128043,35.59316087,"1"
1311106400,13111,"64","つかごしよこあなぼぐん","塚越横穴墓群","大田区 南馬込五丁目　 西馬込二丁目　 仲池上一丁目　 仲池上二丁目　 上池台五丁目","[古墳時代][奈良時代]","横穴墓","[古墳時代][奈良時代]切石羨門","鉄鏃　刀子　金銅製頭椎大刀　金銅製圭頭大刀　直刀　轡　杏葉　挂甲小札　人骨",139.7028265,35.58682673,"1"
1311106800,13111,"68","さんのういっちょうめよこあなぼぐん","山王一丁目横穴墓群","大田区 山王一丁目","[古墳時代][奈良時代]","横穴墓","","人骨",139.7217452,35.59301536,"1"
1311107100,13111,"71","くまのじんじゃふきんよこあなぼぐん","熊野神社付近横穴墓群","大田区 山王三丁目","[古墳時代][平安時代]","横穴墓","","土師器　須恵器　人骨",139.7208869,35.58397639,"1"
1311107300,13111,"73","さんのういせき・さんのういせきないよこあなぼぐん","山王遺跡・山王遺跡内横穴墓群","大田区 山王二丁目　 山王三丁目","[弥生時代（中期～後期）][古墳時代][奈良時代]","集落・貝塚・横穴墓","[弥生時代]環濠　住居　方形周溝墓　[古墳時代]住居　[奈良時代]横穴墓3基　[時期不明]地下式土坑","弥生土器　石器　土師器　須恵器　鉄鏃　刀子　直刀　人骨",139.7252696,35.58752753,"1"
1311107900,13111,"79","くがはらよんちょうめよこあなぼぐん","久が原四丁目横穴墓群","大田区 久が原四丁目","[古墳時代][奈良時代]","横穴墓","","人骨",139.6921765,35.5802942,"1"
1311108000,13111,"80","くがはらよこあなぼぐん","久ヶ原横穴墓群","大田区 久が原四丁目　 久が原五丁目　 久が原六丁目　 南久が原一丁目　 千鳥一丁目","[古墳時代][奈良時代]","横穴墓","[古墳時代][奈良時代]組合式石棺　切石羨門","土師器　須恵器　鉄鏃　刀子　管玉　勾玉　丸玉　金環　人骨",139.6937644,35.57514582,"1"
1311108100,13111,"81","くがはらいせき","久ヶ原遺跡","大田区 久が原四丁目　 久が原五丁目　 久が原六丁目　 千鳥一丁目","[弥生時代（中期～後期）][古墳時代][中世]","集落","竪穴住居跡","弥生土器　縄文土器　磨斧　軽石製品　土錘　勾玉　獣骨　土師器",139.6939146,35.57641986,"1"
1311108300,13111,"83","すりばちやまこふん","スリバチ山古墳","大田区 久が原六丁目","[古墳時代]","古墳","円墳","円筒埴輪　人物埴輪",139.6935284,35.57388922,"1"
1311108600,13111,"86","おおつかこふん","大塚古墳","大田区 千鳥一丁目","[古墳時代]","古墳","円墳","",139.6916401,35.57430809,"1"
1311108800,13111,"88","ねぎしよこあなぼぐん","根岸横穴墓群","大田区 南久が原一丁目　 千鳥三丁目","[古墳時代][奈良時代]","横穴墓","[古墳時代][奈良時代]横穴墓（切石羨門）","須恵器　切石羨門　人骨",139.6880959,35.5740285,"1"
1311108900,13111,"89","こうみょうじよこあなぼぐん","光明寺横穴墓群","大田区 鵜の木一丁目","[古墳時代][奈良時代]","横穴墓","3基","土師器　須恵器　刀子　人骨",139.6837453,35.57359218,"1"
1311109001,13111,"90-1","こうみょうじいせき","光明寺遺跡","大田区 鵜の木一丁目","[旧石器時代][縄文時代（早期）][弥生時代][古墳時代][奈良時代][中世][近世]","集落・その他（墓地）","[旧石器時代]石器集中　礫群　[縄文時代]陥し穴　[弥生時代]住居　方形周溝墓　[中世][近世]竪穴状遺構　墓地　集石土坑　集石","石器　礫　縄文土器　弥生土器　陶磁器　蔵骨器　板碑",139.684314,35.57385397,"1"
1311109002,13111,"90-2","あらづか１ごうふん","荒塚1号墳","大田区 鵜の木一丁目","[古墳時代]","古墳","円墳","円筒埴輪",139.6841959,35.57387143,"1"
1311109003,13111,"90-3","あらづか2ごうふん","荒塚2号墳","大田区 鵜の木一丁目","[古墳時代]","古墳","[古墳時代]周溝","円筒埴輪　埴輪棺",139.6839599,35.57381034,"1"
1311109100,13111,"91","きりがやよこあなぼぐん","桐ヶ谷横穴墓群","大田区 中央五丁目","[古墳時代][奈良時代]","横穴墓","13基　[古墳時代][奈良時代]切石羨門　横穴墓","人骨",139.7125128,35.58064849,"1"
1311109400,13111,"94","おなづかこふん","女塚古墳","大田区 西蒲田六丁目","[古墳時代]","古墳","円墳","土師器",139.712384,35.56524609,"1"
1311109600,13111,"96","ひえだじんじゃいせき","?田神社遺跡","大田区 蒲田三丁目","[古墳時代]","包蔵地","","土師器",139.7225711,35.56457408,"1"
1311109700,13111,"97","ひえだじんじゃけいだいこふん","?田神社境内古墳","大田区 蒲田三丁目","[古墳時代]","古墳","円墳","土師器",139.7225496,35.56436462,"1"
1311109800,13111,"98","かまたはちまんじんじゃけいだいこふん","蒲田八幡神社境内古墳","大田区 蒲田四丁目","[古墳時代]","古墳","円墳","",139.7224852,35.56057679,"1"
1311110000,13111,"100","あやめばしふきんいせき","あやめ橋付近遺跡","大田区 蒲田一丁目","[古墳時代]","包蔵地","","土師器　木片　骨片",139.7207472,35.5632824,"1"
1311110100,13111,"101","やくしづかこふん","薬師塚古墳","大田区 西糀谷三丁目","[古墳時代]","古墳","円墳","土師器　刀",139.7381708,35.55472887,"1"
1311110600,13111,"106","おおもりみなみこふん","大森南古墳","大田区 大森南一丁目","[古墳時代][中世]","古墳？塚？","円墳","",139.7383679,35.56248294,"1"
1311110900,13111,"109","かめづかよこあなぼぐん","亀塚横穴墓群","大田区 田園調布一丁目","[古墳時代][奈良時代]","横穴墓","","",139.6674304,35.58826255,"1"
1311111100,13111,"111","ひがしまごめいっちょうめ2ばんよこあなぼ","東馬込一丁目2番横穴墓","大田区 東馬込一丁目","[古墳時代][奈良時代]","横穴墓","","人骨",139.7139231,35.59992413,"1"
1311111200,13111,"112","つつみかたごんげんだいこふん","堤方権現台古墳","大田区 池上一丁目","[古墳時代]","古墳","円墳","土器　刀",139.7073986,35.57649601,"1"
1311111800,13111,"118","にしまごめにちょうめ2ばんよこあなぼ","西馬込二丁目2番横穴墓","大田区 西馬込二丁目","[古墳時代][奈良時代]","横穴墓","","",139.7055335,35.58684706,"1"
1311112300,13111,"123","にしみねまち33ばんよこあなぼ","西嶺町33番横穴墓","大田区 西嶺町","[古墳時代][奈良時代]","横穴墓","","人骨",139.6772339,35.58187841,"1"
1311112400,13111,"124","ほんもんじうらよこあなぼぐん","本門寺裏横穴墓群","大田区 池上一丁目　 中央五丁目","[古墳時代][奈良時代]","横穴墓","9基　[古墳時代][奈良時代]切石羨門","人骨",139.7067972,35.58163921,"1"
1311112500,13111,"125","あらいじゅくよこあなぼぐん","新井宿横穴墓群","大田区 山王四丁目","[古墳時代][奈良時代]","横穴墓","[古墳時代][奈良時代]横穴墓18基","直刀　人骨",139.7218012,35.58782117,"1"
1311113200,13111,"132","さんのうよこあなぼぐん","山王横穴墓群","大田区 山王一丁目","[古墳時代][奈良時代]","横穴墓","[古墳時代]横穴墓8基","須恵器　土師器　人骨",139.7241028,35.59222927,"1"
1311113300,13111,"133","でんえんちょうふほんちょう19ばんよこあなぼ","田園調布本町19番横穴墓","大田区 田園調布本町","[古墳時代][奈良時代]","横穴墓","","",139.6749924,35.58523967,"1"
1311114200,13111,"142","さんのうよんちょうめ33ばんよこあなぼ","山王四丁目33番横穴墓","大田区 山王四丁目","[古墳時代]","横穴墓","","人骨",139.7214961,35.58554219,"1"
1311114400,13111,"144","たまがわだいこうえんないよこあなぼ","多摩川台公園内横穴墓","大田区 田園調布一丁目","[古墳時代][奈良時代]","横穴墓","","埴輪　人骨",139.6659315,35.58950333,"1"
1311114500,13111,"145","おうぎづかこふん","扇塚古墳","大田区 田園調布一丁目","[古墳時代]","古墳","円墳","",139.6709204,35.58696438,"1"
1311114600,13111,"146","きたせんぞくさんちょうめ10ばんよこあなぼ","北千束三丁目10番横穴墓","大田区 北千束三丁目","[古墳時代][奈良時代]","横穴墓","","人骨",139.6886765,35.60609209,"1"
1311114900,13111,"149","こいけよこあなぼ","小池横穴墓","大田区 上池台一丁目","[古墳時代][奈良時代]","横穴墓","","",139.6969071,35.60115284,"1"
1311115000,13111,"150","どりこのさかよこあなぼぐん","どりこの坂横穴墓群","大田区 田園調布二丁目","[古墳時代][奈良時代]","横穴墓","2基　[古墳時代][奈良時代]横穴墓","人骨",139.6691194,35.59193157,"1"
1311115100,13111,"151","ひがしこうじややくしづかこふん","東糀谷薬師塚古墳","大田区 東糀谷一丁目","[古墳時代]","古墳","","土師器　刀",139.7407095,35.55951162,"1"
1311115200,13111,"152","みなみまごめよんちょうめ27ばんよこあなぼ","南馬込四丁目27番横穴墓","大田区 南馬込四丁目","[古墳時代][奈良時代]","横穴墓","","",139.7137962,35.58605791,"1"
1311115400,13111,"154","ほうようじうらよこあなぼ","法養寺裏横穴墓","大田区 池上一丁目","[古墳時代][奈良時代]","横穴墓","","",139.707876,35.57802057,"1"
1311115500,13111,"155","せんげんじんじゃきたこふん","浅間神社北古墳","大田区 田園調布一丁目","[古墳時代]","古墳","円墳","土師器　円筒埴輪",139.6682356,35.58793012,"1"
1311115600,13111,"156","にしみねこふん","西嶺古墳","大田区 西嶺町","[古墳時代]","古墳","円墳","",139.6779988,35.58063574,"1"
1311115700,13111,"157","うのきいっちょうめ15ばんこふん","鵜の木一丁目15番古墳","大田区 鵜の木一丁目","[古墳時代]","古墳","円墳","",139.6826498,35.57641237,"1"
1311115800,13111,"158","みしまづかこふん","三島塚古墳","大田区 鵜の木一丁目","[古墳時代]","古墳","","円筒埴輪　人物埴輪頭部　直刀　耳環",139.6830467,35.57518197,"1"
1311115900,13111,"159","はちまんじんじゃけいだいこふん","八幡神社境内古墳","大田区 田園調布五丁目","[古墳時代]","古墳","[古墳時代]横穴式石室","",139.6572278,35.59580502,"1"
1311116000,13111,"160","にしこうじやおおつか","西糀谷大塚","大田区 西糀谷三丁目","[古墳時代]","古墳","円墳","",139.7346606,35.55528909,"1"
1311116100,13111,"161","ちょうしょうじうらよこあなぼぐん","長勝寺裏横穴墓群","大田区 中央六丁目","[古墳時代][奈良時代]","横穴墓","","",139.7113694,35.5784336,"1"
1311116700,13111,"167","ひらはりよこあなぼぐん","平張横穴墓群","大田区 南馬込三丁目","[古墳時代][奈良時代]","横穴墓","","人骨",139.718069,35.58562107,"1"
1311116800,13111,"168","うのきいっちょうめよこあなぼぐん","鵜の木一丁目横穴墓群","大田区 鵜の木一丁目","[古墳時代][奈良時代]","横穴墓","2基　[古墳時代][奈良時代]横穴墓","土師器　須恵器　人骨",139.6814408,35.57724445,"1"
1311117100,13111,"171","くがはらごちょうめ17ばんよこあなぼ","久が原五丁目17番横穴墓","大田区 久が原五丁目","[古墳時代]","横穴墓","","人骨",139.6985422,35.57698667,"1"
1311117400,13111,"174","なかまごめさんちょうめ2・11ばんよこあなぼ","中馬込三丁目2・11番横穴墓","大田区 中馬込三丁目","[古墳時代][奈良時代]","横穴墓","","人骨",139.7036202,35.59313895,"1"
1311117500,13111,"175","さんのうさんちょうめ37ばんよこあなぼ","山王三丁目37番横穴墓","大田区 山王三丁目","[古墳時代][奈良時代]","横穴墓","","人骨",139.723946,35.58572289,"1"
1311117600,13111,"176","くぼよこあなぼ","久保横穴墓","大田区 南馬込一丁目","[古墳時代][奈良時代]","横穴墓","[古墳時代][奈良時代]横穴墓1基","人骨",139.715143,35.59172559,"1"
1311117700,13111,"177","かみいけがみよこあなぼ","上池上横穴墓","大田区 上池台五丁目","[古墳時代][奈良時代]","横穴墓","[古墳時代][奈良時代]横穴墓1基","人骨",139.7020967,35.59533746,"1"
1311117800,13111,"178","おおもりしゃてきばあとよこあなぼぐん","大森射的場跡横穴墓群","大田区 山王二丁目","[古墳時代][奈良時代]","横穴墓","","",139.722665,35.58984764,"1"
1311117900,13111,"179","もとはっけいえんうらよこあなぼ","元八景園裏横穴墓","大田区 山王二丁目","[古墳時代][奈良時代]","横穴墓","","須恵器　人骨",139.7268606,35.58769639,"1"
1311118000,13111,"180","さんのうにちょうめ14・24ばんよこあなぼ","山王二丁目14・24番横穴墓","大田区 山王二丁目","[古墳時代][奈良時代]","横穴墓","","須恵器",139.7242232,35.58875384,"1"
1311118800,13111,"188","しもまるこてんそじんじゃふきんいせき","下丸子天祖神社付近遺跡","大田区 下丸子三丁目","[古墳時代]","包蔵地","","土師器",139.6860559,35.57068351,"1"
1311120000,13111,"200","きたかまたこふん","北蒲田古墳","大田区 蒲田二丁目","[古墳時代]","古墳","円墳","土器",139.7228069,35.56578356,"1"
1311120500,13111,"205","おいせづか","お伊勢塚","大田区 新蒲田一丁目","[古墳時代]","古墳","円墳","",139.7093741,35.55668216,"1"
1311120700,13111,"207","ことりづか","小鳥塚","大田区 西六郷一丁目","[古墳時代]","古墳","円墳","",139.7081295,35.55383667,"1"
1311120900,13111,"209","てんのうぎこふん","天王木古墳","大田区 西六郷一丁目","[古墳時代]","古墳","円墳","須恵器",139.7060911,35.55200363,"1"
1311122400,13111,"224","でんえんちょうふいっちょうめ30ばんよこあなぼ","田園調布一丁目30番横穴墓","大田区 田園調布一丁目","[古墳時代][奈良時代]","横穴墓","","",139.6709017,35.58843123,"1"
1311123000,13111,"230","いなりもりいせき","稲荷森遺跡","大田区 田園調布一丁目","[縄文時代][古墳時代]","包蔵地","溝状遺構　土坑？","縄文土器　土師器　円筒埴輪",139.6724546,35.58897832,"1"
1311123100,13111,"231","にいのさとよこあなぼぐん","新居里横穴墓群","大田区 田園調布五丁目","[古墳時代][奈良時代]","横穴墓","[古墳時代][奈良時代]横穴墓2基","人骨",139.659344,35.59489354,"1"
1311123200,13111,"232","どうでらよこあなぼ","堂寺横穴墓","大田区 東馬込一丁目","[古墳時代][奈良時代]","横穴墓","[古墳時代][奈良時代]横穴墓1基","人骨　須恵器",139.712795,35.59553912,"1"
1311123400,13111,"234","ちょうえいこふん","長栄古墳","大田区 池上一丁目","[古墳時代]","古墳","[古墳時代]周溝","須恵器",139.7065079,35.57819371,"1"
1311123500,13111,"235","ちゅうおうろくちょうめ4ばんよこあなぼ","中央六丁目4番横穴墓","大田区 中央六丁目","[古墳時代][奈良時代]","横穴墓","[古墳時代][奈良時代]横穴墓1基","人骨",139.7108853,35.57889179,"1"
1311123600,13111,"236","みなみくがはらにちょうめ4ばんよこあなぼ","南久が原二丁目4番横穴墓","大田区 南久が原二丁目","[古墳時代][奈良時代]","横穴墓","[古墳時代][奈良時代]横穴墓1基","人骨",139.6873466,35.5780418,"1"
1311200100,13112,"1","からすやまいせき","烏山遺跡","世田谷区 北烏山六丁目　 北烏山七丁目　 北烏山八丁目　 北烏山九丁目","[旧石器時代][縄文時代（早期～後期）][古墳時代][奈良時代][平安時代][近世]","集落","ピット　陥穴　円形土坑　溝　畝　道路","縄文土器　石器　土師器　石墨　陶磁器　銭貨　煙管",139.59153,35.67412332,"1"
1311200300,13112,"3","そしがやおおみちきたいせき","祖師谷大道北遺跡","世田谷区 上祖師谷六丁目　上祖師谷七丁目　給田一丁目","[旧石器時代][縄文時代（中期～後期）][弥生時代（後期）][古墳時代][奈良時代][平安時代][中世][近世]","集落","[旧石器時代]ブロック　[縄文時代]住居　竪穴　[古墳時代]住居　[中世][近世]井戸　地下式土坑　[時期不明]ピット　溝","ナイフ形石器　削器　縄文土器　石器　土師器　鉄鏃　陶器　カワラケ　土師質土器　羽釜　内耳鍋　鉄片　石臼　板碑　漆器　桶",139.596436,35.659981,"1"
1311200800,13112,"8","きぬたしょうがっこうまえおうけつぼぐん","砧小学校前横穴墓群","世田谷区 成城一丁目","[古墳時代]","横穴墓","","人骨",139.5981209,35.63537324,"1"
1311200900,13112,"9","きぬたちゅうがっこういせき","砧中学校遺跡","世田谷区 成城一丁目　 成城三丁目","[旧石器時代][縄文時代（早期～晩期）][弥生時代][古墳時代][平安時代][近世]","集落","[縄文時代]住居址　土坑　集石　ピット　礫群　[弥生時代]住居址　[古墳時代]住居址　古墳周溝　[古（以降）]集石土坑　土坑　ピット　溝　[近世]竪穴　土坑　ピット　溝","（縄文）縄文土器・石器　（弥生）土器、　（古墳）土師器・須恵器・石器・刀子　（近世）陶器",139.6006734,35.63379948,"1"
1311201002,13112,"10-2","きぬたちゅうがっこうこふんぐん2ごうこふん","砧中学校古墳群2号古墳","世田谷区 成城一丁目","[古墳時代]","古墳","","",139.6026937,35.63488369,"1"
1311201003,13112,"10-3","きぬたちゅうがっこうこふんぐん3ごうこふん","砧中学校古墳群3号古墳","世田谷区 成城一丁目","[古墳時代]","古墳","円墳　[古墳時代]周溝","",139.6017589,35.6335968,"1"
1311201004,13112,"10-4","きぬたちゅうがっこうこふんぐん4ごうこふん","砧中学校古墳群4号古墳","世田谷区 成城一丁目","[古墳時代]","古墳","※遺跡範囲のすべてが、世田谷区史跡砧中学校古墳群四号墳 円墳　[古墳時代]周溝　幅5～10ｍ　深2ｍ","土師器　直刀",139.6018616,35.63283375,"1"
1311201005,13112,"10-5","きぬたちゅうがっこうこふんぐん5ごうこふん","砧中学校古墳群5号古墳","世田谷区 成城一丁目","[古墳時代]","古墳","方墳","",139.6025804,35.63256549,"1"
1311201006,13112,"10-6","きぬたちゅうがっこうこふんぐん6ごうこふん","砧中学校古墳群6号古墳","世田谷区 成城一丁目","[古墳時代]","古墳","円墳","土師器　須恵器　直刀　刀子　鉄鏃　耳環　ガラス玉　歯",139.6034605,35.63282779,"1"
1311201007,13112,"10-7","きぬたちゅうがっこうこふんぐん7ごうこふん","砧中学校古墳群7号古墳","世田谷区 成城一丁目","[古墳時代]","古墳","","",139.6026937,35.63488369,"1"
1311201008,13112,"10-8","きぬたちゅうがっこうこふんぐん8ごうこふん","砧中学校古墳群8号古墳","世田谷区 成城一丁目","[古墳時代]","古墳","円墳[古墳時代]周溝","土師器　須恵器",139.600336,35.63324509,"1"
1311201009,13112,"10-9","きぬたちゅうがっこうこふんぐん9ごうふん","砧中学校古墳群9号墳","世田谷区 成城一丁目","[古墳時代]","古墳","古墳周溝","刀子",139.6012895,35.63365045,"1"
1311201800,13112,"18","しものしんめいいせき","下神明遺跡","世田谷区 成城一丁目　成城三丁目","[旧石器時代][縄文時代（早期・中期～後期）][弥生時代][古墳時代][奈良時代][平安時代][中世][近世]","集落","[旧石器時代]ブロック　ブロック　礫群　[縄文時代]土坑　ピット　土坑　[古墳時代]住居址　[平安時代]住居址　[近世]溝　土坑　ピット　溝","（旧石器）石器・剥片　（縄文）縄文土器・石器　（古墳）土師器・石器　（平安）土師器・須恵器・砥石　（近世）煙管",139.5990011,35.63509307,"1"
1311201900,13112,"19","かみのしんめいいせき","上神明遺跡","世田谷区 成城四丁目　 成城五丁目","[旧石器時代][縄文時代（早期～晩期）][弥生時代][古墳時代][平安時代][中世][近世]","集落","[縄文時代]住居　土坑　[弥生時代][古墳時代]住居　ピット群　方形周溝墓","石器　縄文土器　弥生土器　土師器　須恵器　鉄製品　土製品",139.5923661,35.6414265,"1"
1311202000,13112,"20","かみのしんめいおうけつぼぐん","上神明横穴墓群","世田谷区 成城四丁目","[古墳時代]","横穴墓","","人骨",139.5921314,35.64018666,"1"
1311202100,13112,"21","せいじょうがくえんおうけつぼぐん","成城学園横穴墓群","世田谷区 成城六丁目","[古墳時代]","横穴墓","","",139.6011518,35.64216405,"1"
1311202300,13112,"23","みやのはらいせき","宮之原遺跡","世田谷区 喜多見四丁目","[旧石器時代][縄文時代（早期～中期）][古墳時代][奈良時代][平安時代][近世]","集落","[縄文時代]集石　[弥生時代]住居　[古墳時代]住居","縄文土器　石器　弥生土器　土師器　須恵器　灰釉陶器　鉄鏃　刀子　鉄製農工具　土師質土器　瓦　砥石　土器片錘　土錘",139.5935426,35.62879711,"1"
1311202400,13112,"24","てんじんづかこふん","天神塚古墳","世田谷区 喜多見四丁目","[古墳時代]","古墳","円墳　[古墳時代]横穴式石室","",139.5968285,35.62662704,"1"
1311202500,13112,"25","いなりづかこふん","稲荷塚古墳","世田谷区 喜多見四丁目","[古墳時代]","古墳","※遺跡範囲のすべてが、世田谷区指定史跡稲荷塚古墳となっています。 円墳　[古墳時代]横穴式石室","土師器　須恵器　鉄鏃　刀子　玉類　直刀　圭頭大刀　耳環　骨片",139.5968872,35.6273663,"1"
1311203906,13112,"39-6","とのやまこふんぐん6ごうふん","殿山古墳群6号墳","世田谷区 大蔵六丁目","[古墳時代]","古墳","","",139.6084447,35.62630025,"1"
1311203907,13112,"39-7","とのやまこふんぐん7ごうふん","殿山古墳群7号墳","世田谷区 大蔵六丁目","[古墳時代]","古墳","円墳","直刀",139.6095248,35.6266142,"1"
1311203908,13112,"39-8","とのやまこふんぐん8ごうふん（たいしょうづか）","殿山古墳群8号墳（大将塚）","世田谷区 大蔵六丁目","[古墳時代]","古墳","円墳","鏃　刀",139.6107479,35.62564907,"1"
1311203909,13112,"39-9","とのやまこふんぐん9ごうふん","殿山古墳群9号墳","世田谷区 大蔵六丁目","[古墳時代]","古墳","円墳　[古墳時代]横穴式石室?","金銅装圭頭大刀",139.6116795,35.62648051,"1"
1311204500,13112,"45","にしやとおうけつぼぐん・にしやといせき","西谷戸横穴墓群・西谷戸遺跡","世田谷区 大蔵四丁目　 岡本三丁目","[旧石器時代][古墳時代][奈良時代][平安時代]","集落・横穴墓","[旧石器時代]ブロック　礫群　[古墳時代]33基　[奈良～平安時代]住居","縄文土器　弥生土器　土師器　須恵器　石器　鉄鏃　直刀　刀子　装飾品（玉類他）",139.611984,35.63039,"1"
1311204800,13112,"48","うえのだいいせき","上之台遺跡","世田谷区 砧八丁目　 祖師谷三丁目","[旧石器時代][縄文時代（早期～中期）][弥生時代（後期）][古墳時代][奈良時代][中世]","集落","[縄文時代]住居　集石　集石土坑　土坑　[古墳時代]住居　[時期不明]溝　段状遺溝","石器　縄文土器　石器　焼礫　弥生土器　土師器　須恵器　鉄鏃　鉄製品　青銅製品　泥人形",139.604996,35.64027,"1"
1311204900,13112,"49","おかもとやとおうけつぼぐん","岡本谷戸横穴墓群","世田谷区 岡本一丁目","[古墳時代][奈良時代]","横穴墓","","鉄鏃　刀子　鉄製品　円頭大刀　人骨",139.620575,35.624981,"1"
1311205000,13112,"50","どうがやとおうけつぼぐん","堂ヶ谷戸横穴墓群","世田谷区 岡本二丁目","[古墳時代]","横穴墓","5基以上","",139.61863,35.62468385,"1"
1311205100,13112,"51","おかもとはらおうけつぼぐん","岡本原横穴墓群","世田谷区 岡本二丁目","[古墳時代]","横穴墓","5基","",139.618622,35.621895,"1"
1311205200,13112,"52","どうがやといせき","堂ヶ谷戸遺跡","世田谷区 岡本一丁目　 岡本二丁目　 岡本三丁目","[旧石器時代][縄文時代（早期～晩期）][弥生時代（後期）][古墳時代][奈良時代][平安時代][中世][近世]","集落","[縄文時代]住居　集石　集石土坑　土坑　ピット　[弥生時代][古墳時代][奈良時代][平安時代]住居　竪穴　[近世]溝","石器　縄文土器　弥生土器　土製品　土師器　須恵器　鉄製品　銅鏃　玉類　陶磁器　砥石　煙管",139.620575,35.624981,"1"
1311205400,13112,"54","ふなばしほんむらきたいせき","船橋本村北遺跡","世田谷区 船橋四丁目　 船橋七丁目","[縄文時代（早期～中期）][古墳時代][奈良時代][平安時代]","集落","[縄文時代]集石　炉穴群　土坑　[奈良時代][平安時代]住居　井戸","縄文土器　石珠　土師器",139.619125,35.65461,"1"
1311206800,13112,"68","えんじょういんいせき","円乗院遺跡","世田谷区 代田二丁目","[縄文時代（早期）][弥生時代（後期）][古墳時代]","集落","[弥生時代]住居 竪穴 [弥生時代][古墳時代]住居 溝","縄文土器 弥生土器 石器 土師器",139.6633,35.65531,"1"
1311207800,13112,"78","うめがおかおうけつ","梅ヶ丘横穴","世田谷区 代田四丁目","[古墳時代]","横穴墓","1基","ガラス製小玉 人骨",139.6533,35.65788,"1"
1311208500,13112,"85","たもんやまいせき・みしゅくじょうあと","多聞山遺跡・三宿城跡","世田谷区 三宿二丁目","[縄文時代（早期～後期）][古墳時代][中世][近世]","集落 城館","[縄文時代]炉 土坑 [古墳時代]住居 [中世]溝","縄文土器 石器 土師器 炭化物",139.6755,35.65216,"1"
1311208600,13112,"86","さくらぎいせき","桜木遺跡","世田谷区 桜一丁目","[旧石器時代][縄文時代（早期～後期）][弥生時代（中期）][古墳時代][平安][その他（近代）]","集落","","縄文土器 石器 貝斧",139.6412,35.64488,"1"
1311210500,13112,"105","せたいせき・せたじょうせき","瀬田遺跡・瀬田城跡","世田谷区 瀬田一丁目 瀬田二丁目","[旧石器時代][縄文時代（早期～後期）][弥生時代（後期）][古墳時代][奈良時代][平安時代][中世][近世]","集落・城館","[旧石器時代]ブロック 礫群 [縄文時代]住居 土坑 ピット [弥生時代～古墳時代]住居 [奈良～平安時代]住居 [近世]ピット 土坑 井戸 溝 配石","石器 縄文土器 石器 礫 けつ状耳飾 弥生土器 土師器 須恵器 陶器 灰釉陶器 土製品 陶磁器",139.6318,35.61599,"1"
1311210700,13112,"107","しもやまいせき","下山遺跡","世田谷区 瀬田四丁目 瀬田五丁目","[旧石器時代][縄文時代（早期～晩期）][弥生時代（後期）][古墳時代][奈良時代][平安時代][中世][近世]","集落","[旧石器時代]ブロック 礫群 [縄文時代]住居 集石 炉穴 土坑 ピット [弥生時代]環濠 住居 方形周溝墓 墓壙 甕棺 溝状遺構 [古墳時代]住居 円形周溝墓 [奈良時代][平安時代]住居","ナイフ形石器 尖頭器 礫器 縄文土器 打斧 石鏃 土錘 けつ状耳飾 弥生土器 抉入石斧 石包丁 石皿 土師器 須恵器 土製紡錘車 土製勾玉 ソロバン玉状土製品 石櫃 陶磁器 カワラケ 瓦質土器 煙管 銭貨",139.6244,35.62158,"1"
1311210800,13112,"108","たまがわじんじゃこふん","玉川神社古墳","世田谷区 瀬田四丁目","[古墳時代]","古墳","円墳","直刀",139.626,35.62008,"1"
1311210900,13112,"109","たまがわじんじゃひがしおうけつぼぐん","玉川神社東横穴墓群","世田谷区 瀬田四丁目","[古墳時代]","横穴墓","2基","",139.6263,35.61977,"1"
1311211000,13112,"110","たきがやおうけつぼぐん","滝ヶ谷横穴墓群","世田谷区 瀬田四丁目","[古墳時代]","横穴墓","2基","人骨",139.6284,35.61925,"1"
1311211200,13112,"112","しもやまきたいせき","下山北遺跡","世田谷区 岡本一丁目","[旧石器時代][縄文時代（早期～前期）][弥生時代][古墳時代][中世][近世]","集落","[旧石器時代]ブロック [縄文時代]住居 集石 土坑 [弥生時代]住居 溝 [古墳時代]住居 [中世]掘立柱建物 井戸 [近世]建物 門","石器 縄文土器 石器 弥生土器 土師器 ガラス玉",139.6227,35.62252,"1"
1311211300,13112,"113","たまがわびょういんしたおうけつぼぐん","玉川病院下横穴墓群","世田谷区 瀬田四丁目","[古墳時代]","横穴墓","6基","鉄鏃 刀子 鹿角装刀子 耳環 人骨",139.625,35.62042,"1"
1311211400,13112,"114","たまがわじんじゃにしおうけつぼ","玉川神社西横穴墓","世田谷区 瀬田四丁目","[古墳時代]","横穴墓","","人骨",139.6257,35.6202,"1"
1311211500,13112,"115","かみのげいなりづか（にしおか5ごうふん）こふん","上野毛稲荷塚（西岡5号墳）古墳","世田谷区 上野毛二丁目","[古墳時代]","古墳","※遺跡範囲のすべてが、世田谷区指定史跡上野毛稲荷塚古墳となっています。 円墳・前方後円墳 [旧石器時代]ブロック [縄文時代]住居 集石 土坑 [弥生時代]住居 溝 [古墳時代]住居 [中世]掘立柱建物 井戸 [近世]建物 門","直刀",139.6371,35.60871,"1"
1311211700,13112,"117","かまがやいせき","鎌ヶ谷遺跡","世田谷区 瀬田一丁目","[旧石器時代][縄文時代（早期～中期）][弥生時代（後期）][古墳時代][奈良時代][平安時代][中世][近世]","集落","[旧石器時代]ブロック 礫群 [縄文時代]土坑 ピット [弥生時代][古墳時代]V字溝 溝状遺構","縄文土器 石器 弥生土器 土師器 須恵器 陶器",139.6336,35.6134,"1"
1311211800,13112,"118","やがわうえおうけつぼぐん","谷川上横穴墓群","世田谷区 野毛一丁目","[古墳時代]","横穴墓","","人骨",139.6437,35.60312,"1"
1311211900,13112,"119","てんじんやまこふん","天神山古墳","世田谷区 野毛一丁目","[古墳時代]","古墳","円墳 [古墳時代]周溝","",139.6454,35.60118,"1"
1311212000,13112,"120","あたごやまおうけつ","あたご山横穴","世田谷区 奥沢一丁目","[古墳時代]","横穴墓","","人骨",139.6785,35.60165,"1"
1311212100,13112,"121","やがわうえいせき","谷川上遺跡","世田谷区 野毛一丁目","[旧石器時代][縄文時代（中期）][古墳時代][中世][近世]","集落","[縄文時代]住居 ピット [中世][近世]竪穴土坑 溝","縄文土器 石器 土師器 陶磁器",139.6451,35.60425,"1"
1311212600,13112,"126","しものげきしおうけつぼぐん","下野毛岸横穴墓群","世田谷区 野毛三丁目","[古墳時代][奈良時代]","横穴墓","","須恵器 人骨",139.6397,35.60726,"1"
1311212700,13112,"127","のげおおつか（にしおか8ごうふん）こふん","野毛大塚(西岡8号墳)古墳","世田谷区 野毛一丁目","[古墳時代]","古墳","※遺跡範囲のすべてが、都指定史跡野毛大塚古墳となっています。 前方後円墳 帆立貝式 [古墳時代]石棺 木棺 粘土槨","土師器 鉄鎌 鉄斧 鉄鏃 刀子 埴輪 玉類 鏡 直刀 鉄剣 鉄矛 銅釧 短甲 頸甲 肩甲 冑 石製模造品 人骨 くし 靫 矢筒",139.6431,35.60508,"1"
1311212800,13112,"128","すくもづか（にしおか6ごう）こふん","スクモ塚(西岡6号)古墳","世田谷区 野毛三丁目","[古墳時代]","古墳","古墳周溝","縄文土器 土師器 埴輪",139.64,35.60704,"1"
1311212900,13112,"129","にしおか7ごうふん","西岡7号墳","世田谷区 野毛二丁目","[古墳時代]","古墳","","",139.641,35.60414,"1"
1311213000,13112,"130","とどろきけいこくおうけつぼぐん","等々力渓谷横穴墓群","世田谷区 等々力一丁目","[古墳時代]","横穴墓群","","土師器 須恵器 刀子 ガラス玉 耳環 人骨",139.6459,35.60491,"1"
1311213200,13112,"132","にしおか4ごうふん","西岡4号墳","世田谷区 等々力三丁目","[古墳時代]","古墳","円墳","柄鏡",139.6472,35.61179,"1"
1311213300,13112,"133","にしおか9ごうふん","西岡9号墳","世田谷区 等々力一丁目","[古墳時代]","古墳","円墳","",139.6466,35.60473,"1"
1311213400,13112,"134","みたけさん（にしおか10ごうふん）こふん","御岳山(西岡10号墳)古墳","世田谷区 等々力一丁目","[古墳時代]","古墳","円墳 [古墳時代]ピット 溝 周溝 粘土槨","土師器 須恵器 埴輪 七鈴鏡 直刀 短甲 円筒埴輪 形象埴輪",139.6479,35.6029,"1"
1311213500,13112,"135","だいにちづか（にしおか11ごうふん）","大日塚（西岡11号墳）","世田谷区 等々力二丁目","[古墳時代]","古墳","円墳","",139.6497,35.60318,"1"
1311213600,13112,"136","きつねづか（にしおか12ごうふん）こふん","狐塚(西岡12号墳)古墳","世田谷区 尾山台二丁目","[古墳時代]","古墳","円墳 [古墳時代]葺石 埴輪列","須恵器 埴輪",139.6515,35.60222,"1"
1311213700,13112,"137","おやまきたはらづか（にしおか13ごうふん）","尾山北原塚（西岡13号墳）","世田谷区 尾山台二丁目","[古墳時代]","古墳","円墳 [古墳時代]古墳周溝","円筒埴輪",139.6533,35.60129,"1"
1311213800,13112,"138","はちまんづか（にしおか14ごうふん・しんめいづか）こふん","八幡塚(西岡14号墳・神明塚)古墳","世田谷区 尾山台二丁目","[古墳時代][中世]","古墳","円墳","土師器 ヤリガンナ <U+9299>帯金具 刀身 石製模造品 銅鏡 直刀 鉄槍 鉄鏃 ガラス小玉",139.6552,35.60042,"1"
1311213900,13112,"139","てんぎょうづかこふん","天慶塚古墳","世田谷区 尾山台一丁目","[古墳時代]","古墳","帆立貝ないし造出付円墳 [古墳時代]古墳周溝","鉄鏃 ヤリガンナ 金具 鉄器 匂玉 直刀 <U+9299>帯飾板 石製模造品 経筒 人骨 円筒埴輪 壷形埴輪 土師器 縄文土器 土師質土器",139.6573,35.60068,"1"
1311214000,13112,"140","にしおか16ごうふん","西岡16号墳","世田谷区 尾山台一丁目","[古墳時代]","古墳","円墳","須恵器",139.6569,35.60042,"1"
1311214100,13112,"141","にしおか17ごうふん","西岡17号墳","世田谷区 尾山台一丁目","[古墳時代]","古墳","円墳","直刀",139.6566,35.59972,"1"
1311214500,13112,"145","おくさわだいいせき","奥沢台遺跡","世田谷区 奥沢六丁目 玉川田園調布二丁目","[旧石器時代][縄文時代（前期～後期）][弥生時代（後期）][古墳時代][近世]","集落","[縄文時代]住居 竪穴 炉 屋外炉 土坑 ピット [弥生時代]住居 [古墳時代]竪穴 [近世]ピット 土坑 井戸 溝","縄文土器 石器 けつ状耳飾 石棒 石製品 土製品 礫 弥生土器 陶磁器",139.6635,35.6037,"1"
1311214700,13112,"147","にしおかじゅうはちごうふん","西岡18号墳","世田谷区 玉川田園調布一丁目","[古墳時代]","古墳","円墳","直刀",139.6627,35.59994,"1"
1311215400,13112,"154","せいじょうえきいせき","成城駅遺跡","世田谷区 成城二丁目 成城六丁目","[縄文時代（中期）][古墳時代]","集落","[縄文時代]土坑 [古墳時代]住居址","縄文土器 剥片 土師器",139.5999,35.64037,"1"
1311215500,13112,"155","ふどうばし・ふどうざかいせき","不動橋・不動坂遺跡","世田谷区 成城三丁目 成城四丁目","[旧石器時代][縄文時代（早期～後期）][古墳時代]","集落","[古墳時代]住居 [時期不明]集石 焼土 土坑 井戸","石器 縄文土器 石器 土師器",139.5937,35.63851,"1"
1311215900,13112,"159","きたみじんやいせき","喜多見陣屋遺跡","世田谷区 喜多見一丁目 喜多見三丁目 喜多見四丁目","[旧石器時代][縄文時代（早期～晩期）][弥生時代（中期～後期][古墳時代][奈良時代][平安時代][中世][近世]","集落","[旧石器時代]ブロック [縄文時代]住居 炉穴 土坑 [弥生時代]住居 溝 [古墳時代]住居 竪穴 方形周溝墓 周溝 棺 墓壙 [奈良～平安時代]住居 地下式土坑 [中世～近世]掘立柱建物 ピット 礎石 土坑 井戸 溝 堀 池","石器 縄文土器 弥生土器 土師器 須恵器 埴輪 臼玉 ガラス玉 灰釉 緑釉 陶磁器 土師質土器 鉄製品 鉄鏃 釘 茶臼 羽口 瓦 板碑 銭貨 胞衣容器 人骨 灰釉陶器 円筒埴輪 土製品 鉱滓",139.5966,35.6261,"1"
1311219500,13112,"195","にしざんやきたいせき","西山野北遺跡","世田谷区 砧三丁目","[古墳時代]","包蔵地","","土師器",139.6107476,35.63635501,"1"
1311219700,13112,"197","いしいどみなみおうけつ","石井土南横穴","世田谷区 大蔵四丁目","[古墳時代][奈良時代]","横穴墓","","人骨",139.6109078,35.62903015,"1"
1311220000,13112,"200","かわらけづかいせき","土器塚遺跡","世田谷区 代沢一丁目 池尻四丁目","[旧石器時代][縄文時代（中期）][弥生時代（後期）][古墳時代]","集落","[弥生時代]後期住居跡 [近世以降]溝","縄文土器 弥生土器 石器 陶磁器類",139.6803853,35.65597217,"1"
1311220100,13112,"201","きへいやまいせき","騎兵山遺跡","世田谷区 池尻四丁目","[縄文時代（早期・中期）][古墳時代][近世][近代]","集落","[縄文時代]炉穴 住居 ピット [古墳時代]住居 [近世]建物基礎","縄文土器 陶磁器",139.679939,35.65312672,"1"
1311220300,13112,"203","だいたくりはらいせき","代田栗原遺跡","世田谷区 代田三丁目","[縄文時代][古墳時代][近世]","包蔵地","","縄文土器 石器 土師器 板碑",139.6583617,35.65471759,"1"
1311221500,13112,"215","しょうぎやまいせき","将監山遺跡","世田谷区 瀬田四丁目","[旧石器時代][縄文時代][古墳時代][奈良時代]","包蔵地","","剥片 縄文土器 石器 土師器 陶磁器",139.6279678,35.61990997,"1"
1311222200,13112,"222","とどろきねおうけつぼ","等々力根横穴墓","世田谷区 等々力一丁目","[古墳時代]","横穴墓","","人骨",139.6492212,35.60229563,"1"
1311223200,13112,"232","まつばいせき","松場遺跡","世田谷区 喜多見八丁目","[古墳時代][近世]","包蔵地","","土師器 カワラケ",139.5891994,35.63644473,"1"
1311223300,13112,"233","みしまのやしき・しもがくとうみなみいせき","三島野屋敷・下覚東南遺跡","世田谷区 喜多見九丁目","[縄文時代（草創期～中期）][弥生時代][古墳時代][奈良時代][平安時代][近世]","集落","","縄文土器 弥生土器 土師器 陶磁器",139.585719,35.64107299,"1"
1311223500,13112,"235","あいのはら","相之原遺跡","世田谷区 喜多見四丁目","[縄文時代（中期）][古墳時代][奈良時代][近世]","集落","[古墳時代]住居 [奈良時代]住居 ピット 土坑 溝 [近世]ピット","縄文土器 土師器 須恵器 鉄鏃 砥石 滑石製臼玉 石製模造品 陶磁器 鉄滓 埴輪 紡錘車",139.5926841,35.63108708,"1"
1311224200,13112,"242","しんぱちやまいせき","新八山遺跡","世田谷区 上北沢一丁目 桜上水五丁目","[縄文時代（中期）][古墳時代][近世]","集落","[縄文時代]ピット [近世]溝 土坑 ピット","縄文土器 土師器 磁器 石臼 陶磁器",139.6283087,35.66380693,"1"
1311224500,13112,"245","いしいどづか","石井土塚","世田谷区 大蔵三丁目","[古墳時代][奈良時代][平安時代][中世][近世]","塚？","方墳","",139.6073487,35.63401113,"1"
1311224700,13112,"247","しものだいせき","下野田遺跡","世田谷区 喜多見五丁目 喜多見六丁目 喜多見七丁目","[縄文時代（早期～晩期）][古墳時代][近世]","包蔵地","","縄文土器 石槍 石器 土師器 陶磁器",139.601044,35.63098942,"1"
1311224800,13112,"248","おかもとはらいせき","岡本原遺跡","世田谷区 岡本一丁目","[縄文時代（早期～中期）][古墳時代][中世][近世]","包蔵地","[古墳時代]溝","縄文土器 土師器 紡錘車 陶磁器",139.620332,35.62631979,"1"
1311225000,13112,"250","いなりまるきたいせき","稲荷丸北遺跡","世田谷区 上野毛三丁目","[縄文時代（早期～晩期）][古墳時代]","集落・貝塚","[縄文時代]住居 土坑 ピット [古墳時代]住居 掘立柱建物 土坑 [近世]ピット 溝?","石器 縄文土器 土錘 土製円板 けつ状耳飾 弥生土器 土師器 須恵器 装身具 陶磁器",139.6356912,35.61181815,"1"
1311225100,13112,"251","いなりまるこふん","稲荷丸古墳","世田谷区 上野毛三丁目","[古墳時代]","古墳","円墳 [古墳時代]礫槨 石槨 葺石","",139.6354509,35.6119298,"1"
1311225800,13112,"258","むかいのだいせき","向野田遺跡","世田谷区 砧七丁目 砧八丁目","[縄文時代（早期～後期）][古墳時代][近世]","集落","[縄文時代]集石 土坑群 ピット群","縄文土器 石器",139.6044304,35.63911735,"1"
1311226201,13112,"262-1","じんや1ごうふん","陣屋1号墳","世田谷区 喜多見一丁目","[古墳時代]","古墳","円墳 [古墳時代]周溝","土師器",139.5963457,35.62438351,"1"
1311226202,13112,"262-2","じんや2ごうふん","陣屋2号墳","世田谷区 喜多見一丁目","[古墳時代]","古墳","[古墳時代]葺石","土師器 埴輪（円筒、人物、形象）",139.5965603,35.62461026,"1"
1311226203,13112,"262-3","じんや3ごうふん","陣屋3号墳","世田谷区 喜多見四丁目","[古墳時代]","古墳","[古墳時代]石室","鉄鏃",139.5967525,35.62561757,"1"
1311226204,13112,"262-4","じんや4ごうふん","陣屋4号墳","世田谷区 喜多見三丁目","[古墳時代]","古墳","円墳 [古墳時代]周溝","土師器 須恵器 勾玉",139.5977481,35.62498966,"1"
1311226205,13112,"262-5","じんや5ごうふん","陣屋5号墳","世田谷区 喜多見四丁目","[古墳時代]","古墳","前方後円墳 帆立貝式 [古墳時代]周溝","土師器 須恵器 埴輪 臼玉",139.5961689,35.62565943,"1"
1311226206,13112,"262-6","じんや6ごうふん","陣屋6号墳","世田谷区 喜多見三丁目","[古墳時代]","古墳","円墳 [古墳時代]周溝","",139.597525,35.62551989,"1"
1311226207,13112,"262-7","じんや7ごうふん","陣屋7号墳","世田谷区 喜多見三丁目","[古墳時代]","古墳","","",139.5985464,35.62495129,"1"
1311226209,13112,"262-9","じんや9ごうふん","陣屋9号墳","世田谷区 喜多見四丁目","[古墳時代]","古墳","円墳 [古墳時代]周溝","",139.5968383,35.6270687,"1"
1311226210,13112,"262-10","じんや11ごうふん","陣屋11号墳","世田谷区 喜多見四丁目","[古墳時代]","古墳","※遺跡地図所在不明","",NA,NA,"1"
1311226211,13112,"262-11","じんや12ごうふん","陣屋12号墳","世田谷区 喜多見四丁目","[古墳時代]","古墳","※遺跡地図所在不明","",NA,NA,"1"
1311226213,13112,"262-13","じんや13ごうふん","陣屋13号墳","世田谷区 喜多見三丁目","[古墳時代]","古墳","[古墳時代]古墳周溝","土師器 須恵器",139.5994047,35.62492338,"1"
1311226214,13112,"262-14","じんや14ごうふん","陣屋14号墳","世田谷区 喜多見四丁目","[古墳時代]","古墳","[古墳時代]周溝","土師器 須恵器",139.5972675,35.62712451,"1"
1311226215,13112,"262-15","じんや15ごうふん","陣屋15号墳","世田谷区 喜多見四丁目","[古墳時代]","古墳","古墳周溝","土師器 須恵器 鉄製品（鋤鍬先）",139.5961517,35.62642685,"1"
1311226400,13112,"264","きたみしみずいせき","喜多見清水遺跡","世田谷区 喜多見五丁目","[縄文時代（早期・中期～後期）][古墳時代][奈良時代][平安時代][中世][近世]","集落","[奈良時代][平安時代]住居 [中世][近世]土坑 地下式土坑 井戸 溝","縄文土器 土師器 須恵器 土師質土器 陶磁器 石臼 鉄製品",139.6029495,35.62791983,"1"
1311226500,13112,"265","しものだやまいせき","下野田山遺跡","世田谷区 喜多見六丁目","[旧石器時代][古墳時代][奈良時代][平安時代][中世][近世]","集落","[旧石器時代]ブロック","石器 焼礫 土師器 陶器 カワラケ",139.6039245,35.6300624,"1"
1311226800,13112,"268","なかしんめいおうけつぼぐん","中神明横穴墓群","世田谷区 成城三丁目","[古墳時代]","横穴墓","7基","土師器 須恵器 刀子 人骨",139.596313,35.635624,"1"
1311227200,13112,"272","どうがやと１ごうふん","堂が谷戸1号墳","世田谷区 岡本三丁目","[古墳時代]","古墳","円墳 [古墳時代]周溝 幅4ｍ","縄文土器 土師器",139.616195,35.62453376,"1"
1311227300,13112,"273","しもやま１ごうふん","下山1号墳","世田谷区 瀬田四丁目","[古墳時代]","古墳","[古墳時代]円形周溝","土師器",139.6246235,35.62206395,"1"
1311228000,13112,"280","きたみなかどおりいせき","喜多見中通遺跡","世田谷区 喜多見七丁目","[縄文時代（中期～晩期）][古墳時代][奈良時代][平安時代][中世][近世]","集落","","土師器",139.5953277,35.63203595,"1"
1311228500,13112,"285","うなねほんむらいせき","宇奈根本村遺跡","世田谷区 宇奈根二丁目","[古墳時代][奈良時代][平安時代][中世][近世]","包蔵地","","土師器 陶磁器",139.6021049,35.62118808,"1"
1311228600,13112,"286","かみのだおうけつぼぐん","上野田横穴墓群","世田谷区 成城四丁目","[古墳時代]","横穴墓","2基","",139.5895642,35.64492327,"1"
1311228700,13112,"287","せんがわいせき","仙川遺跡","世田谷区 給田三丁目","[旧石器時代][縄文時代（前期）][古墳時代]","集落","[旧石器時代]ブロック [古墳時代]住居","",139.5875251,35.66436561,"1"
1311228800,13112,"288","おかもとまえこうちいせき","岡本前耕地遺跡","世田谷区 岡本二丁目","[縄文時代（早期～晩期）][弥生時代][古墳時代][奈良時代][平安時代][中世][近世]","集落","[縄文時代]集石 杭列 [近世]溝","縄文土器 石器 土製品 石製品 木製品 浮子 弥生土器 土師器 須恵器 灰釉 陶磁器",139.6192162,35.62029178,"1"
1311229400,13112,"294","ひがしやまいせき","東山遺跡","世田谷区 池尻一丁目 池尻二丁目","[旧石器時代][縄文時代（中期）][弥生時代][古墳時代]","集落","[縄文時代]竪穴 土坑","縄文土器 石器",139.6837499,35.647854,"1"
1311229600,13112,"296","とどろきはらいせき","等々力原遺跡","世田谷区 等々力一丁目","[旧石器時代][縄文時代（早期～後期）][弥生時代（後期）][古墳時代][中世][近世]","集落","[縄文時代]住居 土坑 [弥生時代]住居","石器 縄文土器 石器 弥生土器 陶磁器 銭貨",139.6479353,35.60406427,"1"
1311229700,13112,"297","とどろきねいせき","等々力根遺跡","世田谷区 等々力一丁目","[旧石器時代][縄文時代（早期～後期）][古墳時代][中世][近世]","集落","","縄文土器 石器 土製品 陶磁器 銭貨 鉄製品 土錘 砥石 瓦 土師質土器 硯 礫 埴輪 須恵器 金属製品 ガラス製品",139.6479182,35.60188694,"1"
1311230300,13112,"303","とどろきね1ごうふん","等々力根1号墳","世田谷区 等々力一丁目","[古墳時代]","古墳","[古墳時代]周溝","土師器",139.6552347,35.60028312,"1"
1311230700,13112,"307","のげ2ごうふん","野毛2号墳","世田谷区 野毛二丁目","[古墳時代]","古墳","[古墳時代]周溝","円筒埴輪 形象埴輪 須恵器坏身",139.6412044,35.60273978,"1"
1311230800,13112,"308","のげ3ごうふん","野毛3号墳","世田谷区 野毛二丁目","[古墳時代]","古墳","[古墳時代]主体部（礫槨）","",139.6409813,35.60318641,"1"
1311230900,13112,"309","のげ4ごうふん","野毛4号墳","世田谷区 野毛二丁目","[古墳時代]","古墳","[古墳時代]周溝","円筒埴輪",139.6427014,35.60145482,"1"
1311231000,13112,"310","のげ5ごうふん","野毛5号墳","世田谷区 野毛二丁目","[古墳時代]","古墳","[古墳時代]周溝","",139.6429074,35.60160835,"1"
1311231100,13112,"311","のげ6ごうふん","野毛6号墳","世田谷区 野毛二丁目","[古墳時代]","古墳","[古墳時代]周溝","土師器坏",139.643019,35.60131525,"1"
1311231300,13112,"313","のげおおはらおうけつぼぐん","野毛大原横穴墓群","世田谷区 野毛二丁目","[古墳時代]","横穴墓","","人骨 須恵器（長頸壺） 土師器（坏）",139.6410106,35.60389735,"1"
1311231500,13112,"315","みやのはら1ごうふん","宮之原1号墳","世田谷区 喜多見四丁目","[古墳時代]","古墳","形態（円墳） [古墳時代]周溝 横穴式石室","土師器 須恵器",139.5939716,35.62945464,"1"
1311231600,13112,"316","のげ7ごうふん","野毛7号墳","世田谷区 野毛一丁目","[古墳時代]","古墳","形態（ブリッジ付?円墳） [古墳時代]周溝","",139.6429716,35.60305022,"1"
1311231700,13112,"317","のげ8ごうふん","野毛8号墳","世田谷区 野毛一丁目","[古墳時代]","古墳","形態（ブリッジ付?円墳） [古墳時代]周溝","",139.6425424,35.60328401,"1"
1311231800,13112,"318","のげ9ごうふん","野毛9号墳","世田谷区 野毛一丁目 野毛二丁目","[古墳時代]","古墳","形態（円墳） [古墳時代]周溝","土師器",139.6433149,35.60128461,"1"
1311232200,13112,"322","おかもとはらみなみいせき","岡本原南遺跡","世田谷区 岡本一丁目","[縄文時代（早期・中期）][古墳時代]","集落","","",139.6206925,35.62435236,"1"
1311232300,13112,"323","しもやま2ごうふん","下山2号墳","世田谷区 瀬田五丁目","[古墳時代]","古墳","形態（円墳） [古墳時代]周溝","",139.6245549,35.62306863,"1"
1311232400,13112,"324","しもやま3ごうふん","下山3号墳","世田谷区 瀬田五丁目","[古墳時代]","古墳","形態（ブリッジ付円墳） [古墳時代]周溝","",139.6244004,35.62140811,"1"
1311232500,13112,"325","たいしどうしもほんむらいせき","太子堂下本村遺跡","世田谷区 三宿二丁目 太子堂三丁目","[旧石器時代][縄文時代（早期～後期）][古墳時代][奈良時代][平安時代][近世]","集落","","",139.6721799,35.65106232,"1"
1311232700,13112,"327","のげ10ごうふん","野毛10号墳","世田谷区 野毛二丁目","[古墳時代]","古墳","円墳 古墳周溝","土師器 須恵器",139.6431099,35.60170693,"1"
1311233000,13112,"330","のげ11ごうふん","野毛11号墳","世田谷区 野毛一丁目","[古墳時代]","古墳","円墳 古墳周溝","",139.6438857,35.60151491,"1"
1311233100,13112,"331","のげ12ごうふん","野毛12号墳","世田谷区 野毛一丁目","[古墳時代]","古墳","円墳 [古墳時代]周溝","",139.6428858,35.6032526,"1"
1311233400,13112,"334","のげ13ごうふん","野毛13号墳","世田谷区 野毛一丁目","[古墳時代]","古墳","方墳 [古墳時代]周濠","埴輪 土師器 鉄製品（鉄鎌）",139.6429373,35.6041005,"1"
1320201200,13202,"12","","立川市№12遺跡","立川市 柴崎町二丁目","[古墳時代]","古墳","","",139.4078046,35.69540865,"1"
1320201300,13202,"13","","立川市№13遺跡","立川市 柴崎町四丁目","[古墳時代]","古墳","","",139.4054696,35.68993898,"1"
1320201600,13202,"16","","立川市№16遺跡","立川市 柴崎町四丁目","[古墳時代]","古墳","","",139.404577,35.68968802,"1"
1320400400,13204,"4","さかうえおうけつぼぐん","坂上横穴墓群","三鷹市 大沢二丁目","[古墳時代][奈良時代]","横穴墓","","人骨　獣骨",139.5307326,35.68080221,"1"
1320400600,13204,"6","でやまいせき","出山遺跡","三鷹市 大沢二丁目","[旧石器時代][縄文時代（早期～後期）][古墳時代][近世]","集落","[旧石器時代]ユニット　礫群　[縄文時代]住居　小竪穴　集石　集石土坑　炉穴　土坑　溝状遺構","石器　縄文土器　石器　土師器　須恵器　カワラケ　陶磁器",139.5331371,35.67883908,"1"
1320400700,13204,"7","でやまおうけつぼぐん","出山横穴墓群","三鷹市 大沢二丁目","[古墳時代][奈良時代]","横穴墓","","須恵器　人骨",139.5318166,35.67846921,"1"
1320401100,13204,"11","のみずばしおうけつぼぐん","野水橋横穴墓群","三鷹市 大沢二丁目","[古墳時代][奈良時代]","横穴墓","","土師器　須恵器　人骨",139.5329231,35.67555183,"1"
1320401300,13204,"13","てんもんだいこうないこふん","天文台構内古墳","三鷹市 大沢二丁目","[古墳時代][奈良時代]","古墳","","",139.5389942,35.67418323,"1"
1320401400,13204,"14","ふるはちまんいせき","古八幡遺跡","三鷹市 大沢二丁目　 大沢五丁目","[旧石器時代][縄文時代（早期～晩期）][古墳時代][奈良時代][平安時代][中世][近世]","包蔵地","[縄文時代]集石","石器　縄文土器　石器　土器片錘　陶磁器　石臼　木製高杯　ガラス製品　銭貨　種子材",139.5358014,35.67239775,"1"
1320401900,13204,"19","はらおうけつぼぐん","原横穴墓群","三鷹市 大沢一丁目","[古墳時代][奈良時代]","横穴墓","4基","人骨",139.5400361,35.6739065,"1"
1320402100,13204,"21","はねざわだいおうけつぼぐん","羽根沢台横穴墓群","三鷹市 大沢四丁目","[古墳時代][奈良時代]","横穴墓","","薬壺形須恵器　人骨　銭貨",139.5406238,35.66868985,"1"
1320402200,13204,"22","おとうざかおうけつぼぐん","御塔坂横穴墓群","三鷹市 大沢四丁目","[古墳時代][奈良時代][近世]","横穴墓","","土師器　須恵器　人骨　陶器",139.5434357,35.66708379,"1"
1320600200,13206,"2","むさしこくふかんれんいせき","武蔵国府関連遺跡","府中市 日鋼町、片町一丁目、片町二丁目、片町三丁目 寿町一丁目、寿町二丁目、寿町三丁目、小柳町一丁目、小柳町二丁目 清水が丘一丁目、清水が丘二丁目、清水が丘三丁目 白糸台一丁目、白糸台二丁目、白糸台三丁目、白糸台四丁目、白糸台五丁目、白糸台六丁目 八幡町一丁目、八幡町二丁目、八幡町三丁目 府中町一丁目、府中町二丁目、府中町三丁目 分梅町一丁目、分梅町二丁目、分梅町三丁目 本宿町一丁目、本宿町二丁目、本宿町三丁目、本宿町四丁目 緑町一丁目、緑町二丁目、緑町三丁目 宮西町一丁目、宮西町二丁目、宮西町三丁目、宮西町四丁目、宮西町五丁目 宮町一丁目、宮町二丁目、宮町三丁目 美好町一丁目、美好町二丁目、美好町三丁目 若松町一丁目、若松町二丁目、若松町三丁目、日吉町 西府町一丁目、西府町二丁目、西府町三丁目、西府町四丁目、西府町五丁目、日新町二丁目","[旧石器時代][縄文時代][弥生時代][古墳時代][奈良時代][平安時代][中世][近世]","官衙・集落","奈良時代][平安時代]住居　掘立柱建物　土坑　柵　道路　溝　井戸　土壙墓　地下式横穴墓　火葬墓　火葬遺構","須恵器　土師器　二彩　緑釉　刀子　鉄鏃　鉄斧　紡錘車　石帯　土錘　瓦",139.4847811,35.67019899,"1"
1320600401,13206,"4-1","たかくらこふんぐん1ごうふん","高倉古墳群1号墳","府中市 分梅町一丁目","[古墳時代]","古墳","円墳　[古墳時代]周溝","",139.4664047,35.66767101,"1"
1320600402,13206,"4-2","たかくらこふんぐん2ごうふん","高倉古墳群2号墳","府中市 美好町三丁目","[古墳時代]","古墳","円墳　[古墳時代]周溝","土師器",139.4674728,35.66994331,"1"
1320600403,13206,"4-3","たかくらこふんぐん3ごうふん","高倉古墳群3号墳","府中市 美好町三丁目","[古墳時代]","古墳","円墳　[古墳時代]周溝","土師器　須恵器",139.4654823,35.66918099,"1"
1320600404,13206,"4-4","たかくらこふんぐん4ごうふん","高倉古墳群4号墳","府中市 美好町三丁目","[古墳時代]","古墳","円墳　[古墳時代]周溝","",139.4670391,35.66970076,"1"
1320600405,13206,"4-5","たかくらこふんぐん5ごうふん","高倉古墳群5号墳","府中市 片町二丁目","[古墳時代]","古墳","円墳　[古墳時代]周溝","土師器　土器",139.4689057,35.67005159,"1"
1320600406,13206,"4-6","たかくらこふんぐん6ごうふん","高倉古墳群6号墳","府中市 分梅町一丁目","[古墳時代]","古墳","円墳　[古墳時代]周溝　石室","鉄鏃　砥石　臼玉　直刀　短刀　耳環　刀子",139.4669734,35.66843915,"1"
1320600407,13206,"4-7","たかくらこふんぐん7ごうふん","高倉古墳群7号墳","府中市 分梅町一丁目","[古墳時代]","古墳","円墳　[古墳時代]周溝　石室","鉄鏃　刀子",139.4671582,35.66868743,"1"
1320600408,13206,"4-8","たかくらこふんぐん8ごうふん","高倉古墳群8号墳","府中市 分梅町一丁目","[古墳時代]","古墳","円墳　[古墳時代]周溝","",139.4667246,35.6685431,"1"
1320600409,13206,"4-9","たかくらこふんぐん9ごうふん","高倉古墳群9号墳","府中市 分梅町一丁目","[古墳時代]","古墳","円墳　[古墳時代]周溝　石室","鉄鏃　銅製品　小玉　はばき　耳環",139.4667531,35.66836457,"1"
1320600410,13206,"4-10","たかくらこふんぐん10ごうふん","高倉古墳群10号墳","府中市 分梅町一丁目","[古墳時代]","古墳","円墳　[古墳時代]周溝　石室","刀子　丸玉　切子玉　算盤玉　直刀　短刀　耳環",139.4664688,35.66853202,"1"
1320600411,13206,"4-11","たかくらこふんぐん11ごうふん","高倉古墳群11号墳","府中市 分梅町一丁目","[古墳時代]","古墳","円墳　[古墳時代]周溝","土師器",139.4665398,35.66836457,"1"
1320600412,13206,"4-12","たかくらこふんぐん12ごうふん","高倉古墳群12号墳","府中市 分梅町一丁目","[古墳時代]","古墳","円墳　[古墳時代]周溝","",139.4663764,35.66870528,"1"
1320600413,13206,"4-13","たかくらこふんぐん13ごうふん","高倉古墳群13号墳","府中市 分梅町一丁目","[古墳時代]","古墳","円墳　[古墳時代]周溝　石室","",139.4663479,35.66828946,"1"
1320600414,13206,"4-14","たかくらこふんぐん14ごうふん","高倉古墳群14号墳","府中市 分梅町一丁目","[古墳時代]","古墳","円墳　[古墳時代]周溝","",139.4661489,35.66828374,"1"
1320600415,13206,"4-15","たかくらこふんぐん15ごうふん","高倉古墳群15号墳","府中市 分梅町一丁目","[古墳時代]","古墳","円墳　[古墳時代]周溝","",139.4667744,35.66785631,"1"
1320600416,13206,"4-16","たかくらこふんぐん16ごうふん","高倉古墳群16号墳","府中市 分梅町一丁目","[古墳時代]","古墳","円墳　[古墳時代]周溝","",139.4668029,35.66801805,"1"
1320600417,13206,"4-17","たかくらこふんぐん17ごうふん","高倉古墳群17号墳","府中市 分梅町一丁目","[古墳時代]","古墳","円墳　[古墳時代]周溝","土師器",139.4664545,35.66794294,"1"
1320600419,13206,"4-19","たかくらこふんぐん19ごうふん","高倉古墳群19号墳","府中市 美好町三丁目","[古墳時代]","古墳","円墳　[古墳時代]周溝","",139.4655321,35.66955635,"1"
1320600420,13206,"4-20","たかくらこふんぐん20ごうふん","高倉古墳群20号墳","府中市 美好町三丁目","[古墳時代]","古墳","円墳　[古墳時代]周溝","土師器",139.4636625,35.67035912,"1"
1320600421,13206,"4-21","たかくらこふんぐん21ごうふん","高倉古墳群21号墳","府中市 美好町三丁目","[古墳時代]","古墳","円墳　[古墳時代]周溝","",139.4634424,35.66980022,"1"
1320700100,13207,"1","やまのかみいせき","山ノ神遺跡","昭島市 拝島町三丁目","[古墳時代]","集落","[古墳時代]住居","土師器 土製支脚 ろう石製玉",139.3352492,35.71278556,"1"
1320702100,13207,"21","","昭島市№21遺跡","昭島市 福島町二丁目","[古墳時代]","古墳","[古墳時代]横穴式石室","土師器 鉄刀",139.3789227,35.6988614,"1"
1320702200,13207,"22","こうふくじだいいせき","広福寺台遺跡","昭島市 福島町二丁目","[縄文時代（前期～後期）][古墳時代][平安時代]","集落","[縄文時代（早期）]住居 集石","縄文土器 打斧 石匙 石錘 土師器 陶器",139.3790943,35.69852683,"1"
1320704300,13207,"43","じょうどこふんぐんいせき","浄土古墳群","昭島市 田中町二丁目","[古墳時代]","古墳","※遺跡範囲のすべてが昭島市指定史跡浄土古墳となっています。","縄文土器 打斧 耳環 素焼土器",139.354706,35.702305,"1"
1320704400,13207,"44","","昭島市№44遺跡","昭島市 大神町三丁目","[古墳時代][奈良時代]","古墳","[古墳時代]横穴式石室","直刀",139.3627552,35.69930957,"1"
1320704600,13207,"46","きょうづかしたこふん","経塚下古墳","昭島市 宮沢町","[古墳時代][奈良時代]","古墳","[古墳時代]竪穴式石室","鉄鏃 刀子",139.3650898,35.70053632,"1"
1320800500,13208,"5","せんがわいせき","仙川遺跡","調布市 仙川町二丁目　 仙川町三丁目","[旧石器時代][縄文時代（早期～中期）][弥生時代][古墳時代][近世]","包蔵地・集落","[旧石器時代]礫群　[縄文時代]集石　土坑　[古墳時代]住居　[近世]溝","ナイフ形石器　尖頭器　掻器　石核　剥片　縄文土器　打斧　弥生土器　土師器　須恵器　鉄製品　陶磁器",139.584402,35.66485111,"1"
1320800800,13208,"8","いりまちょうしろやまいせき","入間町城山遺跡","調布市 入間町一丁目　 入間町二丁目　 入間町三丁目","[旧石器時代][古墳時代][中世]","集落","[旧石器時代]礫群　石器ブロック　[縄文時代]住居　炉穴　土坑　[弥生時代]住居　土坑　[古墳時代][奈良時代]住居　土坑　溝　横穴墓　[中世]住居　地下式坑　溝　[時代不明]掘立柱建物","ナイフ形石器　尖頭器　縄文土器　石器　土師器　須恵器　埴輪　墨書土器　陶磁器　鉄製品　鉄滓　紡錘車　土製品　人骨",139.5872189,35.64995753,"1"
1320800900,13208,"9","がんざいせき","蟹沢遺跡","調布市 入間町三丁目","[旧石器時代][縄文時代（中期）][古墳時代][奈良時代][近世]","包蔵地","[近世]土壙墓","縄文土器　石器　土師器　陶磁器　石臼　鉄製品　人骨",139.5892481,35.64760604,"1"
1320801100,13208,"11","じゃくぼいせき","蛇久保遺跡","調布市 西つつじヶ丘一丁目","[旧石器時代][縄文時代（中期）][弥生時代][古墳時代][奈良時代][近世]","包蔵地・集落","[旧石器時代]石器集中箇所　炭化物集中箇所　[縄文時代]住居　集石　炉　焼土　土坑　土壙墓　埋甕　[古墳時代]住居　[近世]溝","ナイフ形石器　尖頭器　縄文土器　打斧　磨石　耳飾　勾玉　土師器　陶磁器",139.5649612,35.66571255,"1"
1320801300,13208,"13","なかだいいせき","中台遺跡","調布市 東つつじヶ丘二丁目　 東つつじヶ丘三丁目","[縄文時代（中期～後期）][古墳時代]","集落","[縄文時代]住居　敷石住居　集石　土坑　土壙墓　埋甕　[古墳時代]住居","縄文土器　石器　土製品　土師器　須恵器　紡錘車　陶磁器",139.5797814,35.65447452,"1"
1320801500,13208,"15","りょうやまいせき","陵山遺跡","調布市 入間町二丁目","[縄文時代（中期）][古墳時代]","包蔵地","","縄文土器",139.5829921,35.64979077,"1"
1320801900,13208,"19","ひがしはらいせき","東原遺跡","調布市 深大寺南町五丁目　 深大寺北町二丁目　 深大寺元町五丁目","[縄文時代（中期）][古墳時代][奈良時代][平安時代]","集落","[縄文時代]住居　陥し穴　埋甕　[古墳時代][奈良時代]住居　土坑","縄文土器　石器　土師器　須恵器",139.5527975,35.66987773,"1"
1320802000,13208,"20","にしはらいせき","西原遺跡","調布市 深大寺東町一丁目　 深大寺元町一丁目　 深大寺元町五丁目　 深大寺南町五丁目","[旧石器時代][縄文時代（中期）][古墳時代][奈良時代]","包蔵地","[縄文時代]竪穴状遺構","縄文土器　土師器",139.5554739,35.668594,"1"
1320802100,13208,"21","いけのうえいせき","池ノ上遺跡","調布市 深大寺南町一丁目　 深大寺南町四丁目　 深大寺元町二丁目","[縄文時代（早期～中期）][古墳時代][奈良時代]","包蔵地・集落","[縄文時代]竪穴状遺構　集石　[古墳時代]住居　[奈良時代]住居","縄文土器　石器　土師器　須恵器　鉄製品　円面硯",139.5545693,35.66449814,"1"
1320802300,13208,"23","じんだいじしろやまいせき","深大寺城山遺跡","調布市 深大寺元町二丁目","[縄文時代（早期～中期）][弥生時代][古墳時代][奈良時代][平安時代][中世]","包蔵地・集落・城館","[縄文時代]炉穴　陥し穴　[弥生時代]～[平安時代]住居　[中世]掘立柱建物　地下式坑　堀　土塁","縄文土器　石器　弥生土器　土師器　須恵器　鉄製品　カワラケ　銭貨　陶磁器　舶載陶磁器　鉄製品　銭貨",139.5504021,35.66519745,"1"
1320802400,13208,"24","おとうざかおうけつぼぐん","御塔坂横穴墓群","調布市 深大寺元町三丁目","[古墳時代][奈良時代]","横穴墓群　","6基","刀子　人骨　木片",139.546148,35.6658855,"1"
1320802500,13208,"25","うえのはらいせき","上野原遺跡","調布市 深大寺南町一丁目　 深大寺南町二丁目　 深大寺南町三丁目　 深大寺南町四丁目　　 深大寺南町五丁目　 佐須町五丁目　 柴崎二丁目","[旧石器時代][縄文時代（早期・後期）][古墳時代][奈良時代][平安時代][近世]","集落","[旧石器時代]礫群　[縄文時代]住居　集石　集石土坑　炉穴　陥し穴　土坑　[古墳時代]土壙墓　[平安時代]住居溝　[中世]土坑　地下室　濠　[中世][近世]溝　堀　[時代不明]掘立柱建物","ナイフ形石器　縄文土器　打斧　土師器　須恵器　陶器（灰釉）　鉄製品　木製品　陶磁器　ガラス",139.5588752,35.66405133,"1"
1320802600,13208,"26","かねこもとやま","金子本山遺跡","調布市 西つつじケ丘一丁目","[縄文時代][古墳時代][奈良時代][中世]","包蔵地","[中世]地下式土壙","縄文土器　土師器　鉄片　漆喰",139.5692242,35.66035436,"1"
1320802800,13208,"28","みやたまえいせき","宮田前遺跡","調布市 深大寺元町二丁目　佐須一丁目","[縄文時代][古墳時代][奈良時代][平安時代][中世]","集落","[奈良時代]竪穴住居　溝状遺構　小穴　[古墳時代]竪穴住居　溝状遺構　[古代]竪穴住居　小穴","縄文土器　土師器　蔵骨器　陶磁器　カワラケ　板碑　石製品（砥石）　須恵器　種子",139.5514406,35.66175237,"1"
1320803600,13208,"36","きたうらいせき","北浦遺跡","調布市 八雲台一丁目 八雲台二丁目","[旧石器時代][縄文時代（草創期～中期）][古墳時代][奈良時代][平安時代][中世][近世]","包蔵地・集落","[旧石器時代]遺物集中箇所 炭化物集中箇所 [縄文時代]集石 土坑 埋甕 [奈良時代][平安時代]住居 [近世]ピット 土坑 溝","尖頭器 礫器 剥片 縄文土器 有舌尖頭器 土師器 須恵器 陶磁器",139.5582019,35.653348,"1"
1320803700,13208,"37","ちょうふおかいせき","調布岡遺跡","調布市 国領町八丁目","[縄文時代（前期～中期）][古墳時代]","集落","[縄文時代]集石 土坑 [古墳時代]住居 [時代不明]溝","縄文土器 打斧 焼礫 土師器",139.5663076,35.64808642,"1"
1320803800,13208,"38","とびたきゅういせき","飛田給遺跡","調布市 飛田給一丁目 飛田給二丁目","[旧石器時代][縄文時代（前期～晩期）][古墳時代][奈良時代][平安時代][近世]","集落","[縄文時代]住居 敷石住居 集石 陥し穴 土坑 土器 棺墓 配石墓 埋甕 [古墳時代][奈良時代][平安時代]住居 掘立柱建物 土坑 溝 祭祀遺構 [中世][近世]住居 掘立柱建物 地下式土壙 土坑 溝","尖頭器 掻器 縄文土器 打斧 土錘 耳飾 土師器 須恵器 墨書土器 砥石 鉄鎌 刀子 鉄錐 鉄鏃 陶磁器 装身具 銭貨 人骨",139.5229111,35.65969456,"1"
1320803900,13208,"39","かみいしわらいせき","上石原遺跡","調布市 上石原二丁目","[縄文時代（早期～前期・後期～晩期）][古墳時代][平安時代][中世]","集落","[縄文時代]住居集石 陥し穴 [古墳時代]住居 掘立柱建物 ピット 溝 [奈良時代]住居 [平安時代]住居 掘立柱建物 ピット 土坑 集石土坑 溝 [中世]カワラケ工房","尖頭器 縄文土器 打斧 石錘 土製円板 土師器 須恵器 陶器(灰釉・二彩) 墨書土器 土製支脚 砥石 鉄鎌 鉄鏃 刀子 ヤリガンナ 紡錘車 <U+9299>帯 こう具 金属製品 銭貨 焼礫 カワラケ",139.528214,35.655678,"1"
1320804000,13208,"40","しもいしはらいせき","下石原遺跡","調布市 下石原三丁目","[縄文時代（早期・中期～後期）][古墳時代][奈良時代][平安時代][中世][近世]","城館","[縄文時代]住居 敷石住居 集石 炉穴 陥し穴 土壙墓 配石 [古墳時代]方形周溝墓 溝 [奈良時代][平安時代]住居 掘立柱建物 ピット 溝 井戸 火葬墓 [中世][近世]掘立柱建物 井戸 地下式土坑 溝 [近世]土坑","縄文土器 打斧 土師器 須恵器 墨書土器 陶器 支脚 砥石 台石 刀子 鉄鏃 鉄製紡錘車 土錘 銅製品 馬具 銭貨 石臼 板碑 蔵骨器 人骨 獣骨",139.53389,35.65073,"1"
1320804100,13208,"41","ももきばたいせき","百木畑遺跡","調布市 布田三丁目 布田四丁目","[古墳時代][奈良時代][平安時代][近世]","包蔵地","[時代不明]焼土 土坑","石器 土師器 須恵器 陶磁器",139.5469021,35.6494191,"1"
1320804400,13208,"44","こじまちょういせき","小島町遺跡","調布市 小島町三丁目","[縄文時代（中期）][古墳時代][奈良時代][平安時代][中世][近世]","包蔵地・集落","[縄文時代]住居炉穴 陥し穴 [古墳時代]住居 [奈良時代]住居 溝 鍛冶工房 [平安時代]住居 掘立柱建物 溝 [中世]住居 土坑 地下式土坑","縄文土器 石器 土製品 土師器 須恵器 墨書土器 鉄製品 羽口 鉄滓 陶器（灰釉) 陶磁器 銭貨",139.5386634,35.64730895,"1"
1320804500,13208,"45","かみふだいせき","上布田遺跡","調布市 布田三丁目 布田五丁目 布田六丁目 小島町三丁目","[旧石器時代][縄文時代（早期～晩期）][古墳時代][奈良時代][平安時代][中世][近世]","集落","[縄文時代]住居 竪穴状遺構 集石 土坑 炉 柱穴 土壙墓 埋甕 配石 [古墳時代]住居 溝 円形周溝 [奈良時代][平安時代]住居 掘立柱建物 柱穴 土坑 竈 溝 道路状遺構 鍛冶工房 火葬墓 井戸 [中世]地下式土坑 土壙墓 [中世][近世]掘立柱建物 集石 土坑 溝 [近世]土壙墓 溝 道路遺構 [平安時代]蔵骨器","縄文土器 石器 土製品 石製品 土師器 須恵器 墨書土器 陶器（灰釉） 土製支脚 鎌 刀子 土錘 羽口 <U+9299>帯 銅製丸鞘 陶磁器 カワラケ 硯 砥石 石臼 瓦 板碑 銭貨 鉄滓 人骨 打製石斧 敲石 石皿 石棒 金銅製巡方 鉄製品 石器及び焼礫 土師器甕及び須恵器蓋（人骨、墨書土器を含む） 木製品",139.5445643,35.64632794,"1"
1320804600,13208,"46","しもふだいせき","下布田遺跡","調布市 布田三丁目 布田六丁目","[縄文時代（早期～晩期）][古墳時代][奈良時代][平安時代][近世]","包蔵地・集落・古墳","[縄文時代]陥し穴 甕棺墓 土壙墓 埋甕 配石 [平安時代]住居 掘立柱建物 土坑 [奈良時代][平安時代][中世]土坑 土壙墓","縄文土器 石器 耳飾 石剣 石刀 石冠 土偶 土版 土師器 須恵器 墨書土器 石製品 鉄製品 紡錘車 陶磁器 板碑 五輪塔 鉄滓 獣骨",139.5495276,35.64537974,"1"
1320804700,13208,"47","こくりょうみなみいせき","国領南遺跡","調布市 国領町五丁目　 国領町六丁目","[旧石器時代][縄文時代（早期・中期）][古墳時代][奈良時代][平安時代][中世][近世]","集落","[縄文時代]住居　集石　陥し穴　埋甕　[古墳時代]方形周溝墓　土壙墓　[古墳時代][奈良時代][平安時代]住居　掘立柱建物　溝　[中世]地下式土坑　[近世]土坑　溝","ナイフ形石器　縄文土器　土製品　土師器　須恵器　鉄製品　陶磁器",139.5532333,35.64551589,"1"
1320804800,13208,"48","あげきゅういせき","上ヶ給遺跡","調布市 国領町四丁目　 国領町七丁目","[縄文時代（中期）][古墳時代][奈良時代][平安時代][中世][近世]","集落","[縄文時代]住居　集石　炉　貯蔵穴　陥し穴　土坑　[古墳時代]住居　土坑　道路　溝　土師器焼成工房　製鉄工房　[中世][近世]土坑　溝","縄文土器　石器　土師器　須恵器　鉄鎌　刀子　釘　鉄鏃　鉄滓　石製品　羽口　勾玉　管玉　陶磁器",139.5602214,35.6443852,"1"
1320804900,13208,"49","そめちいせき","染地遺跡","調布市 染地二丁目　 染地三丁目","[縄文時代（晩期）][弥生時代（後期）][古墳時代][奈良時代][平安時代]","集落","[弥生時代]住居　炉　[古墳時代]土坑　生産工房　[古墳時代][奈良時代][平安時代]住居　道路　溝　鍛冶工房　[中世]溝　濠　[近世]土葬墓","縄文土器　石器　石製品　弥生土器　土師器　須恵器　墨書土器　陶器（灰釉・緑釉）　紡錘車　勾玉　臼玉　ガラス玉　金属製品　陶磁器　板碑　小鉄仏　瓦　銭貨　木製品",139.5573796,35.64174287,"1"
1320805101,13208,"51-1","とびたきゅう1ごうふん","飛田給1号墳","調布市 飛田給二丁目","[古墳時代]","古墳","[古墳時代]周溝","土師器",139.5199084,35.65960051,"1"
1320805102,13208,"51-2","とびたきゅう2ごうふん","飛田給2号墳","調布市 飛田給二丁目","[古墳時代]","古墳","[古墳時代]周溝","土師器",139.5197901,35.65949224,"1"
1320805103,13208,"51-3","とびたきゅう3ごうふん","飛田給3号墳","調布市 飛田給二丁目","[古墳時代]","古墳","[古墳時代]周溝","土師器",139.5193283,35.65962784,"1"
1320805104,13208,"51-4","とびたきゅう4ごうふん","飛田給4号墳","調布市 飛田給二丁目","[古墳時代]","古墳","[古墳時代]周溝","土師器　青銅製品",139.5191167,35.65957043,"1"
1320805105,13208,"51-5","とびたきゅう5ごうふん","飛田給5号墳","調布市 飛田給二丁目","[古墳時代]","古墳","[古墳時代]周溝","",139.5202279,35.65927492,"1"
1320805106,13208,"51-6","さくらづか1ごうこふん","桜塚1号古墳","調布市 飛田給二丁目","[古墳時代]","古墳","","",139.5199443,35.65879903,"1"
1320805107,13208,"51-7","さくらづか2ごうこふん","桜塚2号古墳","調布市 飛田給二丁目","[古墳時代]","古墳","[古墳時代]横穴式石室","鉄鏃　刀子　玉類　金環　銀環　陶磁器",139.5219643,35.65781005,"1"
1320805108,13208,"51-8","さくらづか3ごうこふん","桜塚3号古墳","調布市 飛田給二丁目","[古墳時代]","古墳","[古墳時代]横穴式石室","刀子　棗玉　鍔　人骨",139.5224726,35.65715878,"1"
1320805109,13208,"51-9","さくらづか4ごうこふん","桜塚4号古墳","調布市 飛田給二丁目","[古墳時代]","古墳","","",139.520949,35.65888988,"1"
1320805110,13208,"51-10","さくらづか5ごうこふん","桜塚5号古墳","調布市 飛田給二丁目","[古墳時代]","古墳","[古墳時代]横穴式石室","須恵器",139.5223719,35.65734574,"1"
1320805111,13208,"51-11","さくらづか6ごうこふん","桜塚6号古墳","調布市 飛田給二丁目","[古墳時代]","古墳","[古墳時代]横穴式石室","鉄鏃",139.52045,35.65863669,"1"
1320805112,13208,"51-12","さくらづか7ごうこふん","桜塚7号古墳","調布市 飛田給二丁目","[古墳時代]","古墳","","",139.5213167,35.65864062,"1"
1320805113,13208,"51-13","さくらづか8ごうこふん","桜塚8号古墳","調布市 飛田給二丁目","[古墳時代]","古墳","","",139.5228838,35.65724595,"1"
1320805114,13208,"51-14","さくらづか9ごうこふん","桜塚9号古墳","調布市 飛田給二丁目","[古墳時代]","古墳","","",139.5234387,35.65688523,"1"
1320805201,13208,"52-1","しもいしはら1ごうこふん","下石原1号古墳","調布市 下石原三丁目","[古墳時代]","古墳","[古墳時代]横穴式石室","",139.5346863,35.64775163,"1"
1320805202,13208,"52-2","しもいしはら2ごうこふん","下石原2号古墳","調布市 下石原三丁目","[古墳時代]","古墳","[古墳時代]横穴式石室","",139.5345456,35.64756532,"1"
1320805301,13208,"53-1","かみふだ1ごうふん","上布田古墳1号墳","調布市 布田六丁目","[古墳時代]","古墳","[古墳時代]周溝　横穴式石室","ガラス玉",139.546303,35.64532781,"1"
1320805302,13208,"53-2","かみふだ2ごうふん","上布田古墳2号墳","調布市 布田六丁目","[古墳時代]","古墳","[古墳時代]横穴式石室","",139.5459479,35.64522562,"1"
1320805303,13208,"53-3","ふるてんじん1ごうふん","古天神1号墳","調布市 布田五丁目","[古墳時代]","古墳","円墳　[古墳時代]周溝　ブリッジ","土師器",139.543817,35.64474461,"1"
1321000302,13210,"3-2","まえはらよこあなぼ","前原横穴墓","小金井市 前原町三丁目","[古墳時代]","横穴墓","","人骨",139.5001,35.69833,"1"
1321001600,13210,"16","しちけんやいせき","七軒家遺跡","小金井市 前原町二丁目","[旧石器時代][縄文時代（草創期～後期）][古墳時代][中世][近世]","包蔵地","[時代不明]土坑 溝状遺構","有舌尖頭器 削器 剥片 縄文土器 打斧 磨石 土師器 陶磁器 カワラケ",139.5142,35.69129,"1"
1321001800,13210,"18","のがわなかすきたいせき","野川中洲北遺跡","小金井市 中町一丁目","[旧石器時代][縄文時代（草創期～早期・後期）][古墳時代][平安時代][中世][近世]","集落","[旧石器時代]ブロック 礫群 配石 炭化物集中 [縄文時代]住居 集石 土坑 ピット [平安時代]土坑 [中世]掘立柱建物 ピット 土坑 溝 [近世]ピット 土坑","ナイフ形石器 尖頭器 細石刃 打斧 局部磨斧 礫器 縄文土器 打斧 磨斧 石槍 有舌尖頭器 石鏃 石錘 石皿 磨石 敲石 木製品 土師器 刀子 陶磁器",139.5162,35.69313,"1"
1321001900,13210,"19","むさしのこうえんていしっちいせき","武蔵野公園低湿地遺跡","小金井市 東町五丁目","[旧石器時代][縄文時代（前期～後期）][古墳時代][中世][近世]","包蔵地","[時代不明]河道 土坑 丸木橋状遺構","石器 縄文土器 石斧 石鏃 石皿 磨石 木製品 漆塗りくし 土師器 板碑 銭貨 陶磁器",139.5198,35.69087,"1"
1321500101,13215,"10-1","あおやぎこふんぐん","青柳古墳","国立市 青柳","[古墳時代][近世]","古墳・その他の墓","[古墳時代]周溝 横穴式石室? [近世]墓壙","土師器 円筒埴輪 人物埴輪 刀 金環 轡 陶磁器 煙管 銭貨 人骨",139.4238271,35.68127692,"1"
1321500102,13215,"10-2","あおやぎ2ごうふん","青柳2号墳","国立市 青柳","[古墳時代]","古墳","","円筒埴輪",139.4249376,35.68107473,"1"
1321500103,13215,"10-3","しけんざけ1ごうふん","四軒在家1号墳","国立市 矢川三丁目","[古墳時代]","古墳","[古墳時代]横穴式石室 周溝","須恵器（長頸瓶） 刀装具（鐔・懸通孔金具等） 刀子 鉄鏃 装飾品（金環）",139.4261274,35.68151396,"1"
1321500104,13215,"10-4","しけんざけ2ごうふん","四軒在家2号墳","国立市 矢川三丁目","[古墳時代]","古墳","[古墳時代]横穴式石室 周溝","須恵器（フラスコ形瓶） 甕 装飾品（丸玉・小玉・臼玉）",139.4264654,35.68153487,"1"
1321500105,13215,"10-5","しけんざけ3ごうふん","四軒在家3号墳","国立市 矢川三丁目","[古墳時代]","古墳","[古墳時代]横穴式石室 周溝","須恵器（甕） 直刀 刀装具（鐔・責金・目釘） 刀子 鉄鏃 釘 装飾品（金環・丸玉・臼玉）",139.4262733,35.68127692,"1"
1321500106,13215,"10-6","しけんざけ4ごうふん","四軒在家4号墳","国立市 矢川三丁目","[古墳時代]","古墳","[古墳時代]横穴式石室 周溝","須恵器（フラスコ形瓶・甕） 土師器（坏） 刀装具（鐔・鞘口金具・責金） 鉄鏃 装飾品（金環・切子玉・管玉・丸玉・小玉・臼玉）",139.4259332,35.68114445,"1"
1321500107,13215,"10-7","しけんざけ5ごうふん","四軒在家5号墳","国立市 矢川三丁目","[古墳時代]","古墳","[古墳時代]横穴式石室 周溝","",139.4263592,35.68101199,"1"
1321500108,13215,"10-8","しけんざけ6ごうふん","四軒在家6号墳","国立市 矢川三丁目","[古墳時代]","古墳","[古墳時代]横穴式石室 周溝","須恵器（フラスコ形瓶） 土師器（坏・甕） 直刀 刀装具（把頭・鐔・鞘口金具・責金） 鉄鏃 釘 装飾品（金環）",139.4266027,35.68106079,"1"
1321500109,13215,"10-9","しけんざけ7ごうふん","四軒在家7号墳","国立市 矢川三丁目","[古墳時代]","古墳","[古墳時代]横穴式石室 周溝","主な出土品",139.4268055,35.68131875,"1"
1321500110,13215,"10-10","しけんざけ8ごうふん","四軒在家8号墳","国立市 矢川三丁目","[古墳時代]","古墳","[古墳時代]横穴式石室 周溝","須恵器（長頸瓶・フラスコ形瓶） 土師器（坏） 刀装具（把頭・鐔・鞘口金具・目釘） 刀子 鉄鏃 両頭金具 装飾品（金環・勾玉・丸玉）",139.4268055,35.68090741,"1"
1321500111,13215,"10-11","しけんざけ9ごうふん","四軒在家9号墳","国立市 矢川三丁目","[古墳時代]","古墳","[古墳時代]横穴式石室 周溝","須恵器（甕） 土師器（坏） 直刀 鉄鏃 装飾品（金環） 毛抜き",139.4260759,35.68096318,"1"
1321500112,13215,"10-12","しけんざけ10ごうふん","四軒在家10号墳","国立市 矢川三丁目","[古墳時代]","古墳","[古墳時代]横穴式石室 周溝","釘",139.4260502,35.68075403,"1"
1321500113,13215,"10-13","しけんざけ11ごうふん","四軒在家11号墳","国立市 青柳","[古墳時代]","古墳","[古墳時代]古墳の周溝","",139.4258356,35.68146516,"1"
1321500201,13215,"23-1","しもやぼ1ごうふん","下谷保1号墳","国立市 谷保","[古墳時代]","古墳","※遺跡範囲のすべてが国立市指定史跡下谷保1号墳となっています。 [古墳時代]横穴式石室 周溝","鉄鏃 板状鉄製品 直刀 刀装具",139.4483093,35.6775016,"1"
1321500202,13215,"23-2","しもやぼ2ごうふん","下谷保2号墳","国立市 谷保","[古墳時代]","古墳","円墳","",139.4487728,35.67706932,"1"
1321500203,13215,"23-3","しもやぼ3ごうふん","下谷保3号墳","国立市 谷保","[古墳時代]","古墳","円墳","",139.4492191,35.67669283,"1"
1321500204,13215,"23-4","しもやぼ4ごうふん","下谷保4号墳","国立市 谷保","[古墳時代]","古墳","","直刀",139.4483779,35.67831036,"1"
1321500205,13215,"23-5","やぼこふん","谷保古墳","国立市 谷保","[古墳時代]","古墳","円墳?","",139.4453395,35.680639,"1"
1321500206,13215,"23-6","しもやぼ5ごうふん","下谷保5号墳","国立市 谷保","[古墳時代]","古墳","円墳","須恵器",139.4487041,35.67764104,"1"
1321500207,13215,"23-7","","国立市№23-7遺跡","国立市 谷保","[古墳時代]","古墳","円墳 [古墳時代]周溝","",139.4457172,35.67959321,"1"
1321500208,13215,"23-8","しもやぼ6ごうふん","下谷保6号墳","国立市 谷保","[古墳時代]","古墳","[古墳時代]周溝","",139.4498199,35.6766231,"1"
1321500209,13215,"23-9","しもやぼ7ごうふん","下谷保7号墳","国立市 谷保","[古墳時代]","古墳","[古墳時代]（河原石積）横穴式石室","",139.4492362,35.67634421,"1"
1321500210,13215,"23-10","しもやぼ8ごうふん","下谷保8号墳","国立市 谷保","[古墳時代]","古墳","[古墳時代]周溝","",139.4480003,35.67758526,"1"
1321500211,13215,"23-11","しもやぼ9ごうふん","下谷保9号墳","国立市 谷保","[古墳時代]","古墳","[古墳時代]石室1基","鉄製品 石製品 ガラス製品 直刀 鉄鏃 刀子 毛抜き",139.4477771,35.67779443,"1"
1321500212,13215,"23-12","しもやぼ10ごうふん","下谷保10号墳","国立市 谷保","[古墳時代]","古墳","円墳 [古墳時代]石室1基 L字状墓3基","須恵器",139.4449447,35.67952349,"1"
1321501000,13215,"10","あおやぎこふんぐん","青柳古墳群","国立市 谷保 青柳","[古墳時代]","古墳","","",139.4237767,35.68191135,"1"
1321501100,13215,"11","あおやぎむめいふん","青柳無名墳","国立市 青柳","[古墳時代]","古墳","[古墳時代]石室?","埴輪 直刀 金環",139.424929,35.68186255,"1"
1321501200,13215,"12","しけんざけいせき","四軒在家遺跡","国立市 矢川三丁目","[旧石器時代][縄文時代（中期）][古墳時代][平安時代][近世]","集落","[縄文時代]敷石住居 住居跡 集石 土坑 ピット 埋設土器[中世][近世]溝状遺構 土坑 柱穴","縄文土器 剥片 円筒埴輪 打製石斧 異形土器（ミニチュア土器） ナイフ形石器 有舌尖頭器 石鏃 掻器 石匙 スタンプ形石器 土師器 坏 須恵器 陶磁器",139.4274159,35.6809353,"1"
1321501400,13215,"14","なんようじこふん","南養寺古墳","国立市 谷保","[古墳時代]","古墳","[古墳時代]横穴式石室","",139.4323515,35.67950363,"1"
1321501600,13215,"16","しんめいづかこふん","神明塚古墳","国立市 谷保","[古墳時代?]","古墳？","円墳?","",139.4372953,35.67972673,"1"
1321502200,13215,"22","しもやぼいせき","下谷保遺跡","国立市 谷保","[縄文時代（早期・中期）][古墳時代][平安時代][中世]","集落","[縄文時代]住居 竪穴状遺構 集石 土坑 [古墳時代]住居 土坑","縄文土器 打斧 局部磨製石斧 礫器 石槍 石鏃 掻器 楔形石器 石皿 磨石 スタンプ形石器 凹石 敲石 砥石 土師器 須恵器 管玉 陶磁器",139.4485839,35.6773761,"1"
1321502300,13215,"23","しもやぼこふんぐん","下谷保古墳群","国立市 谷保","[古墳時代]","古墳群","","",139.4470905,35.67877051,"1"
1321502400,13215,"24","やぼとうほういせき","谷保東方遺跡","国立市 谷保","[縄文時代（中期）][古墳時代][平安時代][近世]","集落","[縄文時代]住居 敷石住居 焼土 ピット 埋甕 [古墳時代]土坑 [平安時代]土坑 [近世]溝状遺構","縄文土器 打斧 磨斧 礫器 石鏃 石匙 石皿 磨石 石棒 三角柱状土製品 土師器 陶磁器",139.4500774,35.67593982,"1"
1321502800,13215,"28","いしづかこふん","石塚古墳","国立市 谷保","[古墳時代]","古墳","[古墳時代]周溝?","",139.4420115,35.68231222,"1"
1321801400,13218,"14","","福生市№14遺跡","福生市 熊川","[縄文時代][古墳時代]","包蔵地","","剥片 土師器",139.3486929,35.72266464,"1"
1321900100,13219,"1","こあだちまえはらきたいせき","小足立前原北遺跡","狛江市 西野川四丁目","[古墳時代][奈良時代][平安時代]","包蔵地","","土師器 須恵器",139.571069,35.64850383,"1"
1321900200,13219,"2","こあだちまえはらみなみいせき","小足立前原南遺跡","狛江市 西野川三丁目 西野川四丁目 和泉本町四丁目","[弥生時代][古墳時代][奈良時代][平安時代][近世]","集落","[古墳時代]住居","弥生土器 土師器 須恵器 陶器",139.5717728,35.64557441,"1"
1321900300,13219,"3","こあだちまえはらひがしいせき","小足立前原東遺跡","狛江市 西野川二丁目 西野川四丁目","[弥生時代][古墳時代][奈良時代]","包蔵地","[奈良時代]住居 土坑","弥生土器 土師器 須恵器",139.5735409,35.64782031,"1"
1321900400,13219,"4","みのわいせき","箕和遺跡","狛江市 西野川二丁目 西野川四丁目","[弥生時代][古墳時代]［奈良時代］[近世]","集落","[縄文時代]土坑 [古墳時代]住居 [奈良時代]住居","弥生土器 土師器 石製模造品 陶器",139.5743992,35.64949422,"1"
1321900500,13219,"5","みのわだ・きたくぼいせき","箕和田・北久保遺跡","狛江市 西野川二丁目 和泉本町三丁目","[縄文時代（中期）][弥生時代][古墳時代][奈良時代][平安時代][近世]","集落","[近世]溝状遺構 墓地","縄文土器 弥生土器 土師器 須恵器 陶磁器 鉄製品 銅製品 煙管 銭貨",139.5741074,35.64335636,"1"
1321900600,13219,"6","がくとうほんむらいせき","覚東本村遺跡","狛江市 西野川一丁目","[古墳時代][奈良時代][平安時代][近世]","包蔵地","","土師器 陶器",139.5765449,35.64579761,"1"
1321900700,13219,"7","こあだちなかむらきたいせき","小足立中村北遺跡","狛江市 東野川二丁目 東野川三丁目 西野川一丁目","[縄文時代（中期）][古墳時代][奈良時代][平安時代][近世]","集落","[奈良時代][平安時代]住居 [近世]建物 竪穴状遺構 土坑 井戸 溝 集石","縄文土器 石斧 石鏃 砥石 土師器 須恵器 陶磁器 硯 釘 木製品 銭貨",139.578934,35.644489,"1"
1321900800,13219,"8","こあだちなかむらみなみいせき","小足立中村南遺跡","狛江市 東野川二丁目 西野川一丁目","[弥生時代][古墳時代][奈良時代][平安時代]","集落","[平安時代]住居 掘立柱建物","弥生土器 土師器 須恵器",139.578934,35.644489,"1"
1321901000,13219,"10","みつおさひがしいせき","三長東遺跡","狛江市 東野川三丁目 東野川四丁目","[古墳時代][奈良時代][平安時代][近世]","集落","[古墳時代]住居 [時代不明]溝","土師器 須恵器 磁器 擂鉢 ホウロク カワラケ",139.5850765,35.64468162,"1"
1321901100,13219,"11","がくとうみしまにしいせき","覚東三島西遺跡","狛江市 東野川一丁目","[古墳時代][奈良時代][平安時代]","包蔵地","","土師器",139.580991,35.64324475,"1"
1321901300,13219,"13","がくとうみしまひがしいせき","覚東三島東遺跡","狛江市 東野川四丁目","[弥生時代][古墳時代]","包蔵地","","弥生土器 土師器",139.5852482,35.64222638,"1"
1321901400,13219,"14","いわとみしまいせき","岩戸三島遺跡","狛江市 岩戸北二丁目","[古墳時代]","包蔵地","","土師器",139.5845959,35.63984096,"1"
1321901600,13219,"16","まるやまにしいせき","丸山西遺跡","狛江市 和泉本町二丁目","[古墳時代]","包蔵地","","土師器",139.5774204,35.64172416,"1"
1321901700,13219,"17","まるやまひがしいせき","丸山東遺跡","狛江市 和泉本町二丁目","[古墳時代]","包蔵地","","土師器",139.5797893,35.63998033,"1"
1321901800,13219,"18","はらきたいせき","原北遺跡","狛江市 和泉本町一丁目","[縄文時代（中期）][弥生時代][古墳時代][奈良時代][平安時代][近世]","集落","[古墳時代]住居","縄文土器 弥生土器 土師器 須恵器 陶器 カワラケ",139.5774313,35.63893222,"1"
1321901900,13219,"19","いずみいせき","和泉遺跡","狛江市 和泉本町一丁目","[縄文時代][古墳時代][中世]","集落","[古墳時代]住居 [時代不明]竪穴状遺構 土坑 地下式土坑","縄文土器 土師器 須恵器",139.576985,35.63739759,"1"
1321902100,13219,"21","しゅくやしききたいせき","宿屋敷北遺跡","狛江市 岩戸北一丁目","[古墳時代][近世]","包蔵地","","土師器 陶器",139.5812533,35.63736093,"1"
1321902200,13219,"22","しゅくやしきにしいせき","宿屋敷西遺跡","狛江市 岩戸北一丁目 岩戸北三丁目","[縄文時代（中期）][古墳時代][奈良時代][近世]","集落","[縄文時代]土坑 [古墳時代]住居","縄文土器 土師器 須恵器 陶器",139.5809614,35.63543563,"1"
1321902300,13219,"23","しゅくやしきひがしいせき","宿屋敷東遺跡","狛江市 岩戸北一丁目 岩戸北三丁目","[弥生時代][古墳時代][近世]","包蔵地","[中世][近世]竪穴状遺構 [時代不明]溝","弥生土器 土師器 須恵器 陶器",139.5834677,35.63511474,"1"
1321902400,13219,"24","ふるやしきづかこふん","古屋敷塚古墳","狛江市 岩戸北三丁目","[古墳時代]","古墳","円墳","",139.5814931,35.63456801,"1"
1321902500,13219,"25","はしきたづかこふん","橋北塚古墳","狛江市 岩戸北三丁目","[古墳時代]","古墳","円墳 [古墳時代]周溝","",139.5825241,35.63423357,"1"
1321902600,13219,"26","うちきたやいせき","内北谷遺跡","狛江市 岩戸北三丁目","[古墳時代][奈良時代]","集落","[古墳時代][奈良時代]住居","土師器 須恵器",139.5824716,35.63342396,"1"
1321902700,13219,"27","まつばきたいせき","松場北遺跡","狛江市 岩戸北四丁目","[古墳時代][近世]","包蔵地","","土師器 陶器",139.58657,35.63511149,"1"
1321902800,13219,"28","まつばみなみいせき","松場南遺跡","狛江市 岩戸北四丁目 岩戸南二丁目","[古墳時代]","包蔵地","","土師器 須恵器",139.5884111,35.63334025,"1"
1321902900,13219,"29","ふるやしき・あいのはらいせき","古屋敷・相之原遺跡","狛江市 岩戸南二丁目 岩戸南三丁目","[縄文時代（草創期・中期～後期）][弥生時代][古墳時代][奈良時代][平安時代][近世]","集落","[弥生時代]住居 [古墳時代][奈良時代][平安時代]住居 [時代不明]土師器窯 土坑","縄文土器 有舌尖頭器 石鏃 弥生土器 土師器 須恵器 鉄鎌 鉄鏃 刀子 石製模造品 陶磁器",139.5904667,35.62996028,"1"
1321903000,13219,"30","つちやづかこふん","土屋塚古墳","狛江市 岩戸南一丁目","[古墳時代]","古墳","※遺跡範囲のすべてが狛江市指定史跡土屋塚古墳となっています。","円筒埴輪",139.5852881,35.63224173,"1"
1321903100,13219,"31","ふるやしきいせき","古屋敷遺跡","狛江市 岩戸南一丁目 岩戸南二丁目","[古墳時代][奈良時代][平安時代]","集落","[古墳時代]住居 [奈良時代]住居","土師器 須恵器 陶器（灰釉）",139.5852182,35.63103814,"1"
1321903200,13219,"32","やざきやまいせき","矢崎山遺跡","狛江市 猪方一丁目","[弥生時代（後期）][古墳時代]","集落","[弥生時代][古墳時代]住居","弥生土器 土師器 円筒埴輪",139.5840006,35.62841874,"1"
1321903300,13219,"33","しみずづか1ごうこふん","清水塚1号古墳","狛江市 猪方一丁目","[古墳時代]","古墳","円墳 [古墳時代]横穴式石室","",139.5814416,35.62960103,"1"
1321903400,13219,"34","しみずづか2ごうこふん","清水塚2号古墳","狛江市 猪方一丁目","[古墳時代]","古墳","円墳","",139.5818536,35.62937779,"1"
1321903500,13219,"35","しみずづか3ごうこふん","清水塚3号古墳","狛江市 猪方一丁目","[古墳時代]","古墳","円墳","",139.5823343,35.62939174,"1"
1321903600,13219,"36","てらまえひがしいせき","寺前東遺跡","狛江市 東和泉一丁目 東和泉二丁目 猪方一丁目","[縄文時代（早期～前期）][弥生時代][古墳時代][奈良時代][平安時代][中世][近世]","集落","[縄文時代]住居 [平安時代]住居 [時代不明]掘立柱建物 土坑 溝状遺構","縄文土器 打斧 石鏃 石皿 磨石 弥生土器 土師器 須恵器 陶器 カワラケ 釘 銭貨",139.5796233,35.62964658,"1"
1321903701,13219,"37-1","くぼ・まえはらいせき","久保・前原遺跡","狛江市 東和泉二丁目 猪方三丁目","[古墳時代][奈良時代][平安時代][近世]","集落","[古墳時代]周溝 [奈良時代][平安時代]住居 [時代不明]掘立柱建物 土坑","土師器 須恵器 陶器 鉄製品",139.5781127,35.62741413,"1"
1321903702,13219,"37-2","くぼ・まえはらこふん","久保・前原古墳","狛江市 猪方三丁目","[古墳時代]","古墳","[古墳時代]周溝","土師器 須恵器",139.5791941,35.62670252,"1"
1321903800,13219,"38","まえはらづかこふん","前原塚古墳","狛江市 猪方三丁目","[古墳時代]","古墳","円墳 [古墳時代]葺石? 横穴式石室?","土師器",139.5777007,35.62728855,"1"
1321903900,13219,"39","いのがたおがわづかこふん","猪方小川塚古墳","狛江市 猪方三丁目","[古墳時代]","古墳","円墳 [古墳時代]横穴式石室","",139.5769282,35.62564207,"1"
1321904000,13219,"40","たなか・てらまえいせき","田中・寺前遺跡","狛江市 東和泉一丁目 東和泉二丁目 元和泉一丁目 元和泉二丁目","[縄文時代（中期）][古墳時代][奈良時代][平安時代][中世][近世]","集落","[縄文時代]集石土坑 [古墳時代][奈良時代]住居 [近世]井戸 [時代不明]掘立柱建物 周溝状遺構","縄文土器 打斧 土師器 須恵器 陶磁器",139.5750064,35.63116728,"1"
1321904100,13219,"41","かめづかこふん","亀塚古墳","狛江市 元和泉一丁目","[古墳時代]","古墳","帆立貝式前方後円墳 [古墳時代]周溝 石棺 木炭槨 組合せ石棺","土師器 須恵器 円筒埴輪 管玉 ガラス玉 神人歌舞画像鏡 直刀 銀環 鈴釧 辻金具 金銅製装飾金具",139.5732061,35.63068772,"1"
1321904201,13219,"42-1","べんてんいけいせき","弁財天池遺跡","狛江市 中和泉一丁目","[旧石器時代][縄文時代（中期～後期）][弥生時代（後期）][古墳時代][奈良時代][平安時代][中世][近世]","集落","[旧石器時代]ブロック [縄文時代]住居 集石 土坑 [弥生時代][古墳時代]方形周溝墓 [古墳時代][奈良時代]住居 [奈良時代][平安時代]掘立柱建物 [中世][近世]土坑","ナイフ形石器 尖頭器 細石刃 縄文土器 打斧 石鏃 石皿 土製円板 石棒 弥生土器 槍先形鉄製品 鉄釧 銅釧 土師器 須恵器 紡錘車 銀製穂積具",139.575899,35.63310663,"1"
1321904202,13219,"42-2","べんてんいけこふん1ごうふん","弁財天池古墳1号墳","狛江市","[古墳時代]","古墳","円墳 [古墳時代]周溝","土師器 須恵器 鉄剣 勾玉 石製模造品",139.576929,35.63293921,"1"
1321904203,13219,"42-3","べんてんいけこふん2ごうふん","弁財天池古墳2号墳","狛江市","[古墳時代]","古墳","円墳 [古墳時代]周溝","土師器",139.5772551,35.63313454,"1"
1321904204,13219,"42-4","べんてんいけこふん3ごうふん","弁財天池古墳3号墳","狛江市","[古墳時代]","古墳","円墳 [古墳時代]周溝","須恵器",139.5774268,35.63281364,"1"
1321904300,13219,"43","いずみだぐらいせき","和泉駄倉遺跡","狛江市 東和泉一丁目","[縄文時代（中期～後期）][弥生時代（後期）][古墳時代][奈良時代][平安時代][近世]","集落","[縄文時代]住居 [弥生時代][古墳時代]住居 [奈良時代][平安時代]住居 掘立柱建物","縄文土器 弥生土器 土師器 須恵器 陶磁器",139.5794181,35.6316277,"1"
1321904401,13219,"44-1","だぐらづかこふん","駄倉塚古墳","狛江市 中和泉一丁目","[縄文時代（中期）][古墳時代][中世][近世]","包蔵地・古墳","円墳","円筒埴輪",139.5778903,35.63406932,"1"
1321904600,13219,"46","ひがしづかこふん","東塚古墳","狛江市 中和泉一丁目","[古墳時代]［中世］","古墳","円墳 [古墳時代]周溝 葺石","円筒埴輪",139.5767058,35.63531102,"1"
1321904700,13219,"47","きぬやまづかこふん","絹山塚古墳","狛江市 中和泉一丁目","[古墳時代]","貝塚","円墳 [古墳時代]周溝 礫槨","陶器 大刀 銭貨",139.5750224,35.6364584,"1"
1321904800,13219,"48","まつばらひがしいなりづかこふん","松原東稲荷塚古墳","狛江市 中和泉一丁目","[古墳時代]","古墳","円墳 [古墳時代]葺石 礫槨","鉄鏃 刀子 円筒埴輪 直刀",139.5751597,35.63545389,"1"
1321905000,13219,"50","きょうづかいせき","経塚遺跡","狛江市 中和泉一丁目","[縄文時代（中期）][古墳時代][奈良時代][平安時代]［中世］[近世]","集落","[縄文時代][古墳時代]住居 [奈良時代][平安時代]住居 [中世][近世]ビット群","縄文土器 石鏃 土師器 須恵器 鉄製品 陶器 カワラケ",139.574354,35.63372052,"1"
1321905100,13219,"51","きょうづかこふん","経塚古墳","狛江市 中和泉一丁目","[古墳時代][中世]","古墳","円墳 [古墳時代]周溝 葺石 石棺","打斧 埴輪 蔵骨器 板碑 陶磁器",139.5748851,35.63350064,"1"
1321905200,13219,"52","まとじめ1ごうふん","真刀自咩1号墳","狛江市 中和泉一丁目","[古墳時代]","古墳","円墳","",139.5738047,35.63351124,"1"
1321905300,13219,"53","まとじめ2ごうふん","真刀自咩2号墳","狛江市 中和泉一丁目","[古墳時代]","古墳","円墳","",139.5737532,35.63319034,"1"
1321905400,13219,"54","はしばいせき","橋場遺跡","狛江市 元和泉二丁目 中和泉三丁目","[縄文時代（中期）][古墳時代][近世]","集落","[古墳時代]住居","縄文土器 土師器 須恵器 土製模造品 陶器 カワラケ",139.569778,35.632286,"1"
1321905500,13219,"55","かぶとづかこふん","兜塚古墳","狛江市 中和泉三丁目","[古墳時代]","古墳","※遺跡範囲のすべてが東京都指定史跡兜塚古墳となっています。","円筒埴輪",139.5699584,35.63414243,"1"
1321905600,13219,"56","みやまえいせき","宮前遺跡","狛江市 中和泉一丁目 中和泉二丁目 中和泉三丁目","[縄文時代（中期）][弥生時代][古墳時代][奈良時代][近世]","集落","[古墳時代]住居","縄文土器 弥生土器 土師器 須恵器 カワラケ",139.570732,35.63620392,"1"
1321905700,13219,"57","いいだづかこふん","飯田塚古墳","狛江市 中和泉三丁目","[古墳時代]","古墳","円墳","",139.5724131,35.63559341,"1"
1321905800,13219,"58","しらいづかこふん","白井塚古墳","狛江市 中和泉三丁目","[古墳時代]","古墳","円墳 [時代不明]周溝","",139.5714347,35.63583059,"1"
1321905900,13219,"59","まつばらいせき","松原遺跡","狛江市 中和泉一丁目 中和泉二丁目 和泉本町一丁目 和泉本町三丁目","[縄文時代（中期）][古墳時代][奈良時代][平安時代][近世]","包蔵地","","縄文土器 土師器 須恵器 陶器 カワラケ",139.5733241,35.63785018,"1"
1321906000,13219,"60","ふじづかいせき","藤塚遺跡","狛江市 和泉本町四丁目","[古墳時代][平安時代][近世]","包蔵地","","土師器 陶器",139.5714705,35.6415338,"1"
1321906200,13219,"62","いなりまえいせき","稲荷前遺跡","狛江市 中和泉五丁目","[縄文時代（中期）][古墳時代][奈良時代][平安時代][近世]","包蔵地","","縄文土器 土師器 須恵器 陶器 カワラケ",139.5664751,35.64206392,"1"
1321906300,13219,"63","おばらいせき","小原遺跡","狛江市 中和泉二丁目 中和泉五丁目","[縄文時代（中期）][古墳時代][奈良時代][平安時代][近世]","包蔵地","","縄文土器 土師器 須恵器 陶器",139.5680071,35.63953211,"1"
1321906400,13219,"64","いりうえきたいせき","圦上北遺跡","狛江市 中和泉三丁目 中和泉四丁目","[縄文時代（中期）][古墳時代][奈良時代][近世]","集落","[古墳時代][奈良時代]住居","縄文土器 土師器 須恵器 陶器 墓石",139.5668685,35.63716992,"1"
1321906500,13219,"65","いりうえいせき","圦上遺跡","狛江市 中和泉三丁目 中和泉四丁目","[縄文時代（中期～晩期）][弥生時代][古墳時代][奈良時代][中世]","集落","[縄文時代]住居 [古墳時代]住居 [奈良時代]住居 [中世]地下式土坑","縄文土器 打斧 石鏃 石匙 石錐 凹石 耳飾 土製勾玉 石剣 岩版 土偶 弥生土器 土師器 須恵器 銭貨 陶磁器",139.5672118,35.63463074,"1"
1321906600,13219,"66","いりうえきょうづかこふん","圦上峡古墳遺跡","狛江市 中和泉四丁目","[古墳時代]","古墳","円墳 [古墳時代]横穴式石室","土師器 管玉 勾玉",139.5648085,35.63587244,"1"
1321906700,13219,"67","けいげんじ7ごうこふん","慶元寺7号古墳","狛江市 岩戸南三丁目","[古墳時代]","古墳","円墳 [古墳時代]横穴式石室?","縄文土器 土師器 陶磁器",139.5938484,35.62710282,"1"
1322700300,13227,"3","ねがらみまえいせき","根搦前遺跡","羽村市 羽加美二丁目 羽加美四丁目","[古墳時代]","包蔵地","","土師器 石皿 砥石? 土製支脚",139.3008473,35.76046634,"1"
1322700900,13227,"9","","羽村市№9遺跡","羽村市 川崎二丁目","[縄文時代（中期）][古墳時代][奈良時代][平安時代]","包蔵地","","縄文土器 打斧 土師器",139.3204245,35.75052753,"1"
1322900700,13229,"7","したのやいせき","下野谷遺跡","西東京市 東伏見二丁目 東伏見三丁目 東伏見六丁目","[旧石器時代][縄文時代(早期～後期)][弥生時代（後期）][古墳時代][平安時代][近世]","集落","[旧石器時代]ブロック 礫群 炭化物集中 [縄文時代]住居跡 掘立柱建物跡 竪穴 炉穴 陥し穴 集石土坑 土坑 ピット ピット列 埋設土器 [近世]竪穴 溝 道路 集石 配石 柵列 土坑 硬化面 畑 ピット","石器 剥片 焼礫 縄文土器 土錘 土製円盤 垂飾 耳栓 炭化物 矢柄研磨器 砥石 陶磁器 土師質土器 瓦質土器 銭貨 煙管 須恵器 管状土錘 土鈴 刀子 釘 弥生土器 土師器",139.5611,35.7257,"1"
1330300200,13303,"2","さやまいせき","狭山遺跡","瑞穂町 箱根ヶ崎","[旧石器時代][縄文時代（前期～中期）][弥生時代][古墳時代][平安時代]","集落","［時代不明］住居跡 炉 土坑 溝状遺構 溝","ナイフ形石器 尖頭器 細石刃 細石刃核 掻器 削器 石錐 旧石器 縄文土器 打斧 磨斧 有茎尖頭器 石鏃 石皿 磨石 凹石 敲石 土製円板 石器 弥生土器 土師器 須恵器 陶磁器 ガラス製品 金属製品 銭貨",139.3498167,35.77550709,"1"
1330301500,13303,"15","","瑞穂町№15遺跡","瑞穂町 殿ヶ谷","[縄文時代（中期）][古墳時代][奈良時代]","包蔵地","土坑","縄文土器 土師器 陶器 石皿",139.363253,35.76779775,"1"
