"JASID","自治体コード","遺跡番号","ふりがな","遺跡名","所在地","時代","種別","主な遺構/概要","主な出土品","経度","緯度","近世"
1310901500,13109,"15","おおいかしまいせき","大井鹿島遺跡","品川区 大井五丁目","[縄文時代][古墳時代][奈良時代][近世]","包蔵地・集落","[古墳時代][奈良時代]竪穴式住居跡　[近世]土坑　室状遺構","縄文土器　土師器　須恵器　陶磁器　紡錘車　土錘　釘　煙管　銭貨",139.7301397,35.59667274,"1"
1310902300,13109,"23","しながわだいば（だいいち）いせき","品川台場（第一）遺跡","品川区 東品川五丁目","[近世]","その他（台場）","","",139.7556128,35.6250581,"1"
1310902500,13109,"25","はりまのくにみかづきはんもりけかみやしきあといせき","播磨国三日月藩森家上屋敷跡遺跡","品川区 上大崎三丁目","[近世]","屋敷","[近世]上屋敷跡・上水施設・下水施設等","陶磁器　瓦",139.7164976,35.63288776,"1"
1310902600,13109,"26","じゅしょうじいせき","寿昌寺遺跡","品川区 東五反田三丁目","[近世]","その他の墓","[近世]甕棺墓　木棺墓","常滑甕　土製人形等",139.7301923,35.62916453,"1"
1310902700,13109,"27","みょうこくじきたいせき","妙国寺北遺跡","品川区 南品川二丁目","[近世]","社寺地","砂利採掘坑　石垣　土坑","陶磁器　瓦　鋳型　墓石　仏具",139.7434728,35.61231165,"1"
1310902800,13109,"28","いけだやまいせき","池田山遺跡","品川区 東五反田五丁目","[近世]","屋敷","水路　土坑　ピット","陶磁器　瓦　土器",139.7227202,35.62978169,"1"
1310902900,13109,"29","みなみしながわいしづみごがんいせき","南品川石積護岸遺跡","品川区 南品川一丁目","[近世]","その他（護岸跡）","石積護岸","陶磁器",139.744527,35.61387532,"1"
1311104800,13111,"48","しもぬまべかいづか","下沼部貝塚","大田区 田園調布本町","[縄文時代（早期～晩期）][弥生時代][近世]","集落・貝塚","[縄文時代]住居　集石　炉　炉穴　焼土　[弥生時代]住居　[近世]墓壙","縄文土器　打斧　磨斧　礫器　石槍　石鏃　掻器　石箆　石錘　石皿　磨石　凹石　敲石　石核　剥片　梵字形石器　耳飾　石棒　石剣　岩版　土版　昆虫形土製品　筒形土製品　獣骨　弥生土器　須恵器　埴輪　銭貨　人骨",139.6724802,35.58533812,"1"
1311109001,13111,"90-1","こうみょうじいせき","光明寺遺跡","大田区 鵜の木一丁目","[旧石器時代][縄文時代（早期）][弥生時代][古墳時代][奈良時代][中世][近世]","集落・その他（墓地）","[旧石器時代]石器集中　礫群　[縄文時代]陥し穴　[弥生時代]住居　方形周溝墓　[中世][近世]竪穴状遺構　墓地　集石土坑　集石","石器　礫　縄文土器　弥生土器　陶磁器　蔵骨器　板碑",139.684314,35.57385397,"1"
1311111000,13111,"110","さくらばしふきんいせき","桜橋付近遺跡","大田区 田園調布本町","[縄文時代（草創期～前期）][弥生時代（後期）][近世]","集落","[縄文時代]住居跡　土坑　[弥生時代]住居跡　土坑　[近世]竪穴状遺構　土坑","縄文土器　縄文石器　弥生土器",139.6744099,35.58633184,"1"
1311111901,13111,"119-1","ほんもんじきゅうごじゅうのとうあと","本門寺旧五重塔跡","大田区 池上一丁目","[近世]","社寺","","",139.7053013,35.57844868,"1"
1311111902,13111,"119-2","ほんもんじきゅうきょうぞうあと","本門寺旧経蔵跡","大田区 池上一丁目","[近世]","社寺","","",139.7047434,35.57911185,"1"
1311117200,13111,"172","いけがみにちょうめ1ばんいせき","池上二丁目1番遺跡","大田区 池上二丁目","[縄文時代（前期）][中世][近世]","包蔵地","[縄文時代]炉穴　[近世]供養塔　石組　石畳","縄文土器　カワラケ　蔵骨器　甕棺　板碑　石塔　経石",139.7038385,35.58116395,"1"
1311200100,13112,"1","からすやまいせき","烏山遺跡","世田谷区 北烏山六丁目　 北烏山七丁目　 北烏山八丁目　 北烏山九丁目","[旧石器時代][縄文時代（早期～後期）][古墳時代][奈良時代][平安時代][近世]","集落","ピット　陥穴　円形土坑　溝　畝　道路","縄文土器　石器　土師器　石墨　陶磁器　銭貨　煙管",139.59153,35.67412332,"1"
1311200300,13112,"3","そしがやおおみちきたいせき","祖師谷大道北遺跡","世田谷区 上祖師谷六丁目　上祖師谷七丁目　給田一丁目","[旧石器時代][縄文時代（中期～後期）][弥生時代（後期）][古墳時代][奈良時代][平安時代][中世][近世]","集落","[旧石器時代]ブロック　[縄文時代]住居　竪穴　[古墳時代]住居　[中世][近世]井戸　地下式土坑　[時期不明]ピット　溝","ナイフ形石器　削器　縄文土器　石器　土師器　鉄鏃　陶器　カワラケ　土師質土器　羽釜　内耳鍋　鉄片　石臼　板碑　漆器　桶",139.596436,35.659981,"1"
1311200500,13112,"5","めぐりさわきたいせき","廻沢北遺跡","世田谷区 船橋七丁目　 千歳台四丁目","[旧石器時代][縄文時代（早期～後期）][近世]","集落","[旧石器時代]ブロック　[縄文時代]住居　集石土坑　土坑　土壙　[近世]溝","ナイフ形石器　尖頭器　細石刃　細石刃核　掻器　削器　彫器　錐　斧形石器　敲石　石核　縄文土器　土製品　陶磁器　和釘　玩具",139.6152536,35.65838154,"1"
1311200600,13112,"6","とうがくいんいせき","東覚院遺跡","世田谷区 千歳台四丁目　 千歳台五丁目","[中世][近世]","包蔵地","[中世]地下式土壙","朱塗土器　板碑",139.6124427,35.65667294,"1"
1311200700,13112,"7","つりがねいけきたいせき","釣鐘池北遺跡","世田谷区 上祖師谷三丁目　 祖師谷六丁目","[縄文時代（早期～晩期）][平安時代][中世][近世]","集落","[縄文時代]住居　集石土坑　土坑　ピット　[平安時代][中世][近世]竪穴　ピット　土坑　溝　炭窯","縄文土器　打斧　磨斧　石鏃　土製円板　大珠　土師器　須恵器　土師質土器　陶磁器　カワラケ　銭貨",139.6035377,35.65423201,"1"
1311200900,13112,"9","きぬたちゅうがっこういせき","砧中学校遺跡","世田谷区 成城一丁目　 成城三丁目","[旧石器時代][縄文時代（早期～晩期）][弥生時代][古墳時代][平安時代][近世]","集落","[縄文時代]住居址　土坑　集石　ピット　礫群　[弥生時代]住居址　[古墳時代]住居址　古墳周溝　[古（以降）]集石土坑　土坑　ピット　溝　[近世]竪穴　土坑　ピット　溝","（縄文）縄文土器・石器　（弥生）土器、　（古墳）土師器・須恵器・石器・刀子　（近世）陶器",139.6006734,35.63379948,"1"
1311201800,13112,"18","しものしんめいいせき","下神明遺跡","世田谷区 成城一丁目　成城三丁目","[旧石器時代][縄文時代（早期・中期～後期）][弥生時代][古墳時代][奈良時代][平安時代][中世][近世]","集落","[旧石器時代]ブロック　ブロック　礫群　[縄文時代]土坑　ピット　土坑　[古墳時代]住居址　[平安時代]住居址　[近世]溝　土坑　ピット　溝","（旧石器）石器・剥片　（縄文）縄文土器・石器　（古墳）土師器・石器　（平安）土師器・須恵器・砥石　（近世）煙管",139.5990011,35.63509307,"1"
1311201900,13112,"19","かみのしんめいいせき","上神明遺跡","世田谷区 成城四丁目　 成城五丁目","[旧石器時代][縄文時代（早期～晩期）][弥生時代][古墳時代][平安時代][中世][近世]","集落","[縄文時代]住居　土坑　[弥生時代][古墳時代]住居　ピット群　方形周溝墓","石器　縄文土器　弥生土器　土師器　須恵器　鉄製品　土製品",139.5923661,35.6414265,"1"
1311202300,13112,"23","みやのはらいせき","宮之原遺跡","世田谷区 喜多見四丁目","[旧石器時代][縄文時代（早期～中期）][古墳時代][奈良時代][平安時代][近世]","集落","[縄文時代]集石　[弥生時代]住居　[古墳時代]住居","縄文土器　石器　弥生土器　土師器　須恵器　灰釉陶器　鉄鏃　刀子　鉄製農工具　土師質土器　瓦　砥石　土器片錘　土錘",139.5935426,35.62879711,"1"
1311205200,13112,"52","どうがやといせき","堂ヶ谷戸遺跡","世田谷区 岡本一丁目　 岡本二丁目　 岡本三丁目","[旧石器時代][縄文時代（早期～晩期）][弥生時代（後期）][古墳時代][奈良時代][平安時代][中世][近世]","集落","[縄文時代]住居　集石　集石土坑　土坑　ピット　[弥生時代][古墳時代][奈良時代][平安時代]住居　竪穴　[近世]溝","石器　縄文土器　弥生土器　土製品　土師器　須恵器　鉄製品　銅鏃　玉類　陶磁器　砥石　煙管",139.620575,35.624981,"1"
1311205300,13112,"53","はちまんやまいせき","八幡山遺跡","世田谷区 八幡山一丁目　 八幡山二丁目","[縄文時代（早期～後期）][中世][近世]","集落","[縄文時代]住居　[近世]竪穴　井戸　炭窯","縄文土器　石器　石皿　台石　砥石　土錘　陶器　瓦　砥石　石臼　鉄製品",139.62178,35.660549,"1"
1311205800,13112,"58","むかいやまいせき","向山遺跡","世田谷区 桜上水三丁目","[旧石器時代][縄文時代（中期）][中世][近世]","集落","[縄文時代]住居　竪穴　土坑　ピット　[中世]井戸　溝","",139.633484,35.660751,"1"
1311206200,13112,"62","あらいいせき","新井遺跡","世田谷区 赤堤一丁目","[縄文時代（早期・中期）][近世]","集落","[近世]溝","縄文土器　石器",139.641525,35.655247,"1"
1311206400,13112,"64","まえやといせき・あかつつみじんやあと","前谷戸遺跡・赤堤陣屋跡","世田谷区 赤堤一丁目　 赤堤二丁目　 豪徳寺一丁目","[旧石器時代][縄文時代（中期）][弥生時代][近世]","包蔵地・その他（陣屋）","","石器　縄文土器　弥生土器",139.641525,35.655247,"1"
1311206600,13112,"66","うしろやといせき","後谷戸遺跡","世田谷区 赤堤三丁目","[縄文時代（中期）][弥生時代][近世]","集落","[近世]溝","縄文土器　陶磁器　土師質土器　弥生土器",139.638824,35.658394,"1"
1311207000,13112,"70","ねづやまいせき","根津山遺跡","世田谷区 代田四丁目 松原六丁目","[旧石器時代][縄文時代（草創期～中期）][近世]","集落","","",139.6555,35.65914,"1"
1311207500,13112,"75","めいだいまええきいせき","明大前駅遺跡","世田谷区 松原一丁目","[縄文時代（後期）][近世]","集落","[縄文時代]竪穴 土坑 ピット [近世]井戸","縄文土器 石器",139.6512,35.66923,"1"
1311207600,13112,"76","まつばらはねぎどおりいせき","松原羽根木通遺跡","世田谷区 羽根木二丁目 松原一丁目 松原五丁目","[縄文時代（早期～晩期）][近世]","集落","[縄文時代]住居 掘立柱建物 竪穴 炉 焼土 土坑 ピット [近世]建物 溝","尖頭器 縄文土器 石器 石製品 陶磁器",139.6543,35.66495,"1"
1311208500,13112,"85","たもんやまいせき・みしゅくじょうあと","多聞山遺跡・三宿城跡","世田谷区 三宿二丁目","[縄文時代（早期～後期）][古墳時代][中世][近世]","集落 城館","[縄文時代]炉 土坑 [古墳時代]住居 [中世]溝","縄文土器 石器 土師器 炭化物",139.6755,35.65216,"1"
1311209600,13112,"96","じゃくずれいせき","蛇崩遺跡","世田谷区 下馬一丁目 池尻一丁目","[旧石器時代][縄文時代（早期～中期）][近世]","集落","[縄文時代]住居 集石 屋外炉 炉穴 土坑 [近世]溝","縄文土器 打斧 磨斧 土錘 土偶 土製品 陶磁器 銭貨",139.6846,35.6413,"1"
1311210500,13112,"105","せたいせき・せたじょうせき","瀬田遺跡・瀬田城跡","世田谷区 瀬田一丁目 瀬田二丁目","[旧石器時代][縄文時代（早期～後期）][弥生時代（後期）][古墳時代][奈良時代][平安時代][中世][近世]","集落・城館","[旧石器時代]ブロック 礫群 [縄文時代]住居 土坑 ピット [弥生時代～古墳時代]住居 [奈良～平安時代]住居 [近世]ピット 土坑 井戸 溝 配石","石器 縄文土器 石器 礫 けつ状耳飾 弥生土器 土師器 須恵器 陶器 灰釉陶器 土製品 陶磁器",139.6318,35.61599,"1"
1311210700,13112,"107","しもやまいせき","下山遺跡","世田谷区 瀬田四丁目 瀬田五丁目","[旧石器時代][縄文時代（早期～晩期）][弥生時代（後期）][古墳時代][奈良時代][平安時代][中世][近世]","集落","[旧石器時代]ブロック 礫群 [縄文時代]住居 集石 炉穴 土坑 ピット [弥生時代]環濠 住居 方形周溝墓 墓壙 甕棺 溝状遺構 [古墳時代]住居 円形周溝墓 [奈良時代][平安時代]住居","ナイフ形石器 尖頭器 礫器 縄文土器 打斧 石鏃 土錘 けつ状耳飾 弥生土器 抉入石斧 石包丁 石皿 土師器 須恵器 土製紡錘車 土製勾玉 ソロバン玉状土製品 石櫃 陶磁器 カワラケ 瓦質土器 煙管 銭貨",139.6244,35.62158,"1"
1311211100,13112,"111","しょうげんづか（にしおか2ごうふん）","将監塚（西岡2号墳）","世田谷区 瀬田四丁目","[中世][近世]","塚","","",139.6283,35.61972,"1"
1311211200,13112,"112","しもやまきたいせき","下山北遺跡","世田谷区 岡本一丁目","[旧石器時代][縄文時代（早期～前期）][弥生時代][古墳時代][中世][近世]","集落","[旧石器時代]ブロック [縄文時代]住居 集石 土坑 [弥生時代]住居 溝 [古墳時代]住居 [中世]掘立柱建物 井戸 [近世]建物 門","石器 縄文土器 石器 弥生土器 土師器 ガラス玉",139.6227,35.62252,"1"
1311211700,13112,"117","かまがやいせき","鎌ヶ谷遺跡","世田谷区 瀬田一丁目","[旧石器時代][縄文時代（早期～中期）][弥生時代（後期）][古墳時代][奈良時代][平安時代][中世][近世]","集落","[旧石器時代]ブロック 礫群 [縄文時代]土坑 ピット [弥生時代][古墳時代]V字溝 溝状遺構","縄文土器 石器 弥生土器 土師器 須恵器 陶器",139.6336,35.6134,"1"
1311212100,13112,"121","やがわうえいせき","谷川上遺跡","世田谷区 野毛一丁目","[旧石器時代][縄文時代（中期）][古墳時代][中世][近世]","集落","[縄文時代]住居 ピット [中世][近世]竪穴土坑 溝","縄文土器 石器 土師器 陶磁器",139.6451,35.60425,"1"
1311212300,13112,"123","しものげいせき","下野毛遺跡","世田谷区 野毛一丁目 野毛二丁目","[旧石器時代][縄文時代（早期～後期）][中世][近世]","集落","[縄文時代]住居 集石 炉 土坑","縄文土器 石器 剥片 礫 陶器",139.6424,35.60424,"1"
1311214300,13112,"143","すわやまいせき","諏訪山遺跡","世田谷区 奥沢一丁目 奥沢三丁目","[旧石器時代][縄文時代（早期～後期）][弥生時代（後期）][平安時代][中世][近世]","集落","[縄文時代]住居 竪穴 集石 集石土坑 焼土 土坑 ピット [平安時代]土坑 火葬墓 [中世]焼土 溝 [近世]溝","縄文土器 石器 土錘 耳栓 土製品 礫 土師器 須恵器 土師質土器 陶器 陶磁器 鉄板 人骨",139.6748,35.60334,"1"
1311214500,13112,"145","おくさわだいいせき","奥沢台遺跡","世田谷区 奥沢六丁目 玉川田園調布二丁目","[旧石器時代][縄文時代（前期～後期）][弥生時代（後期）][古墳時代][近世]","集落","[縄文時代]住居 竪穴 炉 屋外炉 土坑 ピット [弥生時代]住居 [古墳時代]竪穴 [近世]ピット 土坑 井戸 溝","縄文土器 石器 けつ状耳飾 石棒 石製品 土製品 礫 弥生土器 陶磁器",139.6635,35.6037,"1"
1311215900,13112,"159","きたみじんやいせき","喜多見陣屋遺跡","世田谷区 喜多見一丁目 喜多見三丁目 喜多見四丁目","[旧石器時代][縄文時代（早期～晩期）][弥生時代（中期～後期][古墳時代][奈良時代][平安時代][中世][近世]","集落","[旧石器時代]ブロック [縄文時代]住居 炉穴 土坑 [弥生時代]住居 溝 [古墳時代]住居 竪穴 方形周溝墓 周溝 棺 墓壙 [奈良～平安時代]住居 地下式土坑 [中世～近世]掘立柱建物 ピット 礎石 土坑 井戸 溝 堀 池","石器 縄文土器 弥生土器 土師器 須恵器 埴輪 臼玉 ガラス玉 灰釉 緑釉 陶磁器 土師質土器 鉄製品 鉄鏃 釘 茶臼 羽口 瓦 板碑 銭貨 胞衣容器 人骨 灰釉陶器 円筒埴輪 土製品 鉱滓",139.5966,35.6261,"1"
1311219600,13112,"196","あんどうけはかあと","安藤家墓跡","世田谷区 大蔵一丁目","[近世]","墓地","[近世]墓壙6","釘 木片 銭貨 人骨",139.617511,35.63322982,"1"
1311220100,13112,"201","きへいやまいせき","騎兵山遺跡","世田谷区 池尻四丁目","[縄文時代（早期・中期）][古墳時代][近世][近代]","集落","[縄文時代]炉穴 住居 ピット [古墳時代]住居 [近世]建物基礎","縄文土器 陶磁器",139.679939,35.65312672,"1"
1311220200,13112,"202","しんがんじふじづかいせき","森厳寺富士塚遺跡","世田谷区 代沢三丁目","[近世]","塚","","",139.6682249,35.65709041,"1"
1311220300,13112,"203","だいたくりはらいせき","代田栗原遺跡","世田谷区 代田三丁目","[縄文時代][古墳時代][近世]","包蔵地","","縄文土器 石器 土師器 板碑",139.6583617,35.65471759,"1"
1311220400,13112,"204","くりはらづか","栗原塚","世田谷区 代田三丁目","[近世]","その他（塚）","","",139.6560271,35.65329485,"1"
1311220900,13112,"209","せきやづか","関屋塚","世田谷区 桜新町一丁目","[中世][近世]","塚","","銭貨",139.6405734,35.62920097,"1"
1311221000,13112,"210","ながさきづかいせき","長崎塚遺跡","世田谷区 桜新町一丁目","[中世][近世]","その他（塚）","","陶磁器",139.641466,35.62864286,"1"
1311221200,13112,"212","せんぶづかいせき","千部塚遺跡","世田谷区 深沢五丁目","[中世][近世]","その他（塚）","","土師器",139.6508388,35.62021492,"1"
1311223200,13112,"232","まつばいせき","松場遺跡","世田谷区 喜多見八丁目","[古墳時代][近世]","包蔵地","","土師器 カワラケ",139.5891994,35.63644473,"1"
1311223300,13112,"233","みしまのやしき・しもがくとうみなみいせき","三島野屋敷・下覚東南遺跡","世田谷区 喜多見九丁目","[縄文時代（草創期～中期）][弥生時代][古墳時代][奈良時代][平安時代][近世]","集落","","縄文土器 弥生土器 土師器 陶磁器",139.585719,35.64107299,"1"
1311223500,13112,"235","あいのはら","相之原遺跡","世田谷区 喜多見四丁目","[縄文時代（中期）][古墳時代][奈良時代][近世]","集落","[古墳時代]住居 [奈良時代]住居 ピット 土坑 溝 [近世]ピット","縄文土器 土師器 須恵器 鉄鏃 砥石 滑石製臼玉 石製模造品 陶磁器 鉄滓 埴輪 紡錘車",139.5926841,35.63108708,"1"
1311223800,13112,"238","はちまんやまいなりまえいせき","八幡山稲荷前遺跡","世田谷区 八幡山一丁目","[縄文時代（早期・中期）][中世][近世]","集落","[縄文時代]土坑 ピット [中世][近世]溝 井戸 土坑 ピット","縄文土器 石器 土製品 陶磁器 土師質土器 煙管 鉄製石 碁石",139.6198115,35.66199384,"1"
1311223900,13112,"239","かねづか","カネ塚","世田谷区 南烏山二丁目","[中世][近世]","塚","","陶器 石碑",139.6082034,35.66783259,"1"
1311224000,13112,"240","こがやいせき","児ヶ谷遺跡","世田谷区 八幡山三丁目","[中世][近世]","包蔵地","","土師器 陶磁器",139.6136568,35.66900123,"1"
1311224100,13112,"241","まるしたいせき","丸下遺跡","世田谷区 八幡山一丁目 上北沢一丁目","[縄文時代（早期～中期）][近世]","集落","","縄文土器 石器",139.6237425,35.66276092,"1"
1311224200,13112,"242","しんぱちやまいせき","新八山遺跡","世田谷区 上北沢一丁目 桜上水五丁目","[縄文時代（中期）][古墳時代][近世]","集落","[縄文時代]ピット [近世]溝 土坑 ピット","縄文土器 土師器 磁器 石臼 陶磁器",139.6283087,35.66380693,"1"
1311224400,13112,"244","はんだづか","半田塚","世田谷区 松原六丁目","[近世]","塚","","陶磁器",139.648474,35.65996196,"1"
1311224500,13112,"245","いしいどづか","石井土塚","世田谷区 大蔵三丁目","[古墳時代][奈良時代][平安時代][中世][近世]","塚？","方墳","",139.6073487,35.63401113,"1"
1311224700,13112,"247","しものだいせき","下野田遺跡","世田谷区 喜多見五丁目 喜多見六丁目 喜多見七丁目","[縄文時代（早期～晩期）][古墳時代][近世]","包蔵地","","縄文土器 石槍 石器 土師器 陶磁器",139.601044,35.63098942,"1"
1311224800,13112,"248","おかもとはらいせき","岡本原遺跡","世田谷区 岡本一丁目","[縄文時代（早期～中期）][古墳時代][中世][近世]","包蔵地","[古墳時代]溝","縄文土器 土師器 紡錘車 陶磁器",139.620332,35.62631979,"1"
1311225200,13112,"252","まるやまきたいせき","丸山北遺跡","世田谷区 深沢五丁目","[近世]","包蔵地","","陶磁器",139.6466846,35.6185683,"1"
1311225800,13112,"258","むかいのだいせき","向野田遺跡","世田谷区 砧七丁目 砧八丁目","[縄文時代（早期～後期）][古墳時代][近世]","集落","[縄文時代]集石 土坑群 ピット群","縄文土器 石器",139.6044304,35.63911735,"1"
1311226000,13112,"260","かなくそやまいせき","かなくそやま遺跡","世田谷区 喜多見七丁目","[近世]","塚","円形墳丘","陶磁器 羽口 鉄滓",139.5969585,35.62931523,"1"
1311226400,13112,"264","きたみしみずいせき","喜多見清水遺跡","世田谷区 喜多見五丁目","[縄文時代（早期・中期～後期）][古墳時代][奈良時代][平安時代][中世][近世]","集落","[奈良時代][平安時代]住居 [中世][近世]土坑 地下式土坑 井戸 溝","縄文土器 土師器 須恵器 土師質土器 陶磁器 石臼 鉄製品",139.6029495,35.62791983,"1"
1311226500,13112,"265","しものだやまいせき","下野田山遺跡","世田谷区 喜多見六丁目","[旧石器時代][古墳時代][奈良時代][平安時代][中世][近世]","集落","[旧石器時代]ブロック","石器 焼礫 土師器 陶器 カワラケ",139.6039245,35.6300624,"1"
1311226900,13112,"269","しものだふどういせき","下野田不動遺跡","世田谷区 成城一丁目","[近世]","出土地","","和鏡",139.6033661,35.63189041,"1"
1311227400,13112,"274","たきがやいせき","滝ヶ谷遺跡","世田谷区 瀬田四丁目","[旧石器時代][縄文時代（早期～中期）][奈良時代][近世]","集落","[旧石器時代]ブロック 礫群 [縄文時代]住居 土坑 溝 [古墳時代]土坑? [奈良時代]住居","主な出土品",139.6263713,35.62034255,"1"
1311227800,13112,"278","からすやまじょう（とりで）せき・からすやまみなみはらいせき","烏山城(砦)跡・烏山南原遺跡","世田谷区 南烏山一丁目 南烏山二丁目","[旧石器時代][縄文時代（中期）][中世][近世]","集落・城館","[旧石器時代]ブロック 礫群 [近世]溝状遺構 [時期不明]溝","石器 焼礫 縄文土器 陶磁器",139.6085982,35.6676234,"1"
1311228000,13112,"280","きたみなかどおりいせき","喜多見中通遺跡","世田谷区 喜多見七丁目","[縄文時代（中期～晩期）][古墳時代][奈良時代][平安時代][中世][近世]","集落","","土師器",139.5953277,35.63203595,"1"
1311228100,13112,"281","たなおしいせき","田直遺跡","世田谷区 大蔵五丁目","[旧石器時代][縄文時代(早期～後期)][奈良時代][平安時代][中世][近世]","集落","[旧石器時代]ブロック [縄文時代]住居址 土坑 炉穴 集石 ピット 配石 遺物集中部 土器埋設土坑 [古代以降]溝 土坑 ピット [中世以降]土坑 [近世以降]段切り ピット","[旧石器時代]石器 [縄文時代]土器 石器 土製品 石製品（装飾品） [古代以降]土師器 須恵器 [中世以降]陶磁器 [近世以降]陶磁器",139.6064007,35.62882062,"1"
1311228500,13112,"285","うなねほんむらいせき","宇奈根本村遺跡","世田谷区 宇奈根二丁目","[古墳時代][奈良時代][平安時代][中世][近世]","包蔵地","","土師器 陶磁器",139.6021049,35.62118808,"1"
1311228800,13112,"288","おかもとまえこうちいせき","岡本前耕地遺跡","世田谷区 岡本二丁目","[縄文時代（早期～晩期）][弥生時代][古墳時代][奈良時代][平安時代][中世][近世]","集落","[縄文時代]集石 杭列 [近世]溝","縄文土器 石器 土製品 石製品 木製品 浮子 弥生土器 土師器 須恵器 灰釉 陶磁器",139.6192162,35.62029178,"1"
1311229600,13112,"296","とどろきはらいせき","等々力原遺跡","世田谷区 等々力一丁目","[旧石器時代][縄文時代（早期～後期）][弥生時代（後期）][古墳時代][中世][近世]","集落","[縄文時代]住居 土坑 [弥生時代]住居","石器 縄文土器 石器 弥生土器 陶磁器 銭貨",139.6479353,35.60406427,"1"
1311229700,13112,"297","とどろきねいせき","等々力根遺跡","世田谷区 等々力一丁目","[旧石器時代][縄文時代（早期～後期）][古墳時代][中世][近世]","集落","","縄文土器 石器 土製品 陶磁器 銭貨 鉄製品 土錘 砥石 瓦 土師質土器 硯 礫 埴輪 須恵器 金属製品 ガラス製品",139.6479182,35.60188694,"1"
1311230400,13112,"304","おやまきたはらいせき","尾山北原遺跡","世田谷区 尾山台二丁目","[縄文時代（早期）][近世]","包蔵地","[近世]ピット 礎石建物址","縄文土器 石器 礫 陶磁器 銭貨 煙管",139.6532037,35.60129069,"1"
1311231900,13112,"319","つるがくぼいせき","鶴ヶ久保遺跡","世田谷区 野沢一丁目 下馬三丁目","[旧石器時代][縄文時代（中期～後期）][近世]","集落","[縄文時代]住宅 竪穴 土坑 集石土坑 野外炉 屋外埋甕 伏甕 掘立柱建物跡 ピット [近世]～溝 地下式杭 井戸 土坑 建物跡 ピット","石器 縄文土器 土製品 石器 装飾品 陶磁器 土製品 石製品 銭貨 金属製品 硝子製品",139.6738242,35.63776747,"1"
1311232100,13112,"321","りょうのさかひがしいせき","寮の坂東遺跡","世田谷区 尾山台一丁目","[縄文時代（中期）][近世]","包蔵地","","",139.656326,35.599365,"1"
1311232500,13112,"325","たいしどうしもほんむらいせき","太子堂下本村遺跡","世田谷区 三宿二丁目 太子堂三丁目","[旧石器時代][縄文時代（早期～後期）][古墳時代][奈良時代][平安時代][近世]","集落","","",139.6721799,35.65106232,"1"
1311232600,13112,"326","まるやまひがしいせき","丸山東遺跡","世田谷区 深沢五丁目","[縄文時代][中世][近世]","包蔵地","","",139.6481265,35.61929394,"1"
1311233300,13112,"333","てんじんやまいせき","天神山遺跡","世田谷区 野毛一丁目","[旧石器時代][縄文時代（後期）][近世]","集落","","",139.645084,35.60138591,"1"
1320201400,13202,"14","おおわだいせき","大和田遺跡","立川市 柴崎町四丁目 錦町五丁目","[旧石器時代][縄文時代（早期・中期～後期）][奈良時代][平安時代][中世][近世]","集落","[縄文時代]住居 集石 土坑 [奈良時代][平安時代]住居 土坑 溝","尖頭器 礫器 縄文土器 打斧 磨斧 石皿 磨石 スタンプ形石器 土師器 須恵器 陶磁器 銭貨",139.4089033,35.69072429,"1"
1320201700,13202,"17","たちかわしやかたあと","立川氏館跡","立川市 柴崎町四丁目","[中世][近世]","包蔵地・城館","[中世][近世]土塁 堀 礎石建物 掘立柱建物 地下式横穴 井戸 溝 土坑","陶磁器 板碑 古銭 経石 瓦",139.4023111,35.69080339,"1"
1320201900,13202,"19","だいのしたいせき","台の下遺跡","立川市 富士見町三丁目","[縄文時代][奈良時代][平安時代][中世][近世]","集落","[平安時代]住居 土坑 [近世]水路 [時代不明]柱穴 溝状遺構","縄文土器 土師器 須恵器 陶磁器 緑釉陶器 灰釉陶器 鉄製品",139.3898832,35.69630088,"1"
1320202000,13202,"20","しもおおわだいせき","下大和田遺跡","立川市 柴崎町三丁目 柴崎町四丁目 錦町二丁目 錦町五丁目","[縄文時代（中期）][奈良時代][平安時代][近世]","集落","[旧石器時代]礫群 [縄文時代]土坑 ピット 埋甕 [奈良時代][平安時代]住居 掘立柱建物 土坑 ピット 溝状遺構 他","縄文土器 石器 土師器 須恵器 灰釉陶器 陶磁器 鉄製品",139.4104825,35.6913935,"1"
1320400100,13204,"1","あいしーゆーこうないいせきぐん","ICU構内遺跡群","三鷹市 大沢三丁目","[旧石器時代][縄文時代（早期～後期）][奈良時代][平安時代][近世]","集落","[旧石器時代]ユニット　礫群　[縄文時代]住居　小竪穴　土坑　配石","石器　縄文土器　石器　土製円板　耳栓　土偶　土師器　陶磁器",139.5281783,35.6866886,"1"
1320400200,13204,"2","のがわこうえんいせき","野川公園遺跡","三鷹市 大沢三丁目","[旧石器時代][縄文時代（中期）][近世]","包蔵地","","縄文土器　陶磁器",139.5294654,35.68325278,"1"
1320400500,13204,"5","さかしたいせき","坂下遺跡","三鷹市 大沢六丁目","[縄文時代（中期）][近世]","包蔵地","","縄文土器　石器　陶磁器",139.5272323,35.68011585,"1"
1320400600,13204,"6","でやまいせき","出山遺跡","三鷹市 大沢二丁目","[旧石器時代][縄文時代（早期～後期）][古墳時代][近世]","集落","[旧石器時代]ユニット　礫群　[縄文時代]住居　小竪穴　集石　集石土坑　炉穴　土坑　溝状遺構","石器　縄文土器　石器　土師器　須恵器　カワラケ　陶磁器",139.5331371,35.67883908,"1"
1320400800,13204,"8","あいそううらいせき","相曽浦遺跡","三鷹市 大沢二丁目","[縄文時代（前期～中期）][近世]","包蔵地","集石　配石　溝状遺構","縄文土器　石器　陶磁器",139.5311942,35.67851858,"1"
1320401200,13204,"12","てんもんだいこうないいせき","天文台構内遺跡","三鷹市 大沢二丁目","[旧石器時代][縄文時代（早期～中期）][奈良時代][平安時代][近世]","集落","[旧石器時代]ユニット　礫群　性格不明遺構　[縄文時代]住居　集石　集石土坑　土坑　[時代不明]ピット","石器　縄文土器　石器　土師器　陶磁器",139.5359284,35.67582296,"1"
1320401400,13204,"14","ふるはちまんいせき","古八幡遺跡","三鷹市 大沢二丁目　 大沢五丁目","[旧石器時代][縄文時代（早期～晩期）][古墳時代][奈良時代][平安時代][中世][近世]","包蔵地","[縄文時代]集石","石器　縄文土器　石器　土器片錘　陶磁器　石臼　木製高杯　ガラス製品　銭貨　種子材",139.5358014,35.67239775,"1"
1320401600,13204,"16","しみずばしいせき","清水橋遺跡","三鷹市 大沢四丁目","[縄文時代（中期）][奈良時代][平安時代][近世]","包蔵地","","縄文土器　石器　須恵器　カワラケ　陶磁器(灰釉・青磁）",139.5407272,35.66787721,"1"
1320401800,13204,"18","はらいせき","原遺跡","三鷹市 大沢一丁目","[旧石器時代][縄文時代（草創期～中期）][近世]","集落","[旧石器時代]ユニット　礫群　[縄文時代]住居　集石　集石土坑　溝状遺構　[時代不明]ピット","石器　縄文土器　石器　土製円板　人形状土製品　陶磁器　銭貨",139.5407709,35.67571175,"1"
1320402000,13204,"20","はねざわだいいせき","羽根沢台遺跡","三鷹市 大沢一丁目　 大沢四丁目","[旧石器時代][縄文時代（早期～中期）][近世]","集落","[旧石器時代]ユニット　礫群　[縄文時代]集石　集石土坑　炉穴　[時代不明]土坑　ピット　溝状遺構","ナイフ形石器　斧形石器　敲石　台石　礫　縄文土器　打斧　磨斧　石皿　磨石　スタンプ形石器　けつ状耳飾　陶磁器　銭貨",139.5404034,35.66997304,"1"
1320402200,13204,"22","おとうざかおうけつぼぐん","御塔坂横穴墓群","三鷹市 大沢四丁目","[古墳時代][奈良時代][近世]","横穴墓","","土師器　須恵器　人骨　陶器",139.5434357,35.66708379,"1"
1320402300,13204,"23","ながくぼいせき","長久保遺跡","三鷹市 新川六丁目","[旧石器時代][縄文時代（早期・中期）][近世]","包蔵地","[旧石器時代]ユニット　[縄文時代]土坑　[近世]土坑　ピット　地下室　溝　[時代不明]皿鉢状遺構","石器　縄文土器　石器　陶磁器　ガラス製品",139.5651184,35.68168289,"1"
1320402400,13204,"24","ながしまいせき","長嶋遺跡","三鷹市 新川三丁目　 新川六丁目","[旧石器時代][縄文時代（早期・中期～後期）][近世]","集落","[旧石器時代]ユニット　礫群　[縄文時代]集石　炉穴　陥し穴　[時代不明]ピット　溝状遺構","石器　縄文土器　陶磁器　石製品　銭貨　人骨",139.5677619,35.67933557,"1"
1320402500,13204,"25","みなみだいいせき","南台遺跡","三鷹市 新川六丁目","[縄文時代（前期～中期）][平安時代][近世]","包蔵地","","縄文土器　須恵器　磁器",139.5652209,35.67565823,"1"
1320600100,13206,"1","むさしこくぶんじあとかんれんいせき","武蔵国分寺跡関連遺跡","府中市 栄町一丁目　 栄町二丁目　 栄町三丁目　 武蔵台一丁目　 武蔵台二丁目","[旧石器時代][縄文時代（前期～後期）][奈良時代][平安時代][中世][近世]","集落","[旧石器時代]炭化物集中部　[縄文時代]集石　土坑　焼土　[奈良時代][平安時代]土坑　火葬墓　[平安時代]住居　掘立柱建物　土坑　道路　溝　[中世][近世]柱穴列　土坑　道路　溝","ナイフ形石器　尖頭器　細石刃　石核　縄文土器　打斧　磨斧　石鏃　石匙　石錐　石錘　ピエス・エスキーユ　石皿　スタンプ形石器　剥片　凹石　敲石　土師器　須恵器　陶器(緑釉・灰釉)　磁器　擂鉢　瓦　石製品　砥石　鉄製品　瓦　銭貨　漆紙文書　土製品　木製くし　煙管",139.470458,35.69050485,"1"
1320600200,13206,"2","むさしこくふかんれんいせき","武蔵国府関連遺跡","府中市 日鋼町、片町一丁目、片町二丁目、片町三丁目 寿町一丁目、寿町二丁目、寿町三丁目、小柳町一丁目、小柳町二丁目 清水が丘一丁目、清水が丘二丁目、清水が丘三丁目 白糸台一丁目、白糸台二丁目、白糸台三丁目、白糸台四丁目、白糸台五丁目、白糸台六丁目 八幡町一丁目、八幡町二丁目、八幡町三丁目 府中町一丁目、府中町二丁目、府中町三丁目 分梅町一丁目、分梅町二丁目、分梅町三丁目 本宿町一丁目、本宿町二丁目、本宿町三丁目、本宿町四丁目 緑町一丁目、緑町二丁目、緑町三丁目 宮西町一丁目、宮西町二丁目、宮西町三丁目、宮西町四丁目、宮西町五丁目 宮町一丁目、宮町二丁目、宮町三丁目 美好町一丁目、美好町二丁目、美好町三丁目 若松町一丁目、若松町二丁目、若松町三丁目、日吉町 西府町一丁目、西府町二丁目、西府町三丁目、西府町四丁目、西府町五丁目、日新町二丁目","[旧石器時代][縄文時代][弥生時代][古墳時代][奈良時代][平安時代][中世][近世]","官衙・集落","奈良時代][平安時代]住居　掘立柱建物　土坑　柵　道路　溝　井戸　土壙墓　地下式横穴墓　火葬墓　火葬遺構","須恵器　土師器　二彩　緑釉　刀子　鉄鏃　鉄斧　紡錘車　石帯　土錘　瓦",139.4847811,35.67019899,"1"
1320600300,13206,"3","みたけづか","御岳塚","府中市 本宿町一丁目","［縄文時代（前期～中期）］［奈良時代］［平安時代］[中世]［近世］","包蔵地・塚","[中世]周溝","",139.457327,35.67054776,"1"
1320701300,13207,"13","","昭島市№13遺跡","昭島市 田中町一丁目 大神町二丁目","[縄文時代（中期～後期）][近世]","包蔵地","","縄文土器 銭貨（永楽通宝）",139.3550932,35.70650192,"1"
1320701900,13207,"19","きょうづかしたいせき","経塚下遺跡","昭島市 中神町 宮沢町","[奈良時代][平安時代][中世][近世？]","集落","[平安時代]住居 土坑","土師器 須恵器 陶器（灰釉） 刀子 釘 青銅製品 硯 瓦 カワラケ",139.3659138,35.70134485,"1"
1320703600,13207,"36","かいせいえんいせき","偕生園遺跡","昭島市 田中町二丁目","[縄文時代（中期）][奈良時代][平安時代][近世]","包蔵地","[平安時代]ピット 土坑 溝状 遺構","縄文土器 土師器 須恵器 陶器 陶磁器 鉄釘",139.3561291,35.69947685,"1"
1320800100,13208,"1","みどりがおかいせき","緑ヶ丘遺跡","調布市 緑ヶ丘一丁目　 緑ヶ丘二丁目","[縄文時代（中期）][平安時代][中世][近世]","包蔵地・集落","[縄文時代]埋甕　[平安時代]火葬墓　[中世][近世]掘立柱建物","縄文土器　石器　土師器　須恵器　陶磁器　銭貨",139.5819554,35.66843074,"1"
1320800200,13208,"2","やしろだいせき","社田遺跡","調布市 緑ケ丘二丁目","[縄文時代][奈良時代][中世][近世]","包蔵地","","縄文土器　土師器　陶磁器",139.5850312,35.67069691,"1"
1320800500,13208,"5","せんがわいせき","仙川遺跡","調布市 仙川町二丁目　 仙川町三丁目","[旧石器時代][縄文時代（早期～中期）][弥生時代][古墳時代][近世]","包蔵地・集落","[旧石器時代]礫群　[縄文時代]集石　土坑　[古墳時代]住居　[近世]溝","ナイフ形石器　尖頭器　掻器　石核　剥片　縄文土器　打斧　弥生土器　土師器　須恵器　鉄製品　陶磁器",139.584402,35.66485111,"1"
1320800700,13208,"7","おおはらいせき","大原遺跡","調布市 入間町一丁目","[縄文時代（早期・中期）][奈良時代][中世][近世]","包蔵地","[中世][近世]溝状遺構","縄文土器　土師器　陶器",139.5854034,35.65376101,"1"
1320800900,13208,"9","がんざいせき","蟹沢遺跡","調布市 入間町三丁目","[旧石器時代][縄文時代（中期）][古墳時代][奈良時代][近世]","包蔵地","[近世]土壙墓","縄文土器　石器　土師器　陶磁器　石臼　鉄製品　人骨",139.5892481,35.64760604,"1"
1320801000,13208,"10","みなみだいいせき","南台遺跡","調布市 深大寺東町四丁目　 深大寺東町五丁目　 深大寺東町六丁目","[縄文時代（中期～晩期）][奈良時代][平安時代][近世]","包蔵地","","縄文土器　土師器",139.5578128,35.67407388,"1"
1320801100,13208,"11","じゃくぼいせき","蛇久保遺跡","調布市 西つつじヶ丘一丁目","[旧石器時代][縄文時代（中期）][弥生時代][古墳時代][奈良時代][近世]","包蔵地・集落","[旧石器時代]石器集中箇所　炭化物集中箇所　[縄文時代]住居　集石　炉　焼土　土坑　土壙墓　埋甕　[古墳時代]住居　[近世]溝","ナイフ形石器　尖頭器　縄文土器　打斧　磨石　耳飾　勾玉　土師器　陶磁器",139.5649612,35.66571255,"1"
1320801600,13208,"16","しゅくいせき","宿遺跡","調布市 深大寺元町四丁目","[縄文時代（中期）][奈良時代][平安時代][近世]","包蔵地","[近世]土坑","縄文土器　土師器　陶磁器",139.5433433,35.66933823,"1"
1320801800,13208,"18","てらやまいせき","寺山遺跡","調布市 深大寺元町五丁目","[縄文時代（中期～後期）][奈良時代][平安時代][中世][近世]","集落","[縄文時代]住居　敷石住居　土坑　[古墳時代][奈良時代][平安時代]住居　溝　[近世]井戸　溝","縄文土器　石器　土師器　須恵器　墨書土師器　陶磁器　鉄製品　板碑　銭貨",139.549816,35.66756606,"1"
1320802500,13208,"25","うえのはらいせき","上野原遺跡","調布市 深大寺南町一丁目　 深大寺南町二丁目　 深大寺南町三丁目　 深大寺南町四丁目　　 深大寺南町五丁目　 佐須町五丁目　 柴崎二丁目","[旧石器時代][縄文時代（早期・後期）][古墳時代][奈良時代][平安時代][近世]","集落","[旧石器時代]礫群　[縄文時代]住居　集石　集石土坑　炉穴　陥し穴　土坑　[古墳時代]土壙墓　[平安時代]住居溝　[中世]土坑　地下室　濠　[中世][近世]溝　堀　[時代不明]掘立柱建物","ナイフ形石器　縄文土器　打斧　土師器　須恵器　陶器（灰釉）　鉄製品　木製品　陶磁器　ガラス",139.5588752,35.66405133,"1"
1320803100,13208,"31","はらやまいせき","原山遺跡","調布市 佐須町四丁目 佐須町五丁目 柴崎一丁目","[縄文時代（中期）][奈良時代][平安時代][中世][近世]","包蔵地・集落","[縄文時代]住居 集石 集石土坑 土坑 埋甕 [平安時代]住居 溝","縄文土器 打斧 磨斧 石鏃 石錘 石皿 土錘 耳飾 土偶 垂飾 土製品 土師器 須恵器 カワラケ 陶磁器",139.5596349,35.65741136,"1"
1320803500,13208,"35","なかごうちいせき","中耕地遺跡","調布市 調布ヶ丘二丁目 調布ヶ丘三丁目","[縄文時代（中期）][奈良時代][平安時代][近世]","集落","[縄文時代]集石 土坑 [奈良時代][平安時代]住居 掘立柱建物 柵列 [近世]井戸 野鍛冶 溝","縄文土器 石器 土師器 須恵器 墨書土器 陶器（灰釉） 陶磁器 鉄製品 焼印 木製品",139.5492385,35.65605693,"1"
1320803600,13208,"36","きたうらいせき","北浦遺跡","調布市 八雲台一丁目 八雲台二丁目","[旧石器時代][縄文時代（草創期～中期）][古墳時代][奈良時代][平安時代][中世][近世]","包蔵地・集落","[旧石器時代]遺物集中箇所 炭化物集中箇所 [縄文時代]集石 土坑 埋甕 [奈良時代][平安時代]住居 [近世]ピット 土坑 溝","尖頭器 礫器 剥片 縄文土器 有舌尖頭器 土師器 須恵器 陶磁器",139.5582019,35.653348,"1"
1320803800,13208,"38","とびたきゅういせき","飛田給遺跡","調布市 飛田給一丁目 飛田給二丁目","[旧石器時代][縄文時代（前期～晩期）][古墳時代][奈良時代][平安時代][近世]","集落","[縄文時代]住居 敷石住居 集石 陥し穴 土坑 土器 棺墓 配石墓 埋甕 [古墳時代][奈良時代][平安時代]住居 掘立柱建物 土坑 溝 祭祀遺構 [中世][近世]住居 掘立柱建物 地下式土壙 土坑 溝","尖頭器 掻器 縄文土器 打斧 土錘 耳飾 土師器 須恵器 墨書土器 砥石 鉄鎌 刀子 鉄錐 鉄鏃 陶磁器 装身具 銭貨 人骨",139.5229111,35.65969456,"1"
1320804000,13208,"40","しもいしはらいせき","下石原遺跡","調布市 下石原三丁目","[縄文時代（早期・中期～後期）][古墳時代][奈良時代][平安時代][中世][近世]","城館","[縄文時代]住居 敷石住居 集石 炉穴 陥し穴 土壙墓 配石 [古墳時代]方形周溝墓 溝 [奈良時代][平安時代]住居 掘立柱建物 ピット 溝 井戸 火葬墓 [中世][近世]掘立柱建物 井戸 地下式土坑 溝 [近世]土坑","縄文土器 打斧 土師器 須恵器 墨書土器 陶器 支脚 砥石 台石 刀子 鉄鏃 鉄製紡錘車 土錘 銅製品 馬具 銭貨 石臼 板碑 蔵骨器 人骨 獣骨",139.53389,35.65073,"1"
1320804100,13208,"41","ももきばたいせき","百木畑遺跡","調布市 布田三丁目 布田四丁目","[古墳時代][奈良時代][平安時代][近世]","包蔵地","[時代不明]焼土 土坑","石器 土師器 須恵器 陶磁器",139.5469021,35.6494191,"1"
1320804200,13208,"42","ふじむかいいせき","富士向遺跡","調布市 国領町五丁目","[縄文時代][奈良時代][中世][近世]","包蔵地","[縄文時代]集石土坑 土坑 [近世]掘立柱建物 土坑","縄文土器 石器 土師器 陶磁器 焼礫",139.5527996,35.6487906,"1"
1320804400,13208,"44","こじまちょういせき","小島町遺跡","調布市 小島町三丁目","[縄文時代（中期）][古墳時代][奈良時代][平安時代][中世][近世]","包蔵地・集落","[縄文時代]住居炉穴 陥し穴 [古墳時代]住居 [奈良時代]住居 溝 鍛冶工房 [平安時代]住居 掘立柱建物 溝 [中世]住居 土坑 地下式土坑","縄文土器 石器 土製品 土師器 須恵器 墨書土器 鉄製品 羽口 鉄滓 陶器（灰釉) 陶磁器 銭貨",139.5386634,35.64730895,"1"
1320804500,13208,"45","かみふだいせき","上布田遺跡","調布市 布田三丁目 布田五丁目 布田六丁目 小島町三丁目","[旧石器時代][縄文時代（早期～晩期）][古墳時代][奈良時代][平安時代][中世][近世]","集落","[縄文時代]住居 竪穴状遺構 集石 土坑 炉 柱穴 土壙墓 埋甕 配石 [古墳時代]住居 溝 円形周溝 [奈良時代][平安時代]住居 掘立柱建物 柱穴 土坑 竈 溝 道路状遺構 鍛冶工房 火葬墓 井戸 [中世]地下式土坑 土壙墓 [中世][近世]掘立柱建物 集石 土坑 溝 [近世]土壙墓 溝 道路遺構 [平安時代]蔵骨器","縄文土器 石器 土製品 石製品 土師器 須恵器 墨書土器 陶器（灰釉） 土製支脚 鎌 刀子 土錘 羽口 <U+9299>帯 銅製丸鞘 陶磁器 カワラケ 硯 砥石 石臼 瓦 板碑 銭貨 鉄滓 人骨 打製石斧 敲石 石皿 石棒 金銅製巡方 鉄製品 石器及び焼礫 土師器甕及び須恵器蓋（人骨、墨書土器を含む） 木製品",139.5445643,35.64632794,"1"
1320804600,13208,"46","しもふだいせき","下布田遺跡","調布市 布田三丁目 布田六丁目","[縄文時代（早期～晩期）][古墳時代][奈良時代][平安時代][近世]","包蔵地・集落・古墳","[縄文時代]陥し穴 甕棺墓 土壙墓 埋甕 配石 [平安時代]住居 掘立柱建物 土坑 [奈良時代][平安時代][中世]土坑 土壙墓","縄文土器 石器 耳飾 石剣 石刀 石冠 土偶 土版 土師器 須恵器 墨書土器 石製品 鉄製品 紡錘車 陶磁器 板碑 五輪塔 鉄滓 獣骨",139.5495276,35.64537974,"1"
1320804700,13208,"47","こくりょうみなみいせき","国領南遺跡","調布市 国領町五丁目　 国領町六丁目","[旧石器時代][縄文時代（早期・中期）][古墳時代][奈良時代][平安時代][中世][近世]","集落","[縄文時代]住居　集石　陥し穴　埋甕　[古墳時代]方形周溝墓　土壙墓　[古墳時代][奈良時代][平安時代]住居　掘立柱建物　溝　[中世]地下式土坑　[近世]土坑　溝","ナイフ形石器　縄文土器　土製品　土師器　須恵器　鉄製品　陶磁器",139.5532333,35.64551589,"1"
1320804800,13208,"48","あげきゅういせき","上ヶ給遺跡","調布市 国領町四丁目　 国領町七丁目","[縄文時代（中期）][古墳時代][奈良時代][平安時代][中世][近世]","集落","[縄文時代]住居　集石　炉　貯蔵穴　陥し穴　土坑　[古墳時代]住居　土坑　道路　溝　土師器焼成工房　製鉄工房　[中世][近世]土坑　溝","縄文土器　石器　土師器　須恵器　鉄鎌　刀子　釘　鉄鏃　鉄滓　石製品　羽口　勾玉　管玉　陶磁器",139.5602214,35.6443852,"1"
1320805000,13208,"50","とびたきゅうきたいせき","飛田給北遺跡","調布市 西町　 飛田給一丁目","[旧石器時代][縄文時代（中期）][奈良時代][平安時代][近世]","集落","[旧石器時代]礫群　[縄文時代]土坑　陥穴　[古墳時代]住居　竪穴状遺構　竈　土坑　竪穴住居　[近世]ピット列　土坑　溝","ナイフ形石器　細石刃　掻器　敲石　磨石　石核　剥片　砕片　縄文土器　打斧　礫器　石槍　石皿　磨石　土玉　土師器　須恵器　砥石　帯金具　陶磁器　打製石斧　墨書土器",139.5240667,35.66610443,"1"
1321000800,13210,"8","あらまきいせき","荒牧遺跡","小金井市 貫井南町四丁目","[旧石器時代][縄文時代（前期～後期）][近世]","集落","[縄文時代]住居 土坑 [近世]掘立柱穴列 井戸","石核 剥片 縄文土器 石斧 石鏃 土製円板 陶磁器 鉄製品 板碑",139.4948,35.69673,"1"
1321001200,13210,"12","まえはらいせき","前原遺跡","小金井市 前原町一丁目 前原町二丁目","[旧石器時代][縄文時代（草創期～後期）][近世]","集落","[旧石器時代]礫群 配石 [縄文時代]住居 集石 土坑","ナイフ形石器 尖頭器 剥片 縄文土器 打斧 有舌尖頭器 石鏃 磨石",139.5071,35.69322,"1"
1321001600,13210,"16","しちけんやいせき","七軒家遺跡","小金井市 前原町二丁目","[旧石器時代][縄文時代（草創期～後期）][古墳時代][中世][近世]","包蔵地","[時代不明]土坑 溝状遺構","有舌尖頭器 削器 剥片 縄文土器 打斧 磨石 土師器 陶磁器 カワラケ",139.5142,35.69129,"1"
1321001800,13210,"18","のがわなかすきたいせき","野川中洲北遺跡","小金井市 中町一丁目","[旧石器時代][縄文時代（草創期～早期・後期）][古墳時代][平安時代][中世][近世]","集落","[旧石器時代]ブロック 礫群 配石 炭化物集中 [縄文時代]住居 集石 土坑 ピット [平安時代]土坑 [中世]掘立柱建物 ピット 土坑 溝 [近世]ピット 土坑","ナイフ形石器 尖頭器 細石刃 打斧 局部磨斧 礫器 縄文土器 打斧 磨斧 石槍 有舌尖頭器 石鏃 石錘 石皿 磨石 敲石 木製品 土師器 刀子 陶磁器",139.5162,35.69313,"1"
1321001900,13210,"19","むさしのこうえんていしっちいせき","武蔵野公園低湿地遺跡","小金井市 東町五丁目","[旧石器時代][縄文時代（前期～後期）][古墳時代][中世][近世]","包蔵地","[時代不明]河道 土坑 丸木橋状遺構","石器 縄文土器 石斧 石鏃 石皿 磨石 木製品 漆塗りくし 土師器 板碑 銭貨 陶磁器",139.5198,35.69087,"1"
1321100300,13211,"3","すずきいせき","鈴木遺跡","小平市 鈴木町 回田町 御幸町","[旧石器時代][縄文時代（前期～中期）][近世]","包蔵地・集落","[旧石器時代]ユニット 礫群 炭化物集中箇所 炉 土坑 [縄文時代]土坑 [近世]水車 水路 暗渠","ナイフ形石器 尖頭器 尖頭状石器 細石刃 台形様石器 掻器 彫器 石斧 礫器 敲石 磨石 台石 石核 縄文土器 打斧 石鏃 陶磁器 鉄製品 簪",139.499,35.71788,"1"
1321401900,13214,"19","むさしこくぶんじあと","武蔵国分寺跡","国分寺市 東元町二丁目 東元町三丁目 東元町四丁目 西元町一丁目 西元町二丁目 西元町三丁目 西元町四丁目 泉町一丁目 泉町二丁目 泉町三丁目 西恋ヶ窪一丁目","[旧石器時代][縄文時代][奈良時代][平安時代][中世][近世]","集落","[縄文時代]住居 [奈良時代][平安時代]住居 掘立柱建物 道路 溝 [中世]門 土坑 地下式横穴","縄文土器 陶磁器 土製品 石製品 鉄製品 青銅製品 瓦 <U+587C>",139.4662512,35.6985094,"1"
1321500101,13215,"10-1","あおやぎこふんぐん","青柳古墳","国立市 青柳","[古墳時代][近世]","古墳・その他の墓","[古墳時代]周溝 横穴式石室? [近世]墓壙","土師器 円筒埴輪 人物埴輪 刀 金環 轡 陶磁器 煙管 銭貨 人骨",139.4238271,35.68127692,"1"
1321500300,13215,"3","なかみねしたいせき","中峰下遺跡","国立市 谷保","[奈良時代][平安時代][中世][近世]","包蔵地","[奈良時代][平安時代]敷石遺構 土坑","主な出土品",139.4362997,35.68335206,"1"
1321500800,13215,"8","みどりかわひがしいせき","緑川東遺跡","国立市 青柳一丁目 青柳三丁目","[旧石器時代][縄文時代（早期～後期）][奈良時代][平安時代][近世]","集落","[旧石器時代]ブロック 礫群 配石 [縄文時代]住居跡 竪穴状遺構 集石 炉穴 土坑 ピット 焼土跡 [奈良時代][平安時代]溝 [近世]溝状遺構 土坑","ナイフ形石器 尖頭器 石核 細石刃核 スクレイパー 縄文土器 打斧 石匙 土偶 打製石斧 有舌尖頭器 石鏃 スタンプ形石器 礫器 扶入磨石 磨石 石皿 石錘 石棒 耳栓 垂飾",139.423645,35.686913,"1"
1321501200,13215,"12","しけんざけいせき","四軒在家遺跡","国立市 矢川三丁目","[旧石器時代][縄文時代（中期）][古墳時代][平安時代][近世]","集落","[縄文時代]敷石住居 住居跡 集石 土坑 ピット 埋設土器[中世][近世]溝状遺構 土坑 柱穴","縄文土器 剥片 円筒埴輪 打製石斧 異形土器（ミニチュア土器） ナイフ形石器 有舌尖頭器 石鏃 掻器 石匙 スタンプ形石器 土師器 坏 須恵器 陶磁器",139.4274159,35.6809353,"1"
1321501300,13215,"13","なんようじいせき","南養寺遺跡","国立市 谷保","[縄文時代（早期～後期）][奈良時代][平安時代][中世][近世]","集落","[縄文時代]住居 敷石住居 集石 土坑 ピット [平安時代]住居 土坑 石組遺構 [近世]土坑 井戸 溝状遺構","縄文土器 打斧 磨斧 石鏃 掻器 石匙 石錘 楔形石器 石皿 磨石 スタンプ形石器 凹石 敲石 土錘 土製円板 石棒 土偶 土師器 須恵器 刀子 羽口 瓦 鉄滓 陶磁器 板碑 銭貨",139.4324542,35.68022068,"1"
1321501500,13215,"15","じょうやまいせき","城山遺跡","国立市 谷保","[縄文時代（早期・中期）][奈良時代][平安時代][中世][近世]","包蔵地","[中世][近世]石組粘土敷土坑 集礫遺構 土坑 ピット 道状遺構","縄文土器 打斧 石皿 土師器 須恵器 瓦 須恵器系土師質土器 陶器 磁器 かわらけ 石臼 砥石 スラグ 石製品",139.436334,35.67944785,"1"
1321501800,13215,"18","えんじょういんあと","円成院跡","国立市 谷保栗原","[近世]","社寺","","",139.4403166,35.67975462,"1"
1321502000,13215,"20","せきいものあと","関鋳物址","国立市 谷保","[中世][近世]","その他（鋳物工房跡）","[中世]周溝 [近世]土坑 [近世]建物址 焼土址 井戸址 溝状遺構 建物址 柱穴","板碑 陶磁器類 銅製品 鉄製品 銭貨 瓦 砥石 石臼 鋳型 鋳型関連遺物 羽口 小型坩堝 スラグ 土製品 鉄滓",139.4455799,35.67939799,"1"
1321502100,13215,"21","ばいりんいせき","梅林遺跡","国立市 谷保","[縄文時代（中期）][奈良時代][平安時代][中世][近世]","包蔵地","[中世]溝状遺構","縄文土器 石斧 土師器 須恵器 鋳型 坩堝 三又状土製品 羽口 陶磁器",139.4453291,35.67894587,"1"
1321502400,13215,"24","やぼとうほういせき","谷保東方遺跡","国立市 谷保","[縄文時代（中期）][古墳時代][平安時代][近世]","集落","[縄文時代]住居 敷石住居 焼土 ピット 埋甕 [古墳時代]土坑 [平安時代]土坑 [近世]溝状遺構","縄文土器 打斧 磨斧 礫器 石鏃 石匙 石皿 磨石 石棒 三角柱状土製品 土師器 陶磁器",139.4500774,35.67593982,"1"
1321800400,13218,"4","ながさわいせき","長沢遺跡","福生市 福生","[縄文時代（前期～後期）]［近世？］","集落","[縄文時代]住居 土坑 配石 [時代不明]敷石遺構","縄文土器 打斧 石槍 石鏃 石匙 石皿 凹石 土製円板 土偶",139.3253133,35.74358422,"1"
1321900200,13219,"2","こあだちまえはらみなみいせき","小足立前原南遺跡","狛江市 西野川三丁目 西野川四丁目 和泉本町四丁目","[弥生時代][古墳時代][奈良時代][平安時代][近世]","集落","[古墳時代]住居","弥生土器 土師器 須恵器 陶器",139.5717728,35.64557441,"1"
1321900400,13219,"4","みのわいせき","箕和遺跡","狛江市 西野川二丁目 西野川四丁目","[弥生時代][古墳時代]［奈良時代］[近世]","集落","[縄文時代]土坑 [古墳時代]住居 [奈良時代]住居","弥生土器 土師器 石製模造品 陶器",139.5743992,35.64949422,"1"
1321900500,13219,"5","みのわだ・きたくぼいせき","箕和田・北久保遺跡","狛江市 西野川二丁目 和泉本町三丁目","[縄文時代（中期）][弥生時代][古墳時代][奈良時代][平安時代][近世]","集落","[近世]溝状遺構 墓地","縄文土器 弥生土器 土師器 須恵器 陶磁器 鉄製品 銅製品 煙管 銭貨",139.5741074,35.64335636,"1"
1321900600,13219,"6","がくとうほんむらいせき","覚東本村遺跡","狛江市 西野川一丁目","[古墳時代][奈良時代][平安時代][近世]","包蔵地","","土師器 陶器",139.5765449,35.64579761,"1"
1321900700,13219,"7","こあだちなかむらきたいせき","小足立中村北遺跡","狛江市 東野川二丁目 東野川三丁目 西野川一丁目","[縄文時代（中期）][古墳時代][奈良時代][平安時代][近世]","集落","[奈良時代][平安時代]住居 [近世]建物 竪穴状遺構 土坑 井戸 溝 集石","縄文土器 石斧 石鏃 砥石 土師器 須恵器 陶磁器 硯 釘 木製品 銭貨",139.578934,35.644489,"1"
1321901000,13219,"10","みつおさひがしいせき","三長東遺跡","狛江市 東野川三丁目 東野川四丁目","[古墳時代][奈良時代][平安時代][近世]","集落","[古墳時代]住居 [時代不明]溝","土師器 須恵器 磁器 擂鉢 ホウロク カワラケ",139.5850765,35.64468162,"1"
1321901200,13219,"12","がくとうみしまなかいせき","覚東三島中遺跡","狛江市 東野川一丁目","[奈良時代][平安時代][近世]","包蔵地","","土師器 須恵器 陶磁器 ホウロク カワラケ",139.5831024,35.64261699,"1"
1321901500,13219,"15","きたくぼひがしいせき","北久保東遺跡","狛江市 和泉本町二丁目","[近世]","包蔵地","","陶器 カワラケ",139.5779354,35.64270069,"1"
1321901800,13219,"18","はらきたいせき","原北遺跡","狛江市 和泉本町一丁目","[縄文時代（中期）][弥生時代][古墳時代][奈良時代][平安時代][近世]","集落","[古墳時代]住居","縄文土器 弥生土器 土師器 須恵器 陶器 カワラケ",139.5774313,35.63893222,"1"
1321902000,13219,"20","はらみなみいせき","原南遺跡","狛江市 和泉本町一丁目","[縄文時代][奈良時代][平安時代][近世]","集落","[時代不明]住居 掘立柱建物","縄文土器 土師器 須恵器 陶器",139.5784269,35.63628148,"1"
1321902100,13219,"21","しゅくやしききたいせき","宿屋敷北遺跡","狛江市 岩戸北一丁目","[古墳時代][近世]","包蔵地","","土師器 陶器",139.5812533,35.63736093,"1"
1321902200,13219,"22","しゅくやしきにしいせき","宿屋敷西遺跡","狛江市 岩戸北一丁目 岩戸北三丁目","[縄文時代（中期）][古墳時代][奈良時代][近世]","集落","[縄文時代]土坑 [古墳時代]住居","縄文土器 土師器 須恵器 陶器",139.5809614,35.63543563,"1"
1321902300,13219,"23","しゅくやしきひがしいせき","宿屋敷東遺跡","狛江市 岩戸北一丁目 岩戸北三丁目","[弥生時代][古墳時代][近世]","包蔵地","[中世][近世]竪穴状遺構 [時代不明]溝","弥生土器 土師器 須恵器 陶器",139.5834677,35.63511474,"1"
1321902700,13219,"27","まつばきたいせき","松場北遺跡","狛江市 岩戸北四丁目","[古墳時代][近世]","包蔵地","","土師器 陶器",139.58657,35.63511149,"1"
1321902900,13219,"29","ふるやしき・あいのはらいせき","古屋敷・相之原遺跡","狛江市 岩戸南二丁目 岩戸南三丁目","[縄文時代（草創期・中期～後期）][弥生時代][古墳時代][奈良時代][平安時代][近世]","集落","[弥生時代]住居 [古墳時代][奈良時代][平安時代]住居 [時代不明]土師器窯 土坑","縄文土器 有舌尖頭器 石鏃 弥生土器 土師器 須恵器 鉄鎌 鉄鏃 刀子 石製模造品 陶磁器",139.5904667,35.62996028,"1"
1321903600,13219,"36","てらまえひがしいせき","寺前東遺跡","狛江市 東和泉一丁目 東和泉二丁目 猪方一丁目","[縄文時代（早期～前期）][弥生時代][古墳時代][奈良時代][平安時代][中世][近世]","集落","[縄文時代]住居 [平安時代]住居 [時代不明]掘立柱建物 土坑 溝状遺構","縄文土器 打斧 石鏃 石皿 磨石 弥生土器 土師器 須恵器 陶器 カワラケ 釘 銭貨",139.5796233,35.62964658,"1"
1321903701,13219,"37-1","くぼ・まえはらいせき","久保・前原遺跡","狛江市 東和泉二丁目 猪方三丁目","[古墳時代][奈良時代][平安時代][近世]","集落","[古墳時代]周溝 [奈良時代][平安時代]住居 [時代不明]掘立柱建物 土坑","土師器 須恵器 陶器 鉄製品",139.5781127,35.62741413,"1"
1321904000,13219,"40","たなか・てらまえいせき","田中・寺前遺跡","狛江市 東和泉一丁目 東和泉二丁目 元和泉一丁目 元和泉二丁目","[縄文時代（中期）][古墳時代][奈良時代][平安時代][中世][近世]","集落","[縄文時代]集石土坑 [古墳時代][奈良時代]住居 [近世]井戸 [時代不明]掘立柱建物 周溝状遺構","縄文土器 打斧 土師器 須恵器 陶磁器",139.5750064,35.63116728,"1"
1321904201,13219,"42-1","べんてんいけいせき","弁財天池遺跡","狛江市 中和泉一丁目","[旧石器時代][縄文時代（中期～後期）][弥生時代（後期）][古墳時代][奈良時代][平安時代][中世][近世]","集落","[旧石器時代]ブロック [縄文時代]住居 集石 土坑 [弥生時代][古墳時代]方形周溝墓 [古墳時代][奈良時代]住居 [奈良時代][平安時代]掘立柱建物 [中世][近世]土坑","ナイフ形石器 尖頭器 細石刃 縄文土器 打斧 石鏃 石皿 土製円板 石棒 弥生土器 槍先形鉄製品 鉄釧 銅釧 土師器 須恵器 紡錘車 銀製穂積具",139.575899,35.63310663,"1"
1321904300,13219,"43","いずみだぐらいせき","和泉駄倉遺跡","狛江市 東和泉一丁目","[縄文時代（中期～後期）][弥生時代（後期）][古墳時代][奈良時代][平安時代][近世]","集落","[縄文時代]住居 [弥生時代][古墳時代]住居 [奈良時代][平安時代]住居 掘立柱建物","縄文土器 弥生土器 土師器 須恵器 陶磁器",139.5794181,35.6316277,"1"
1321904401,13219,"44-1","だぐらづかこふん","駄倉塚古墳","狛江市 中和泉一丁目","[縄文時代（中期）][古墳時代][中世][近世]","包蔵地・古墳","円墳","円筒埴輪",139.5778903,35.63406932,"1"
1321904900,13219,"49","まつばらひがしいせき","松原東遺跡","狛江市 中和泉一丁目","[奈良時代][平安時代][近世]","集落","[古墳時代][平安時代]住居 [奈良時代][平安時代]掘立柱建物","土師器 須恵器 陶器",139.574354,35.63496223,"1"
1321905000,13219,"50","きょうづかいせき","経塚遺跡","狛江市 中和泉一丁目","[縄文時代（中期）][古墳時代][奈良時代][平安時代]［中世］[近世]","集落","[縄文時代][古墳時代]住居 [奈良時代][平安時代]住居 [中世][近世]ビット群","縄文土器 石鏃 土師器 須恵器 鉄製品 陶器 カワラケ",139.574354,35.63372052,"1"
1321905400,13219,"54","はしばいせき","橋場遺跡","狛江市 元和泉二丁目 中和泉三丁目","[縄文時代（中期）][古墳時代][近世]","集落","[古墳時代]住居","縄文土器 土師器 須恵器 土製模造品 陶器 カワラケ",139.569778,35.632286,"1"
1321905600,13219,"56","みやまえいせき","宮前遺跡","狛江市 中和泉一丁目 中和泉二丁目 中和泉三丁目","[縄文時代（中期）][弥生時代][古墳時代][奈良時代][近世]","集落","[古墳時代]住居","縄文土器 弥生土器 土師器 須恵器 カワラケ",139.570732,35.63620392,"1"
1321905900,13219,"59","まつばらいせき","松原遺跡","狛江市 中和泉一丁目 中和泉二丁目 和泉本町一丁目 和泉本町三丁目","[縄文時代（中期）][古墳時代][奈良時代][平安時代][近世]","包蔵地","","縄文土器 土師器 須恵器 陶器 カワラケ",139.5733241,35.63785018,"1"
1321906000,13219,"60","ふじづかいせき","藤塚遺跡","狛江市 和泉本町四丁目","[古墳時代][平安時代][近世]","包蔵地","","土師器 陶器",139.5714705,35.6415338,"1"
1321906200,13219,"62","いなりまえいせき","稲荷前遺跡","狛江市 中和泉五丁目","[縄文時代（中期）][古墳時代][奈良時代][平安時代][近世]","包蔵地","","縄文土器 土師器 須恵器 陶器 カワラケ",139.5664751,35.64206392,"1"
1321906300,13219,"63","おばらいせき","小原遺跡","狛江市 中和泉二丁目 中和泉五丁目","[縄文時代（中期）][古墳時代][奈良時代][平安時代][近世]","包蔵地","","縄文土器 土師器 須恵器 陶器",139.5680071,35.63953211,"1"
1321906400,13219,"64","いりうえきたいせき","圦上北遺跡","狛江市 中和泉三丁目 中和泉四丁目","[縄文時代（中期）][古墳時代][奈良時代][近世]","集落","[古墳時代][奈良時代]住居","縄文土器 土師器 須恵器 陶器 墓石",139.5668685,35.63716992,"1"
1321906800,13219,"68","ぎょくせんじまえいせき","玉泉寺前遺跡","狛江市 東和泉四丁目","[中世][近世]","包蔵地・その他の墓・その他（溝）","[中世][近世]土","",139.5732031,35.62731646,"1"
1322700700,13227,"7","かじいせき","鍛冶遺跡","羽村市 五ノ神一丁目","[中世][近世]","鍛冶工房跡","[近世]炉","鞴 鉄製品 鋳型 鉄滓 泥人形 銭貨",139.3179658,35.75912053,"1"
1322900100,13229,"1","きたみやのわきいせき","北宮ノ脇遺跡","西東京市 北町五丁目","[旧石器時代][縄文時代(早期・中期)][近世]","集落","[旧石器時代]ブロック 礫群 [縄文時代]土坑 ピット 焼土跡 [近世]溝","石器 剥片 焼礫 縄文土器 陶磁器",139.5624,35.75549,"1"
1322900500,13229,"5","みなみいりきょうづか","南入経塚","西東京市 住吉町五丁目","[近世]","その他（経塚）","形態（円錐台形状） 1基 [近世]墳丘","",139.5582,35.74704,"1"
1322900700,13229,"7","したのやいせき","下野谷遺跡","西東京市 東伏見二丁目 東伏見三丁目 東伏見六丁目","[旧石器時代][縄文時代(早期～後期)][弥生時代（後期）][古墳時代][平安時代][近世]","集落","[旧石器時代]ブロック 礫群 炭化物集中 [縄文時代]住居跡 掘立柱建物跡 竪穴 炉穴 陥し穴 集石土坑 土坑 ピット ピット列 埋設土器 [近世]竪穴 溝 道路 集石 配石 柵列 土坑 硬化面 畑 ピット","石器 剥片 焼礫 縄文土器 土錘 土製円盤 垂飾 耳栓 炭化物 矢柄研磨器 砥石 陶磁器 土師質土器 瓦質土器 銭貨 煙管 須恵器 管状土錘 土鈴 刀子 釘 弥生土器 土師器",139.5611,35.7257,"1"
1322900800,13229,"8","さかしたいせき","坂下遺跡","西東京市 東伏見五丁目 柳沢二丁目","[旧石器時代][縄文時代(早期～中期)][平安時代][近世]","集落","[旧石器時代]礫群 ブロック 炭化物集中 土坑 [縄文時代]土坑 ピット [平安時代]住居跡 [近世]溝 土坑 ピット","石器 剥片 焼礫 縄文土器 粘土塊 土師器 須恵器 陶磁器 土師質土器 瓦質土器 銭貨 煙管 石臼",139.5576,35.72376,"1"
1322901100,13229,"11","しもやぎさわいせき","下柳沢遺跡","西東京市 東伏見二丁目 東伏見三丁目","[旧石器時代][縄文時代(草創期～後期)][中世][近世]","集落・その他の墓","[旧石器時代]ブロック 礫群 [縄文時代]住居 土坑 ピット [中]井戸 地下式土坑 [近世]土坑 井戸 溝 水車 畑 水田","縄文土器 石器 剥片 焼礫 陶磁器 土師質土器 瓦質土器 茶臼 板碑 銭貨",139.5642,35.72665,"1"
1322901600,13229,"16","たなしみなみちょういせき","田無南町遺跡","西東京市 南町五丁目","[旧石器時代][縄文時代(草創期～早期)][近世]","包蔵地","[旧石器時代]ブロック 礫群 [縄文時代]陥し穴 [近世]溝","ナイフ形石器 細石刃 掻器 削器 彫器 局部磨製石斧 敲石 磨石 縄文土器 打斧 石槍 石鏃 陶磁器 瓦 煙管 泥面子",139.5344,35.72371,"1"
1330301100,13303,"11","","瑞穂町№11遺跡","瑞穂町 石畑","[中世][近世]","","","陶器",139.3606657,35.76982462,"1"
1330301300,13303,"13","たきたいせき","滝田遺跡","瑞穂町 殿ヶ谷","[中世][近世]","","","土師質土器",139.3635964,35.77244973,"1"
1330301600,13303,"16","","瑞穂町№16遺跡","瑞穂町 殿ヶ谷","[中世][近世]","","","",139.3652652,35.76712181,"1"
1330301800,13303,"18","","瑞穂町№18遺跡","瑞穂町 駒形富士山","[中世][近世]","地下式横穴","","",139.3627437,35.79052622,"1"
1330302100,13303,"21","いしはたさやまみねいせき","石畑狭山嶺遺跡","瑞穂町 石畑","[縄文時代（前期～中期）][奈良時代][平安時代][近世]","包蔵地","[縄文時代]集石 土坑","縄文土器 打斧 礫器 石槍 石鏃 掻器 ピエス・エスキーユ トランシェ様石器 石皿 磨石 凹石 敲石 須恵器 陶磁器 素焼土器 擂鉢 砥石",139.3649965,35.77744102,"1"
