"JASID","自治体コード","遺跡番号","ふりがな","遺跡名","所在地","時代","種別","主な遺構/概要","主な出土品","経度","緯度","平安時代"
1310100500,13101,"5","","千代田区№5遺跡","千代田区 千代田","[奈良時代][平安時代]","包蔵地","","土師器",139.7534709,35.68565319,"1"
1310100800,13101,"8","うしがふちかいづか","牛ヶ淵貝塚","千代田区 九段南一丁目","[縄文時代（中期）][弥生時代][古墳時代][奈良時代][平安時代]","貝塚","","縄文土器　弥生土器　土師器",139.7510672,35.69479204,"1"
1310100900,13101,"9","くだんざかうえかいづか","九段坂上貝塚","千代田区 九段北一丁目","[縄文時代（中期）][弥生時代][平安時代]","貝塚","[弥生時代]V字溝　住居","縄文土器　弥生土器　土師器　須恵器",139.7491794,35.69628581,"1"
1310106000,13101,"60","いいだまちいせき","飯田町遺跡","千代田区 飯田町二丁目　 飯田町三丁目","[縄文時代][古墳時代][奈良時代][平安時代][近世]","包蔵地・屋敷","[近世]屋敷境　地下室　土坑　上水道　石組溝　井戸　庭園","縄文土器　土師器　須恵器　陶磁器　瓦　砥石　硯　漆器　下駄　曲物",139.7498656,35.70120476,"1"
1310107100,13101,"71","","千代田区№71遺跡","千代田区 千代田","[縄文時代（前期・中期・後期）][弥生時代（後期）][平安時代]","包蔵地","","縄文土器　石器　土錘　土製品　弥生土器　土師器　須恵器",139.7500377,35.68272514,"1"
1310107500,13101,"75","もんぶかがくしょうこうないいせき","文部科学省構内遺跡","千代田区 霞ヶ関三丁目","[平安時代][近世]","包蔵地・城館・屋敷","[近世]石垣（外堀）　溝　ピット","陶磁器　瓦　須恵器",139.7490073,35.67131152,"1"
1310306000,13103,"60","いさらごかいづかいせき","伊皿子貝塚遺跡","港区 三田四丁目","[縄文時代（後期）][弥生時代][古墳時代][平安時代][近世]","集落・貝塚・社寺","[縄文時代]住居　土坑　[弥生時代]方形周溝墓　[古墳時代]住居　[平安時代]住居 [近世]礎石　溝状遺構　石垣","縄文土器　弥生土器　土師器　土製品　石製品　貝製品　牛骨　魚骨　陶磁器",139.739954039508,35.6415005633308,"1"
1310306400,13103,"64","しなのいいやまはんほんだけやしきあといせき","信濃飯山藩本多家屋敷跡遺跡","港区 高輪三丁目","[縄文時代（中期）][奈良時代][平安時代][中世][近世]","包蔵地・集落・屋敷・その他（道路）","住居跡　炉跡　土坑　道路状遺構","打斧　縄文土器　弥生土器　かわらけ　陶磁器　瓦　金属製品",139.7332249134,35.6323624246326,"1"
1310307500,13103,"75","みただいまちいせき","三田台町遺跡","港区 三田四丁目","[旧石器時代][縄文時代][弥生時代][古墳時代][奈良時代][平安時代]","集落","[弥生時代]?　住居　[古墳時代]住居","石器　縄文土器　弥生土器　土師器　須恵器",139.739112898499,35.6418772286788,"1"
1310310000,13103,"100","","港区№100遺跡","港区 虎ノ門四丁目","[縄文時代（前期～後期）][弥生時代][古墳時代][奈良時代][平安時代]","包蔵地","","縄文土器　打斧　磨斧　磨石　弥生土器　土師器　須恵器",139.74316410706,35.665059580064,"1"
1310310900,13103,"109","","港区№109遺跡","港区 三田一丁目","[奈良時代][平安時代]","包蔵地","","土器",139.741333,35.653812,"1"
1310314500,13103,"145","じょうきょうじあと・じょうきょうじもんぜんまちやあと","承教寺跡・承教寺門前町屋跡遺跡","港区 高輪二丁目","[奈良時代][平安時代][近世]","集落、社寺、その他（町屋跡）","[奈良・平安時代]竪穴住居跡　[近世]地下室　土坑　ピット　井戸　礎石","(奈良・平安)土師器　須恵器　耳環　(近世)陶磁器　土器　瓦　土製品　動物遺体",139.73446087479,35.6360596610391,"1"
1310315600,13103,"156","いわみつわのはんかめいけやしきあといせき","石見津和野藩亀井家屋敷跡遺跡","港区 南麻布四丁目","[縄文時代][弥生時代][古墳時代][奈良時代][平安時代][中世][近世]","包蔵地・墳墓・屋敷","土坑　礎石　道路状遺構　大型方形区画　井戸　墳墓","[縄文時代]土器　[中世]陶器　[江]陶磁器　土器　瓦",139.727182432146,35.650498164979,"1"
1310400200,13104,"2","おちあいいせき","落合遺跡","新宿区 中落合四丁目　 中井一丁目　 中井二丁目","[旧石器時代][縄文時代（早期?後期）][弥生時代（後期）][古墳時代][奈良時代][平安時代][近世]","包蔵地・集落・屋敷","[旧石器時代]礫群　[縄文時代]竪穴住居　土坑　炉跡　集石　土器焼成坑　ピット　[弥生時代]竪穴住居　掘立柱建物跡　方形周溝墓　[古墳時代]住居　[奈良時代][平安時代]掘立柱建物　竪穴住居跡　土坑　[近世]杭列　焼土　溝状遺構　ピット　[時期不明]建物　住居　ピット　溝","石器　ナイフ形石器　石核　剥片　砕片　縄文土器　打斧　石槍　石鏃　石核　弥生土器　石包丁　土師器　須恵器　鉄製品　陶磁器　刀子　砥石　坏",139.6805457,35.71627471,"1"
1310400300,13104,"3","","新宿区No.3遺跡","新宿区 中井二丁目","[奈良時代][平安時代]","集落","[奈良時代][平安時代]竪穴住居跡","土器　土師器　須恵器　鉄滓",139.6865538,35.71680433,"1"
1310400800,13104,"8","かみおちあいにちょうめいせき","上落合二丁目西遺跡","新宿区 上落合二丁目","[古墳時代][平安時代]","集落","[古墳時代]建物跡　[平安時代]住居跡","土師器　土製丸玉　須恵器　土製支脚　鉄器・鉄製品",139.6861762,35.71273451,"1"
1310401000,13104,"10","とやまがはらうえのだいいせき","戸山ヶ原上ノ台遺跡","新宿区 百人町四丁目　 北新宿四丁目","[旧石器時代][縄文時代（中期?後期）][弥生時代（後期）][古墳時代][奈良時代][平安時代]","包蔵地・集落","[旧石器時代]集中地点　[縄文時代]竪穴住居跡　土坑　炉穴　集石　ピット　[古墳時代]竪穴住居跡　住居跡　ピット　[近世]土坑　ピット","ナイフ形石器　角錐状石器　リタッチドフレイク　フレイク　チップ　縄文土器　土偶　土製垂飾品　石器　弥生土器　土師器　　灰釉陶器　鉄器　陶磁器類　煙草吸口　銭貨　笄　ガラス瓶類",139.6947029,35.70849936,"1"
1310402900,13104,"29","","新宿区No.29遺跡","新宿区 戸山三丁目","[平安時代]","包蔵地","[平安時代]火葬蔵骨器","蔵骨器（土師器・須恵器蓋）",139.7121743,35.70653779,"1"
1310403500,13104,"35","みょうしょうじがわ??1いせき","妙正寺川No.1遺跡","新宿区 西落合二丁目","[旧石器時代][縄文時代（早期?後期）][弥生時代（後期）][古墳時代][奈良時代][平安時代][中世][近世]","包蔵地","[旧石器時代]礫群　[縄文時代]土坑　[近世]水田址　井戸状遺構","材　縄文土器　石器　木製品　弥生土器　陶器　磁器　埴輪　土製品　石製品　金属製品　土師器",139.6748036,35.72067884,"1"
1310404300,13104,"43","ひゃくにんちょうさんちょうめいせき","百人町三丁目遺跡","新宿区 百人町二丁目 百人町三丁目 百人町四丁目 大久保三丁目","[旧石器時代][縄文時代（早期・中期～後期）][弥生時代（後期）][古墳時代][奈良時代][平安時代][近世]","包蔵地・屋敷","[旧石器時代]土坑 [縄文時代]土坑 [奈良時代]ピット [近世]溝 土坑 焼土集中地点 半地下室 土坑 井戸 小穴 溝状遺構 地下室 柱穴 杭穴 胞衣理納遺構・礎石建物跡","石器 礫 縄文土器 石器 弥生土器 土師器 国分寺瓦片 磁器 陶器 土師質土器 金属製品 石製品 動物遺存体 せっ器 近世土器 瓦 土製品 木製品 石製品 自然遺物 ガラス製品 植木鉢 土製品 骨角製品 火縄銃の弾 美濃系陶器志野 内耳付焙烙",139.7008827,35.7061576,"1"
1310404900,13104,"49","しもとつかいせき","下戸塚遺跡","新宿区 西早稲田一丁目　 西早稲田三丁目","[旧石器時代][縄文時代（草創期?後期）][弥生時代（後期）][古墳時代][奈良時代][平安時代][中世][近世]","包蔵地・集落・屋敷","[旧石器時代]石器ブロック　礫群　[縄文時代]土坑　集石遺構　土坑　炉穴　陥坑　[弥生時代]竪穴式住居　環壕　方形周溝墓　土坑　[古墳時代]竪穴式住居跡　土坑　方形周溝墓　円墳　[奈良時代]竪穴式住居　土坑　掘立柱建物跡　溝　[中世]掘立柱建物跡　柵列　井戸　地下式坑　土坑　溝　方形周溝状区画溝　[近世]建物跡　柵列　地下室　井戸　土坑　溝状遺構　竪穴状遺構　畝状遺構　ピット","剥片　礫　縄文土器　石器　弥生土器　ガラス製小玉　青銅製品　土製勾玉　蓑玉　炭化米　金属製品　石製有孔円板　滑石製管玉　石製品　鉄製品　ガラス製品　ベンガラ塊　土師器　須恵器　灰釉　緑釉陶器　砥石　土製品　鉄器　墨書土器　磁器　陶器　瓦器　中世土器　埋納銭貨　青磁　土製品　瓦　木製品　近世土器",139.7169465,35.71088671,"1"
1310406100,13104,"61","いちがやほんむらちょういせき","市谷本村町遺跡","新宿区 市谷本村町","[旧石器時代][縄文時代（早期～晩期）][平安時代][近世]","包蔵地・集落・屋敷","[旧石器時代]ブロック 遺物集中地点 [縄文時代]住居跡 集石 土坑 ピット 炉穴 土器埋設 [平安時代]竪穴住居跡 土坑 [近世]石垣 土塁礎石 船渠 石組遺構 地下式土坑 礎石建物跡 掘立柱建物跡 土坑 柱穴乱杭護岸 土蔵基礎 埋桶 井戸 寵跡 池 石櫃遺構 溝 塀 ごみ穴 焼土跡 瓦組 地下室 木組構築 石組構築 土器埋設 杭列 瓦溜 溝状遺構 礎石 塀関係 木桶 道路関係 畝状遺構 大型土坑 地震断層 硬化面 土手状遺構 焼土溜 砂利敷 石組溝 埋甕 植栽痕 ピット [近世][近代]礎石列 水琴窟状 レンガ組遺構 レンガ桝","石器（4層段階石器群） 縄文土器 土師器 須恵器 鉄製品 鉄滓 板碑片? 磁器 陶器 近世土器 瓦 土製品 ミニチュア 金属製品 銭貨 木製品 漆器類 骨角製品 ガラス製品 石製品 石塔 繊維 せっ器 近世陶磁器類 レンガ",139.7290067,35.69304468,"1"
1310407300,13104,"73","つくどはちまんちょういせき","筑土八幡町遺跡","新宿区 筑土八幡町　 白銀町","[縄文時代（早期?晩期）][弥生時代（後期）][古墳時代][奈良時代][平安時代][中世][近世]","包蔵地・屋敷","[中世]井戸　土坑　[近世]建物跡　井戸　地下室状遺構　ごみ穴　溝状遺構　杭列　土坑　小穴　柱穴　井戸状遺構　桶埋設遺構　礎石　柱穴列　井戸跡　埋桶　胞衣皿埋納遺構　粘土採掘坑　[江戸時代以前]住居跡　溝状遺構　土坑","縄文土器　石器　弥生土器　土師器　須恵器　板碑　磁器　陶器　?b器　近世土器　瓦　土製品　金属製品　木製品　骨角製品　ガラス製品　石製品　中世陶磁器",139.739444,35.70358792,"1"
1310407700,13104,"77","かみおちあいにちょうめいせき","上落合二丁目遺跡","新宿区 上落合一丁目 上落合二丁目","[旧石器時代][縄文時代（前期～中期）][古墳時代][奈良時代][平安時代]","包蔵地・集落","[古墳時代]竪穴住居跡 [奈良時代]竪穴住居跡 土坑 掘立柱建物跡 埋納土坑 [平安時代]埋納土坑","縄文土器 土師器 ガラス小玉 土師器 須恵器 鉄製品 土製品 石製品 羽口",139.690914,35.71507608,"1"
1310407900,13104,"79","ひゃくにんちょうさんちょうめにしいせき","百人町三丁目西遺跡","新宿区 百人町三丁目 北新宿四丁目","[旧石器時代][縄文時代（草創期～後期）][弥生時代（後期）][古墳時代][奈良時代][平安時代][近世]","包蔵地・集落","[旧石器時代]土坑 炉穴 土坑 石器・礫集中 [縄文時代]土坑 陥し穴 ピット [古墳時代]住居跡 井戸 土坑 ピット 掘立柱建物跡 土師器焼成坑 [平安時代]住居跡 土師器焼成坑 掘立柱建物跡 [古墳時代]～[中世]住居跡・土坑 ピット [近世]畝跡 井戸 土坑 溝 ピット [弥生時代]～[古墳時代]住居跡","礫 石器 縄文土器 弥生土器 土製品 石製品（砥石） ガラス小玉 土師器 須恵器 古墳土器 土師器 土製品（支脚） 鉄製品（刀子・鏃・鉄錐等） 墨書土器 灰釉陶器 磁器 陶器 近世土器 ?器 金属製品 土製品 土器（台付甕・台付甕小・甕・壷・高杯）",139.6947029,35.70590669,"1"
1310408500,13104,"85","おわりとくがわけしもやしきあといせき","尾張徳川家下屋敷跡","新宿区 戸山一丁目　 戸山二丁目　 戸山三丁目","[旧石器時代][縄文時代（早期?後期）][弥生時代（後期）][古墳時代][奈良時代][平安時代][近世]","包蔵地・屋敷","[弥生時代]?[平安時代]畦畔状遺構　木道状遺構　流路跡　[中世][近世]水田跡　丸木橋状遺構　[近世]石組遺構　「御泉水」の土手　溝","石器　縄文土器　土器　須恵器　土師器　磁器　陶器　金属製品　銭貨等　磁器　陶器　金属製品　銭貨　木製品　煙管　板状部材　せっ器　近世土器　瓦",139.7134789,35.7040287,"1"
1310410100,13104,"101","ぎょうがんじあと","行元寺跡","新宿区 神楽坂五丁目","[旧石器時代][縄文時代（早期?後期）][弥生時代（後期）][古墳時代][平安時代][中世][近世]","包蔵地・社寺","[旧石器時代]礫群　[縄文時代]遺物集中部　[古墳時代]竪穴住居跡　[平安時代]竪穴住居跡　[中世]地点貝塚　[中世][近世]土壙墓　板碑集中壙　方形区画溝・溝状遺構　建物跡　竹樋　地下室・室状遺構　井戸・井戸状遺構　水溜状遺構　池跡?　ごみ穴　方形土坑　石列　埋桶　埋甕　胞衣埋納遺構　胎児埋葬遺構　イヌ埋葬遺構","石器　礫　縄文土器　石器　弥生土器　土師器　須恵器　磁器　陶器　せっ器　土器　瓦　土製品　金属製品　木製品　骨角製品　ガラス製品　石製品（板碑等）",139.7391693,35.70264002,"1"
1310410300,13104,"103","きくいちょういせき","喜久井町遺跡","新宿区 喜久井町","[旧石器時代][縄文時代（中期?後期）][奈良時代][平安時代][近世]","包蔵地・集落・屋敷","[縄文時代]ピット　遺物集中域　[縄文中期]竪穴住居跡　土坑　[縄文後期]竪穴住居跡　土坑　[奈良時代]竪穴住居跡　[平安時代]土坑　[近世]地下室　ウマ埋葬遺構　溝状遺構　道路状遺構　土坑　便所跡　礎石　小穴","縄文土器　石器　須恵器　土師器　須恵器　磁器　陶器　近世土器　せっ器　瓦　土製品　金属製品　木製品　ガラス製品　石製品",139.7218033,35.70478144,"1"
1310412600,13104,"126","しろがねちょういせき","白銀町遺跡","新宿区 白銀町 東五軒町","[縄文時代（前期～中期）][奈良時代][平安時代][近世]","包蔵地・集落・屋敷","[奈良時代][平安時代]竪穴住居跡 [近世]地下室 土坑 土取り痕 井戸 溝 柱穴 地鎮遺構 土蔵基礎 溝・溝状遺構 池跡 埋甕 埋桶 礎石 [近世]土坑 小穴 埋桶 地下室 土取穴 ごみ穴","縄文土器 弥生土器 土師器 須恵器 磁器 陶器 ?器 近世土器 瓦 土製品 金属製品 ガラス製品 石製品",139.7379333,35.70485643,"1"
1310501600,13105,"16","かみふじまえちょういせき","上富士前町遺跡","文京区 本駒込五丁目　本駒込六丁目","[縄文時代][弥生時代][古墳時代][奈良時代][平安時代][近世]","包蔵地・集落","[縄文時代]陥穴　[弥生時代]竪穴住居跡　[古墳時代]?[古代]住居跡　[近世]植物痕　土坑　地下室　井戸","縄文土器　弥生土器　瓦　金属器　近世陶磁器",139.7500408,35.73322968,"1"
1310503300,13105,"33","ゆみちょういせき","弓町遺跡","文京区 本郷一丁目","[旧石器時代][縄文時代][弥生時代（後期）][奈良時代][平安時代][中世][近世]","包蔵地・集落・屋敷","[奈良時代]堅穴住居　[近世]地下室　井戸　土坑","縄文土器・敲石　土器・陶磁器・金属器　（奈良）土師器・須恵器　（近世）陶磁器・土器",139.7564631,35.70617294,"1"
1310504700,13105,"47","ほんごうだいいせきぐん","本郷台遺跡群","文京区 本郷五丁目　本郷七丁目　弥生二丁目","[旧石器時代][縄文時代][弥生時代][古墳時代][平安時代][近世]","包蔵地・集落・貝塚・その他の墓・社寺・屋敷・その他（町屋）","[旧石器時代]石器ブロック　礫群　[縄文時代]遺物集中部　陥穴　[古墳時代]住居跡　[平安時代]住居跡　井戸　[近（近世）]地下式坑　建物跡　組石遺構　土坑　溝　庭園址　井戸　道路状遺構など","（旧石器）ナイフ形石器・石核・剥片・石屑　砕片　（縄文）土器・石器　（弥生）土器　（古墳）土師器・土製品・須恵器　（奈良）土師器・須恵器　（平安）土師器・須恵器・灰釉陶器・緑釉陶器・土錘　（近世）陶磁器・土器・瓦・土製品・石製品・金属製品・古銭・骨角製品・動物遺存体・?b器・瓦器・ガラス製品・木製品",139.7634819,35.71205684,"1"
1310504800,13105,"48","かすがちょう（こいしかわこうらくえん）いせき","春日町（小石川後楽園）遺跡","文京区 後楽一丁目　 春日一丁目","[旧石器時代][縄文時代][弥生時代][平安時代][近世]","包蔵地・集落・屋敷","井戸　道路　木樋　柱穴　上水道　土坑　屋敷跡","縄文土器　石器　弥生土器　土師器　須恵器　近世陶磁器類",139.7507982,35.70558749,"1"
1310505100,13105,"51","まさごちょう（まさご）いせき","真砂町（真砂）遺跡","文京区 本郷四丁目","[旧石器時代][縄文時代（早期?後期）][弥生時代][古墳時代][奈良時代][平安時代][中世][近世]","集落・屋敷","[縄文時代]炉穴　[奈良平安時代]住居跡　柱穴　土坑　[近世]上水道　井戸　地下室","縄文土器　土師器　須恵器　陶磁器類",139.7560167,35.70843107,"1"
1310505800,13105,"58","ほんごうもとまちいせき","本郷元町遺跡","文京区 本郷一丁目","[縄文時代（前期?中期）][奈良時代][平安時代][近世]","包蔵地・屋敷","[近世]土坑　水路","縄文土器　土師器　須恵器　陶磁器　土器　瓦　金属器",139.7568407,35.70266017,"1"
1310505900,13105,"59","かごまちいせき","駕籠町遺跡","文京区 本駒込二丁目","[旧石器時代][縄文時代][奈良時代][平安時代][近世]","包蔵地・集落・屋敷","[旧石器時代]石器ユニット 礫群　[縄文時代]陥穴 竪穴住居跡 土坑 小穴　[奈良・平安時代]竪穴住居跡　[近世]溝状遺構 土坑 井戸 土採り・切土跡 盛土造成跡 ピット 柱穴列 小穴 地下室 植栽痕","（旧石器時代）石器　(縄文時代)縄文土器 石器　(古代?中世)須恵器　（近世）陶磁器 ?b器 土器 土製品 木製品 銭貨 金属製品 石製品 ガラス製品 瓦 自然遺物 土類 生産関連遺物 その他",139.7475023,35.730117,"1"
1310506800,13105,"68","こまごめふじまえちょういせき","駒込富士前町遺跡","文京区 本駒込二丁目　本駒込三丁目","[縄文時代][平安時代][近世]","包蔵地・社寺・屋敷・その他（町屋）","[縄文時代]土坑　[近世]土坑　地下室　井戸　溝状遺構　小穴","（縄文）土器　（平安）須恵器　（近世）陶磁器・土器・瓦・土製品・金属製品・石製品・骨角製品・硝子製品など",139.7514849,35.72950385,"1"
1310507400,13105,"74","たつおかちょういせき","龍岡町遺跡","文京区 湯島四丁目　本郷七丁目","[縄文時代（前期・後期）][弥生時代][平安時代][近世]","集落・屋敷","[平安時代]住居　[近世]土坑　地下室　井戸","縄文土器　弥生土器　土師器　須恵器　陶磁器　土器　瓦　土錘",139.7655954,35.70937891,"1"
1310508500,13105,"85","やなぎさわけこまごめやしき（むくのたち・むくのその）あと","柳沢家駒込屋敷（六義館・六義園）跡","文京区 本駒込六丁目","[縄文時代][奈良時代][平安時代][近世]","包蔵地・屋敷・その他（庭園）","[縄文時代]風倒木痕 土坑 ピット　[奈良・平安時代]土坑 ピット　[近世]溝跡 地下室 土坑 植栽痕 柱穴 小穴 礎石 地業址 基礎 道路状遺構 瓦溜り","(縄文)土器 石器　(弥生)土器　(奈良・平安)須恵器 土師器　(近世)陶磁器 ?b器 土器 土製品 瓦 金属製品 木製品 石製品 自然遺物 土類",139.7464724,35.73290396,"1"
1310509400,13105,"94","すいどうにちょうめいせき","水道二丁目遺跡","文京区 水道二丁目","[平安時代][近世]","屋敷","[近世]土坑・井戸・盛土層・木杭","(古代)土師器 (近世)木製品 陶磁器 土器",139.737649,35.70946254,"1"
1310509700,13105,"97","だんござかうえいせき","団子坂上遺跡","文京区 千駄木一丁目　千駄木三丁目　千駄木五丁目","[旧石器時代][縄文時代（中期）][弥生時代（中期）][平安時代][近世]","包蔵地・集落・社寺・屋敷・その他（町屋）","[旧石器時代]遺物集中部　[縄文時代]堅穴住居跡　土坑　溝　埋甕　[弥生時代]堅穴住居跡　溝　溝状遺構　環濠　[平安]竪穴住居跡　溝　[近世]地下室　土坑　礎石　大型土坑　ピット　[近世以降]版築基礎建物跡　掘立柱建物跡　礎石　地下室　土坑　ピット群","（旧石器）ナイフ形石器・石核　（縄文）土器・土製品・石器・炉石　（弥生）土器・石器　（平安）土師器・須恵器・鉄製品・鉄滓　（近世）陶磁器・?b器・土器・瓦・土製品・銅製品・鉄製品・貝・金属製品・木製品・石製品など",139.7612503,35.72554791,"1"
1310510300,13105,"103","ほんごういっちょうめみなみいせき","本郷一丁目南遺跡","文京区 本郷一丁目","[旧石器時代][縄文時代][弥生時代][古墳時代][奈良時代][平安時代][近世]","包蔵地・集落・屋敷","[縄文時代]住居　[弥生時代]住居　[古墳時代]住居　[近世]地下室　溝　井戸","石器　縄文土器　弥生土器　須恵器　土師器　近世陶磁器",139.7564974,35.70341292,"1"
1310511800,13105,"118","こひなたいち・にちょうめみなみいせき","小日向一・二丁目南遺跡","文京区 小日向一丁目　小日向二丁目","[縄文時代][古墳時代][奈良時代][平安時代][中世][近世]","包蔵地・集落・その他の墓・社寺・屋敷・その他（町屋）","[古墳時代]堅穴住居跡　炉跡　土坑など　[近世]土坑　甕棺墓　木棺墓　土器棺墓　蔵骨器　直葬墓　便所跡　建物基礎跡　神田上水　盛土","（縄文）土器　（古墳）土師器・須恵器　（古代）土師器・須恵器　（中世）陶器・土器　（近世）陶磁器・人骨・土器・金属製品・木製品・甕棺・墓石・間知石・胴木など",139.739594,35.712051,"1"
1310512700,13105,"127","ほんごうさんちょうめみなみいせき","本郷三丁目南遺跡","文京区 本郷三丁目","[縄文時代][奈良時代][平安時代][中世][近世]","包蔵地･屋敷","[縄文時代]柱穴　[奈良・平安時代]柱穴　[近世]地下室　土坑等","縄文土器　陶磁器　土師器",139.7625399,35.70243713,"1"
1310512900,13105,"129","こひなたいっちょうめひがしいせき","小日向一丁目東遺跡","文京区 小日向一丁目","［縄文時代］［弥生時代］［古墳時代］［奈良時代］［平安時代］［中世］［近世］","包蔵地・集落・その他の墓・屋敷","［縄文時代］ファイヤーピット?　［弥生時代］?［古墳時代］竪穴住居跡　［奈良時代］［平安時代］竪穴住居跡　土坑　［近世］地下室　溝状遺構　土坑　柱穴","［縄文時代］土器片　［弥生時代］土器片　［奈良時代］［平安時代］土師器　須恵器　石製品　［近世］陶磁器　土器　瓦　石製品　金属製品　土製品　炉器",139.7382326,35.71367191,"1"
1310513400,13105,"134","こひなたいっちょうめきたいせき","小日向一丁目北遺跡","文京区 小日向一丁目","［縄文時代］［古墳時代］［奈良時代］［平安時代］［近世］","包蔵地・屋敷","","［縄文時代］土器片　［古墳］土師器　［古代］土師器　須恵器　［近世］陶磁器　土器　?b器　瓦　金属製品",139.73734,35.71464756,"1"
1310901100,13109,"11","みなみしながわおうけつぼぐん","南品川横穴墓群","品川区 南品川五丁目","[奈良時代][平安時代]","横穴墓","横穴墓","鉄製腕輪　人骨",139.738493,35.60802199,"1"
1310901300,13109,"13","せんだいざかいせき","仙台坂遺跡","品川区 東大井四丁目","[縄文時代（後期）][古墳時代][奈良時代][平安時代][近代]","包蔵地・屋敷・その他（工場跡）","[近世]ピット　土坑　石垣","縄文土器　石器　石弾　土錘　石棒　自然遺物　土師器　陶磁器　瓦　土製品　土錘　鉄製品　煙管　銭貨　ガラス製品　蝋石　獣骨",139.7403673,35.60697621,"1"
1311000100,13110,"1","とうきょうだいがくこまばこうないいせき","東京大学駒場構内遺跡","目黒区 駒場三丁目","[旧石器時代][縄文時代（草創期～早期・中期・晩期）][平安時代][近世]","集落","[旧石器時代]礫群　[縄文時代]住居　集石　　炉穴　土坑　小穴[平安時代]火葬墓　[近世]土坑　小穴","縄文土器　打製石斧　剥片　平安時代土器",139.6851627,35.66038101,"1"
1311000300,13110,"3","ひかわいせき","氷川遺跡","目黒区 大橋二丁目","［旧石器時代］[縄文時代（早期～後期）][弥生時代（前期～後期）][古墳時代][奈良時代][平安時代][中世][近世]［近代］","集落 その他（軍施設）","[縄文時代]土坑　小穴　炉穴　陥穴　[弥生時代～古墳時代]竪穴住居跡　堀立柱建物跡　土坑　小穴　[平安時代]火葬墓　溝　[近世]溝　土坑　小穴　［近代］煉瓦構造物","縄文土器　剥片　打製石斧　石鏃　スタンプ形石器　磨石　石皿　弥生土器　弥生時代末～古墳時代初期土器　金属製品　土製品　奈良時代須恵器　平安時代土器　瓦　板状鉄製品　中近世陶磁器　釘　鎹　銭貨　近代陶磁器　ガラス製品　金属製品　銭貨　?　煉瓦",139.6875316,35.65337917,"1"
1311000800,13110,"8","ひがしやまかいづかいせき","東山貝塚遺跡","目黒区 東山二丁目　東山三丁目","[旧石器時代][縄文時代（早期～晩期）][弥生時代（後期）][古墳時代][平安時代][中世][近世][近代]","集落　貝塚　その他（軍施設）","[旧石器時代]礫群　石器ブロック　[縄文時代]竪穴住居跡　土坑　土壙　土器埋設遺構　落し穴　木杭列　植物遺存体集中　小穴　柱穴群　[弥生時代]竪穴住居跡　溝　土坑　[古墳時代]土坑　[中世]溝　[近世]溝　土坑　［近代］地下式遺構　煉瓦構造物　溝","縄文土器　土偶　土製円盤　土器片錘　打製石斧　磨製石斧　弥生土器　古墳時代土器　陶磁器　細石刃　尖頭器　剥片　角錐状石器　削器　石鏃　敲石　石皿　垂飾　掻器　凹石　磨石　砥石　スタンプ形石器　石剣　石錐　石棒　土版　土製勾玉　耳栓　土錘　土玉　弭形角製品　ヤス状刺突具　骨針　浮子 （平安時代）　瓦　（近代）陶磁器　ガラス製品　鉄製品",139.6866739,35.64782322,"1"
1311002900,13110,"29","みなみいせき","南遺跡","目黒区 南三丁目","[縄文時代（早期・中期～後期）][平安時代][中世][近世]","集落","[縄文時代]住居　炉穴　土坑　小穴","[縄文時代]縄文土器　打製石斧　石鏃　石槌　石棒　磨製石斧　抉入磨石　土製円盤　[平安時代]須恵器　土師器　[中世]土師質土器　[近世]陶器",139.6873992,35.61210641,"1"
1311003300,13110,"33","とうこうじうらやまいせき","東光寺裏山遺跡","目黒区 八雲一丁目","[旧石器時代][縄文時代（草創期～後期）][平安時代][中世][近世]","集落","[縄文時代]土坑　落とし穴　焼土　[平安時代]住居　火葬墓　[中世][近世]土坑　溝　井戸　道路状遺構","縄文土器　打斧　石鏃　石皿　土師器　須恵器　カワラケ　板碑　陶磁器　煙管　銭貨　瓦質陶製印板　尖頭器　ナイフ形石器　掻器　剥片　スタンプ形石器　磨石　敲石",139.6726427,35.62084051,"1"
1311004700,13110,"47","おおはしいせき","大橋遺跡","目黒区 大橋二丁目","[旧石器時代][縄文時代（草創期～晩期）][弥生時代（後期）][古墳時代][平安時代][中世][近世][近代]","集落　その他（軍施設）","[旧石器時代]石器集中　礫集中部　[縄文時代]住居　集石　炉穴　土坑　小穴　埋甕　土器敷き遺構　[弥生時代][古墳時代]住居　[平安時代]火葬墓　[中世]土坑　[近世]溝　小穴　[近代]煉瓦構造物","ナイフ形石器　角錐状石器　剥片　礫器　縄文土器　打斧　磨斧　耳栓　有舌尖頭器　石鏃　掻器　石匙　石皿　石棒　磨石　敲石　土製円盤　けつ状耳飾　土偶　弥生土器　陶磁器　銭貨　彫刻刀形石器　管状土錘　土師器　中世土器　瓦　（近世）陶磁器　金属製品　銭貨　(近代)陶磁器　金属製品　ガラス製品　煉瓦",139.684373,35.65446715,"1"
1311104900,13111,"49","ゆきがやぎょうにんづか","雪ヶ谷行人塚","大田区 東雪谷二丁目","[奈良時代][平安時代]","墳墓","","",139.6847028,35.5965309,"1"
1311105700,13111,"57","ゆきがやかいづか","雪ヶ谷貝塚","大田区 南雪谷二丁目　 南雪谷三丁目　 南雪谷四丁目　 南雪谷五丁目","[旧石器時代][縄文時代（早期～前期）][弥生時代（後期）][古墳時代][平安時代]","集落・貝塚・その他の墓","","縄文土器　縄文石器　石鏃　石槍　弥生土器",139.6844687,35.58976951,"1"
1311107000,13111,"70","くまのじんじゃまえかいづか・あらいじゅくじょうあと","熊野神社前貝塚・新井宿城跡","大田区 山王三丁目","[奈良時代][平安時代][中世]","貝塚・城館","","土師器　須恵器　獣骨",139.721874,35.58434285,"1"
1311107100,13111,"71","くまのじんじゃふきんよこあなぼぐん","熊野神社付近横穴墓群","大田区 山王三丁目","[古墳時代][平安時代]","横穴墓","","土師器　須恵器　人骨",139.7208869,35.58397639,"1"
1311108200,13111,"82","ゆきがやささまるおおつか","雪ヶ谷笹丸大塚","大田区 東雪谷一丁目","[奈良時代][平安時代]","墳墓","","",139.6880781,35.5987558,"1"
1311109200,13111,"92","じゅうにてん（じゅうにてんにし）いせき","十二天（十二天西）遺跡","大田区 中央八丁目","[奈良時代][平安時代]","官衙","","須恵器　土師器　灰釉陶器　銅製?帯　木製品",139.7176412,35.57159067,"1"
1311109300,13111,"93","おなづかかいづか","女塚貝塚","大田区 西蒲田四丁目　 西蒲田五丁目","[弥生時代（後期）][奈良時代][平安時代]","貝塚・その他（祭祀遺構）","井戸","土師器　砥石　鉄器　滑石製紡錘車　石製品",139.717035,35.56813481,"1"
1311109500,13111,"95","えんとんじかいづか","円頓寺貝塚","大田区 蒲田二丁目","[奈良時代][平安時代]","貝塚","","土師器　須恵器",139.7239014,35.56501045,"1"
1311109900,13111,"99","みちづかかいづか","道塚貝塚","大田区 新蒲田三丁目","[奈良時代][平安時代]","貝塚","","土師器　須恵器",139.7061345,35.55748705,"1"
1311110200,13111,"102","てんそじんじゃかいづか","天祖神社貝塚","大田区 西糀谷四丁目","[奈良時代][平安時代]","貝塚","","土師器",139.7305748,35.5558112,"1"
1311110300,13111,"103","しもぶくろかいづか","下袋貝塚","大田区 北糀谷一丁目","[奈良時代][平安時代]","貝塚","","須恵器",139.7354457,35.56139721,"1"
1311110400,13111,"104","まえかたかいづか","前方貝塚","大田区 大森中二丁目　 大森中三丁目","[奈良時代][平安時代]","貝塚","","土師器",139.731695,35.56634979,"1"
1311110800,13111,"108","いけがみ・ひらつかいせき","池上・平塚遺跡","大田区 上池台一丁目","[奈良時代][平安時代]","墳墓","","",139.6992915,35.59965382,"1"
1311114100,13111,"141","まごめきたくぼいせき","馬込北久保遺跡","大田区 南馬込一丁目","[平安時代]","墳墓","","蔵骨器",139.7129745,35.59068839,"1"
1311114700,13111,"147","まごめなかいいせき","馬込仲井遺跡","大田区 南馬込四丁目","[平安時代]","墳墓","","蔵骨器",139.7153385,35.58594297,"1"
1311118500,13111,"185","はまばたかいづか","浜端貝塚","大田区 大森東三丁目","[平安時代]","貝塚","","土師器",139.7377773,35.57039235,"1"
1311120100,13111,"201","せいこうあんかいづか","清光庵貝塚","大田区 西糀谷一丁目","[奈良時代][平安時代]","貝塚","","",139.7308758,35.55996708,"1"
1311120200,13111,"202","にしこうじやこうしんづか","西糀谷庚申塚","大田区 西糀谷一丁目　 西糀谷二丁目　 西糀谷三丁目　 西糀谷四丁目","[奈良時代][平安時代]","貝塚","","",139.7333488,35.55691223,"1"
1311120600,13111,"206","まちやいなりかいづか","町屋稲荷貝塚","大田区 西六郷一丁目","[奈良時代][平安時代]","貝塚","","",139.7094385,35.55430802,"1"
1311120800,13111,"208","にしろくごういっちょうめ22ばんかいづか","西六郷一丁目22番貝塚","大田区 西六郷一丁目","[奈良時代][平安時代][中世]","貝塚","","",139.7065417,35.55395887,"1"
1311121200,13111,"212","たかはたかいづか","高畑貝塚","大田区 西六郷二丁目","[奈良時代][平安時代]","貝塚","","",139.707502,35.54839006,"1"
1311121300,13111,"213","まちや242ばんかいづか","町屋242番貝塚","大田区 仲六郷一丁目","[奈良時代][平安時代]","貝塚","","",139.7134392,35.55298868,"1"
1311121700,13111,"217","とうよういんうらかいづか","東陽院裏貝塚","大田区 仲六郷四丁目","[奈良時代][平安時代]","貝塚","","",139.7096275,35.54425197,"1"
1311121900,13111,"219","ろくごうばしふきんかいづか","六郷橋付近貝塚","大田区 仲六郷四丁目","[奈良時代][平安時代]","貝塚","","土器",139.7079967,35.54011399,"1"
1311122000,13111,"220","かんじょうじうらかいづか","勧乗寺裏貝塚","大田区 東六郷三丁目","[奈良時代][平安時代]","貝塚","","",139.7120093,35.54222665,"1"
1311122600,13111,"226","うめだいせき","梅田遺跡","大田区 南馬込六丁目","[平安時代][中世]","墳墓","地下式坑","人骨（1体）",139.7058846,35.58289697,"1"
1311200100,13112,"1","からすやまいせき","烏山遺跡","世田谷区 北烏山六丁目　 北烏山七丁目　 北烏山八丁目　 北烏山九丁目","[旧石器時代][縄文時代（早期～後期）][古墳時代][奈良時代][平安時代][近世]","集落","ピット　陥穴　円形土坑　溝　畝　道路","縄文土器　石器　土師器　石墨　陶磁器　銭貨　煙管",139.59153,35.67412332,"1"
1311200300,13112,"3","そしがやおおみちきたいせき","祖師谷大道北遺跡","世田谷区 上祖師谷六丁目　上祖師谷七丁目　給田一丁目","[旧石器時代][縄文時代（中期～後期）][弥生時代（後期）][古墳時代][奈良時代][平安時代][中世][近世]","集落","[旧石器時代]ブロック　[縄文時代]住居　竪穴　[古墳時代]住居　[中世][近世]井戸　地下式土坑　[時期不明]ピット　溝","ナイフ形石器　削器　縄文土器　石器　土師器　鉄鏃　陶器　カワラケ　土師質土器　羽釜　内耳鍋　鉄片　石臼　板碑　漆器　桶",139.596436,35.659981,"1"
1311200700,13112,"7","つりがねいけきたいせき","釣鐘池北遺跡","世田谷区 上祖師谷三丁目　 祖師谷六丁目","[縄文時代（早期～晩期）][平安時代][中世][近世]","集落","[縄文時代]住居　集石土坑　土坑　ピット　[平安時代][中世][近世]竪穴　ピット　土坑　溝　炭窯","縄文土器　打斧　磨斧　石鏃　土製円板　大珠　土師器　須恵器　土師質土器　陶磁器　カワラケ　銭貨",139.6035377,35.65423201,"1"
1311200900,13112,"9","きぬたちゅうがっこういせき","砧中学校遺跡","世田谷区 成城一丁目　 成城三丁目","[旧石器時代][縄文時代（早期～晩期）][弥生時代][古墳時代][平安時代][近世]","集落","[縄文時代]住居址　土坑　集石　ピット　礫群　[弥生時代]住居址　[古墳時代]住居址　古墳周溝　[古（以降）]集石土坑　土坑　ピット　溝　[近世]竪穴　土坑　ピット　溝","（縄文）縄文土器・石器　（弥生）土器、　（古墳）土師器・須恵器・石器・刀子　（近世）陶器",139.6006734,35.63379948,"1"
1311201800,13112,"18","しものしんめいいせき","下神明遺跡","世田谷区 成城一丁目　成城三丁目","[旧石器時代][縄文時代（早期・中期～後期）][弥生時代][古墳時代][奈良時代][平安時代][中世][近世]","集落","[旧石器時代]ブロック　ブロック　礫群　[縄文時代]土坑　ピット　土坑　[古墳時代]住居址　[平安時代]住居址　[近世]溝　土坑　ピット　溝","（旧石器）石器・剥片　（縄文）縄文土器・石器　（古墳）土師器・石器　（平安）土師器・須恵器・砥石　（近世）煙管",139.5990011,35.63509307,"1"
1311201900,13112,"19","かみのしんめいいせき","上神明遺跡","世田谷区 成城四丁目　 成城五丁目","[旧石器時代][縄文時代（早期～晩期）][弥生時代][古墳時代][平安時代][中世][近世]","集落","[縄文時代]住居　土坑　[弥生時代][古墳時代]住居　ピット群　方形周溝墓","石器　縄文土器　弥生土器　土師器　須恵器　鉄製品　土製品",139.5923661,35.6414265,"1"
1311202300,13112,"23","みやのはらいせき","宮之原遺跡","世田谷区 喜多見四丁目","[旧石器時代][縄文時代（早期～中期）][古墳時代][奈良時代][平安時代][近世]","集落","[縄文時代]集石　[弥生時代]住居　[古墳時代]住居","縄文土器　石器　弥生土器　土師器　須恵器　灰釉陶器　鉄鏃　刀子　鉄製農工具　土師質土器　瓦　砥石　土器片錘　土錘",139.5935426,35.62879711,"1"
1311204500,13112,"45","にしやとおうけつぼぐん・にしやといせき","西谷戸横穴墓群・西谷戸遺跡","世田谷区 大蔵四丁目　 岡本三丁目","[旧石器時代][古墳時代][奈良時代][平安時代]","集落・横穴墓","[旧石器時代]ブロック　礫群　[古墳時代]33基　[奈良～平安時代]住居","縄文土器　弥生土器　土師器　須恵器　石器　鉄鏃　直刀　刀子　装飾品（玉類他）",139.611984,35.63039,"1"
1311205200,13112,"52","どうがやといせき","堂ヶ谷戸遺跡","世田谷区 岡本一丁目　 岡本二丁目　 岡本三丁目","[旧石器時代][縄文時代（早期～晩期）][弥生時代（後期）][古墳時代][奈良時代][平安時代][中世][近世]","集落","[縄文時代]住居　集石　集石土坑　土坑　ピット　[弥生時代][古墳時代][奈良時代][平安時代]住居　竪穴　[近世]溝","石器　縄文土器　弥生土器　土製品　土師器　須恵器　鉄製品　銅鏃　玉類　陶磁器　砥石　煙管",139.620575,35.624981,"1"
1311205400,13112,"54","ふなばしほんむらきたいせき","船橋本村北遺跡","世田谷区 船橋四丁目　 船橋七丁目","[縄文時代（早期～中期）][古墳時代][奈良時代][平安時代]","集落","[縄文時代]集石　炉穴群　土坑　[奈良時代][平安時代]住居　井戸","縄文土器　石珠　土師器",139.619125,35.65461,"1"
1311210500,13112,"105","せたいせき・せたじょうせき","瀬田遺跡・瀬田城跡","世田谷区 瀬田一丁目 瀬田二丁目","[旧石器時代][縄文時代（早期～後期）][弥生時代（後期）][古墳時代][奈良時代][平安時代][中世][近世]","集落・城館","[旧石器時代]ブロック 礫群 [縄文時代]住居 土坑 ピット [弥生時代～古墳時代]住居 [奈良～平安時代]住居 [近世]ピット 土坑 井戸 溝 配石","石器 縄文土器 石器 礫 けつ状耳飾 弥生土器 土師器 須恵器 陶器 灰釉陶器 土製品 陶磁器",139.6318,35.61599,"1"
1311210700,13112,"107","しもやまいせき","下山遺跡","世田谷区 瀬田四丁目 瀬田五丁目","[旧石器時代][縄文時代（早期～晩期）][弥生時代（後期）][古墳時代][奈良時代][平安時代][中世][近世]","集落","[旧石器時代]ブロック 礫群 [縄文時代]住居 集石 炉穴 土坑 ピット [弥生時代]環濠 住居 方形周溝墓 墓壙 甕棺 溝状遺構 [古墳時代]住居 円形周溝墓 [奈良時代][平安時代]住居","ナイフ形石器 尖頭器 礫器 縄文土器 打斧 石鏃 土錘 けつ状耳飾 弥生土器 抉入石斧 石包丁 石皿 土師器 須恵器 土製紡錘車 土製勾玉 ソロバン玉状土製品 石櫃 陶磁器 カワラケ 瓦質土器 煙管 銭貨",139.6244,35.62158,"1"
1311211700,13112,"117","かまがやいせき","鎌ヶ谷遺跡","世田谷区 瀬田一丁目","[旧石器時代][縄文時代（早期～中期）][弥生時代（後期）][古墳時代][奈良時代][平安時代][中世][近世]","集落","[旧石器時代]ブロック 礫群 [縄文時代]土坑 ピット [弥生時代][古墳時代]V字溝 溝状遺構","縄文土器 石器 弥生土器 土師器 須恵器 陶器",139.6336,35.6134,"1"
1311214300,13112,"143","すわやまいせき","諏訪山遺跡","世田谷区 奥沢一丁目 奥沢三丁目","[旧石器時代][縄文時代（早期～後期）][弥生時代（後期）][平安時代][中世][近世]","集落","[縄文時代]住居 竪穴 集石 集石土坑 焼土 土坑 ピット [平安時代]土坑 火葬墓 [中世]焼土 溝 [近世]溝","縄文土器 石器 土錘 耳栓 土製品 礫 土師器 須恵器 土師質土器 陶器 陶磁器 鉄板 人骨",139.6748,35.60334,"1"
1311215900,13112,"159","きたみじんやいせき","喜多見陣屋遺跡","世田谷区 喜多見一丁目 喜多見三丁目 喜多見四丁目","[旧石器時代][縄文時代（早期～晩期）][弥生時代（中期～後期][古墳時代][奈良時代][平安時代][中世][近世]","集落","[旧石器時代]ブロック [縄文時代]住居 炉穴 土坑 [弥生時代]住居 溝 [古墳時代]住居 竪穴 方形周溝墓 周溝 棺 墓壙 [奈良～平安時代]住居 地下式土坑 [中世～近世]掘立柱建物 ピット 礎石 土坑 井戸 溝 堀 池","石器 縄文土器 弥生土器 土師器 須恵器 埴輪 臼玉 ガラス玉 灰釉 緑釉 陶磁器 土師質土器 鉄製品 鉄鏃 釘 茶臼 羽口 瓦 板碑 銭貨 胞衣容器 人骨 灰釉陶器 円筒埴輪 土製品 鉱滓",139.5966,35.6261,"1"
1311221600,13112,"216","せたちゅうがっこういせき","瀬田中学校遺跡","世田谷区 瀬田二丁目","[平安時代]","墓地","","蔵骨器 人骨",139.6334266,35.61805402,"1"
1311223300,13112,"233","みしまのやしき・しもがくとうみなみいせき","三島野屋敷・下覚東南遺跡","世田谷区 喜多見九丁目","[縄文時代（草創期～中期）][弥生時代][古墳時代][奈良時代][平安時代][近世]","集落","","縄文土器 弥生土器 土師器 陶磁器",139.585719,35.64107299,"1"
1311224500,13112,"245","いしいどづか","石井土塚","世田谷区 大蔵三丁目","[古墳時代][奈良時代][平安時代][中世][近世]","塚？","方墳","",139.6073487,35.63401113,"1"
1311224600,13112,"246","かるたいせき","嘉留多遺跡","世田谷区 成城一丁目","[旧石器時代][縄文時代（早期～晩期）][奈良時代][平安時代]","集落","[旧石器時代]ブロック 礫群 炭化物集中箇所 [縄文時代]住居 竪穴状遺構 集石土坑 炉穴群 土坑 ピット [近世]溝状遺構 道路","縄文土器 石器 弥生土器 土師器 須恵器 炭化果核 銭貨",139.6031945,35.63250431,"1"
1311224900,13112,"249","せたうえはらいせき","瀬田上原遺跡","世田谷区 瀬田五丁目","[奈良時代][平安時代][中世]","包蔵地","","土師器 須恵器 カワラケ",139.6246306,35.62443671,"1"
1311226400,13112,"264","きたみしみずいせき","喜多見清水遺跡","世田谷区 喜多見五丁目","[縄文時代（早期・中期～後期）][古墳時代][奈良時代][平安時代][中世][近世]","集落","[奈良時代][平安時代]住居 [中世][近世]土坑 地下式土坑 井戸 溝","縄文土器 土師器 須恵器 土師質土器 陶磁器 石臼 鉄製品",139.6029495,35.62791983,"1"
1311226500,13112,"265","しものだやまいせき","下野田山遺跡","世田谷区 喜多見六丁目","[旧石器時代][古墳時代][奈良時代][平安時代][中世][近世]","集落","[旧石器時代]ブロック","石器 焼礫 土師器 陶器 カワラケ",139.6039245,35.6300624,"1"
1311228000,13112,"280","きたみなかどおりいせき","喜多見中通遺跡","世田谷区 喜多見七丁目","[縄文時代（中期～晩期）][古墳時代][奈良時代][平安時代][中世][近世]","集落","","土師器",139.5953277,35.63203595,"1"
1311228100,13112,"281","たなおしいせき","田直遺跡","世田谷区 大蔵五丁目","[旧石器時代][縄文時代(早期～後期)][奈良時代][平安時代][中世][近世]","集落","[旧石器時代]ブロック [縄文時代]住居址 土坑 炉穴 集石 ピット 配石 遺物集中部 土器埋設土坑 [古代以降]溝 土坑 ピット [中世以降]土坑 [近世以降]段切り ピット","[旧石器時代]石器 [縄文時代]土器 石器 土製品 石製品（装飾品） [古代以降]土師器 須恵器 [中世以降]陶磁器 [近世以降]陶磁器",139.6064007,35.62882062,"1"
1311228500,13112,"285","うなねほんむらいせき","宇奈根本村遺跡","世田谷区 宇奈根二丁目","[古墳時代][奈良時代][平安時代][中世][近世]","包蔵地","","土師器 陶磁器",139.6021049,35.62118808,"1"
1311228800,13112,"288","おかもとまえこうちいせき","岡本前耕地遺跡","世田谷区 岡本二丁目","[縄文時代（早期～晩期）][弥生時代][古墳時代][奈良時代][平安時代][中世][近世]","集落","[縄文時代]集石 杭列 [近世]溝","縄文土器 石器 土製品 石製品 木製品 浮子 弥生土器 土師器 須恵器 灰釉 陶磁器",139.6192162,35.62029178,"1"
1311232500,13112,"325","たいしどうしもほんむらいせき","太子堂下本村遺跡","世田谷区 三宿二丁目 太子堂三丁目","[旧石器時代][縄文時代（早期～後期）][古墳時代][奈良時代][平安時代][近世]","集落","","",139.6721799,35.65106232,"1"
1311300200,13113,"2","","渋谷区№2遺跡","渋谷区 代々木四丁目","[縄文時代][古墳時代][奈良時代][平安時代][近世]","包蔵地・古墳","円墳","縄文土器　土師器　陶磁器",139.6924308,35.67891625,"1"
1311302600,13113,"26","","渋谷区№26遺跡","渋谷区 代々木神園町","[縄文時代（中期）][弥生時代][奈良時代][平安時代]","包蔵地","","縄文土器　弥生土器　土師器　須恵器",139.69809,35.66961276,"1"
1311305800,13113,"58","とよさわかいづか","豊沢貝塚","渋谷区 恵比寿二丁目","[縄文時代（早期～晩期）][弥生時代（後期）][古墳時代][平安時代]","集落・貝塚","[縄文時代]住居　土坑　埋甕　陥穴　墓壙　掘立柱建物　[平安時代]掘立柱建物","縄文土器　打製石斧　磨製石斧　石鏃　石皿　磨石　石剣　土偶　砥石　土師器　弥生土器　須恵器　縄文人骨",139.720998,35.64621084,"1"
1311309400,13113,"94","","渋谷区№94遺跡","渋谷区 神南二丁目","[縄文時代][古墳時代][奈良時代][平安時代]","包蔵地","","縄文土器　土師器　須恵器",139.6987766,35.66623784,"1"
1311402100,13114,"21","","中野区№21遺跡","中野区 丸山二丁目","[奈良時代][平安時代]","包蔵地","","土師器",139.651718,35.72525995,"1"
1311402200,13114,"22","","中野区№22遺跡","中野区 江古田一丁目","[平安時代]","包蔵地","","蔵骨器",139.6745833,35.72425655,"1"
1311405400,13114,"54","あらいきたのじんじゃいせき","新井北野神社遺跡","中野区 新井四丁目","[奈良時代][平安時代]","包蔵地","","土師器",139.6665324,35.71508607,"1"
1311407500,13114,"75","みやさとちょうひかわじんじゃ","宮里町氷川神社遺跡","中野区 本町四丁目","[弥生時代][奈良時代][平安時代]","包蔵地","","弥生土器　土師器　須恵器　鈴　鏡破片　刀剣　鉄滓",139.6740239,35.69423138,"1"
1311407900,13114,"79","","中野区№79遺跡","中野区 本町六丁目","[奈良時代][平安時代]","包蔵地","","土師器",139.66447,35.69528811,"1"
1311410100,13114,"101","ぬまぶくろちょうひかわじんじゃけいだいぞうこつかめまいぞうち","沼袋町氷川神社境内蔵骨甕埋蔵地","中野区 沼袋一丁目","[奈良時代]？[平安時代]？","単独出土地","","蔵骨器（土師器）",139.6662062,35.719769,"1"
1311503100,13115,"31","まるやまいせき","丸山遺跡","杉並区 西荻北二丁目","[縄文時代][平安時代]","集落","[縄文時代]土杭　[平安時代]住居跡","縄文土器　石器　土師器",139.601947128682,35.7067564273284,"1"
1311503700,13115,"37","かわなみいせき","川南遺跡","杉並区 荻窪二丁目","[旧石器時代][縄文時代][古墳時代][奈良時代][平安時代]","包蔵地","","縄文土器　土師器　ナイフ形石器　掻器　石核　剥片",139.622220095255,35.6961796346759,"1"
1311506300,13115,"63","むこうやまいせき","向山遺跡","杉並区 堀ノ内二丁目","[縄文時代（中期）][平安時代][中世][近世]","集落跡","[古墳時代]住居　[平安時代]住居　[近世]竪穴状遺構　柱穴列　溝状遺構","縄文土器　土師器　須恵器　支脚　紡錘車　陶器　カワラケ　板碑　陶磁器　抜型　人形　泥面子　土笛　ままごと道具",139.652159748901,35.6856518665046,"1"
1311506500,13115,"65","ほりのうちなかどおりいせき","堀ノ内中通遺跡","杉並区 堀ノ内二丁目","[縄文時代（中期）][弥生時代][古墳時代][奈良時代][平安時代]","包蔵地","[縄文時代]住居","縄文土器　土師器　須恵器",139.651267110265,35.6872134473887,"1"
1311506800,13115,"68","ほんむらはらいせきしーちてん","本村原遺跡C地点","杉並区 和田一丁目","[縄文時代（早期～後期）][弥生時代（後期）][古墳時代][平安時代][近世]","包蔵地・集落","[縄文時代]陥穴　[弥生時代]住居　[平安時代]住居　[近世]土坑　溝　植栽跡　段切り状遺構","縄文土器　弥生土器　埴輪　土師器　須恵器　陶磁器　炉器　土器　瓦　土製品　石製品　金属製品　銭貨　ガラス製品",139.662614032148,35.6936162124348,"1"
1311509100,13115,"91","","杉並区№91遺跡","杉並区 和泉二丁目","[縄文時代（中期）][奈良時代][平安時代]","包蔵地","","縄文土器　土師器",139.649825153127,35.6747199242506,"1"
1311511200,13115,"112","","杉並区№112遺跡","杉並区 高円寺南二丁目","［縄文時代（中期）］[古墳時代][奈良時代][平安時代][近世]","包蔵地","","縄文土器　土師器　陶磁器",139.653131553174,35.7002740623489,"1"
1311514000,13115,"140","","杉並区№140遺跡","杉並区 井草五丁目","[縄文時代][奈良時代][平安時代]","包蔵地","","縄文土器　土師器",139.607063177493,35.7265158510209,"1"
1311514100,13115,"141","","杉並区№141遺跡","杉並区 井草五丁目　 上井草二丁目","[奈良時代][平安時代]","包蔵地","","土師器",139.605895879605,35.7247878052249,"1"
1311514300,13115,"143","","杉並区№143遺跡","杉並区 井草四丁目","[縄文時代（中期）][奈良時代][平安時代][近世]","包蔵地","","縄文土器　土師器　陶器",139.610633733347,35.7284389538132,"1"
1311515200,13115,"152","","杉並区№152遺跡","杉並区 井草一丁目","[奈良時代][平安時代]","包蔵地","","土師器",139.62267548639,35.7270759936221,"1"
1311515500,13115,"155","","杉並区№155遺跡","杉並区 天沼二丁目","[縄文時代][奈良時代][平安時代]","包蔵地","","縄文土器　土師器",139.623334141316,35.7060617644264,"1"
1311516200,13115,"162","","杉並区№162遺跡","杉並区 阿佐谷南一丁目","[古墳時代][奈良時代][平安時代]","包蔵地","","土師器",139.64177057248,35.6995657970881,"1"
1311516600,13115,"166","","杉並区№166遺跡","杉並区 高円寺南一丁目","[縄文時代][奈良時代][平安時代]","包蔵地","","縄文土器　土師器",139.66016966832,35.6980993477082,"1"
1311516800,13115,"168","","杉並区№168遺跡","杉並区 永福一丁目","[縄文時代（早期～中期）][古墳時代][奈良時代][平安時代][近世]","包蔵地","","縄文土器　土師器　須恵器",139.644040149747,35.6722775433842,"1"
1311517100,13115,"171","がっけいせき","崕遺跡","杉並区 和泉一丁目　 和泉四丁目","[縄文時代（中期）][古墳時代][奈良時代][平安時代][近世]","包蔵地・集落","[近世]竪穴式遺構　土坑　墓壙　溝　柱穴列　道路状遺構　半地下倉庫","尖頭器　スタンプ形石器　敲石　縄文土器　土師器　須恵器　陶磁器　土器　炉器　瓦　銭貨　金属製品　石製品　土製品　木製品",139.655283985438,35.6769510561602,"1"
1311600100,13116,"1","ひかわじんじゃうらかいづか","氷川神社裏貝塚","豊島区 池袋本町二丁目　 池袋本町三丁目","[縄文時代（前期～晩期）][弥生時代][平安時代][近世]","包蔵地・貝塚","[近世]土坑　生垣　溝　道　掘立柱建物　作物貯蔵孔　動物埋葬墓　畝状遺構","縄文土器　石斧　石鏃　玉類　土偶　弥生土器　土師器　須恵器　陶磁器　土器　土製品　石製品　金属製品　渡来銭　硝子製品　動物遺体",139.7105424,35.74290873,"1"
1311600200,13116,"2","いけぶくろひがしかいづか","池袋東貝塚","豊島区 池袋本町三丁目　 池袋本町四丁目","[縄文時代（前期）][古墳時代][奈良時代][平安時代][中世]","包蔵地・貝塚","竪穴住居址　ピット　溝状遺構　畠畝　礎石　道","縄文土器　弥生土器　石斧　石皿　凹石　敲石　土師器　須恵器　陶磁器　瓦　金属製品",139.7141473,35.74416267,"1"
1311601100,13116,"11","たかまついせき","高松遺跡","豊島区 高松二丁目　 高松三丁目","[縄文時代（中期？）][平安時代？][近世]","包蔵地","","縄文土器　打斧　陶器　ナイフ形石器　弥生土器　磁器　陶器　土器　土製品　瓦　石製品　金属製品　硝子製品",139.6983545,35.73959264,"1"
1311601200,13116,"12","ぞうしがやいせき","雑司が谷遺跡","豊島区 雑司が谷二丁目　 雑司が谷三丁目","[縄文時代（早期）][平安時代][中世][近世]","包蔵地・その他（町屋）","[近世]掘立柱建物　方形竪穴　地下室　門　植栽痕　ゴミ穴　井戸　溝　柵列　ピット　胞衣埋納遺構　甕埋設遺構　石積　溝状遺構　礎石建物　土坑","題目板碑　縄文土器　土師器　板碑　陶磁器　土器　舶載磁器　土製品　石製品　金属製品　銭貨　瓦　石製品　硝子製品　金属製品　動物遺体",139.714113,35.72075244,"1"
1320200200,13202,"2","とのがやしんでんいせき","殿ヶ谷新田遺跡","立川市 西砂町五丁目","[縄文時代（中期）][平安時代][中世]","包蔵地","畝状遺構 ピット 土杭（時代不明）","尖頭器 縄文土器 打斧 石鏃 土師器 陶器",139.3647032,35.73408838,"1"
1320201100,13202,"11","だいいせき","台遺跡","立川市 富士見町三丁目","[縄文時代（中期）][奈良時代][平安時代]","集落","[奈良時代][平安時代]住居 土坑","縄文土器 土師器 須恵器",139.3906385,35.6976392,"1"
1320201400,13202,"14","おおわだいせき","大和田遺跡","立川市 柴崎町四丁目 錦町五丁目","[旧石器時代][縄文時代（早期・中期～後期）][奈良時代][平安時代][中世][近世]","集落","[縄文時代]住居 集石 土坑 [奈良時代][平安時代]住居 土坑 溝","尖頭器 礫器 縄文土器 打斧 磨斧 石皿 磨石 スタンプ形石器 土師器 須恵器 陶磁器 銭貨",139.4089033,35.69072429,"1"
1320201800,13202,"18","むかいごういせき","向郷遺跡","立川市 錦町四丁目 羽衣町三丁目","[旧石器時代][縄文時代（早期～後期）][奈良時代][平安時代]","集落","[縄文時代]住居 集石 土坑 炉穴","ナイフ形石器 縄文土器 打斧 磨斧 石鏃 磨石 土師器",139.4234894,35.69047063,"1"
1320201900,13202,"19","だいのしたいせき","台の下遺跡","立川市 富士見町三丁目","[縄文時代][奈良時代][平安時代][中世][近世]","集落","[平安時代]住居 土坑 [近世]水路 [時代不明]柱穴 溝状遺構","縄文土器 土師器 須恵器 陶磁器 緑釉陶器 灰釉陶器 鉄製品",139.3898832,35.69630088,"1"
1320202000,13202,"20","しもおおわだいせき","下大和田遺跡","立川市 柴崎町三丁目 柴崎町四丁目 錦町二丁目 錦町五丁目","[縄文時代（中期）][奈良時代][平安時代][近世]","集落","[旧石器時代]礫群 [縄文時代]土坑 ピット 埋甕 [奈良時代][平安時代]住居 掘立柱建物 土坑 ピット 溝状遺構 他","縄文土器 石器 土師器 須恵器 灰釉陶器 陶磁器 鉄製品",139.4104825,35.6913935,"1"
1320202100,13202,"21","","立川市№21遺跡","立川市 柴崎町一丁目 柴崎町四丁目","[縄文時代（前期～中期）][奈良時代][平安時代]","集落","[縄文時代]土坑","縄文土器 石器 土師器 須恵器",139.4059507,35.69256461,"1"
1320300100,13203,"1","こんこんづか","こんこん塚","武蔵野市 吉祥寺本町三丁目","[奈良時代][平安時代]","塚","","",139.5682,35.70377,"1"
1320300200,13203,"2","","武蔵野市№2遺跡","武蔵野市 吉祥寺東町一丁目","[奈良時代][平安時代]","古墳","円墳","蕨手刀",139.5802,35.70775,"1"
1320300500,13203,"5","きちじょうじみなみちょうさんちょうめいせき","吉祥寺南町三丁目遺跡","武蔵野市 吉祥寺南町三丁目","[旧石器時代] [縄文時代（早期～後期）] [平安時代]","包蔵地","ブロック 礫群 土坑 集石 ピット","石器 縄文土器 細石刃 スクレイパー 打製石斧 敲石 剥片",139.5852,35.69714,"1"
1320400100,13204,"1","あいしーゆーこうないいせきぐん","ICU構内遺跡群","三鷹市 大沢三丁目","[旧石器時代][縄文時代（早期～後期）][奈良時代][平安時代][近世]","集落","[旧石器時代]ユニット　礫群　[縄文時代]住居　小竪穴　土坑　配石","石器　縄文土器　石器　土製円板　耳栓　土偶　土師器　陶磁器",139.5281783,35.6866886,"1"
1320401200,13204,"12","てんもんだいこうないいせき","天文台構内遺跡","三鷹市 大沢二丁目","[旧石器時代][縄文時代（早期～中期）][奈良時代][平安時代][近世]","集落","[旧石器時代]ユニット　礫群　性格不明遺構　[縄文時代]住居　集石　集石土坑　土坑　[時代不明]ピット","石器　縄文土器　石器　土師器　陶磁器",139.5359284,35.67582296,"1"
1320401400,13204,"14","ふるはちまんいせき","古八幡遺跡","三鷹市 大沢二丁目　 大沢五丁目","[旧石器時代][縄文時代（早期～晩期）][古墳時代][奈良時代][平安時代][中世][近世]","包蔵地","[縄文時代]集石","石器　縄文土器　石器　土器片錘　陶磁器　石臼　木製高杯　ガラス製品　銭貨　種子材",139.5358014,35.67239775,"1"
1320401500,13204,"15","しもはらいせき","下原遺跡","三鷹市 大沢四丁目　 大沢五丁目","[旧石器時代][縄文時代（早期～中期）][奈良時代][平安時代]","包蔵地","[時代不明]皿鉢状遺構　溝状遺構　[旧石器時代]石器集中部　礫群　炭化物集中　[縄文時代]住居跡　土坑　陥し穴　ピット　[中世][近世]溝","石器　縄文土器　須恵器　陶磁器　鉄製品",139.5373271,35.66874042,"1"
1320401600,13204,"16","しみずばしいせき","清水橋遺跡","三鷹市 大沢四丁目","[縄文時代（中期）][奈良時代][平安時代][近世]","包蔵地","","縄文土器　石器　須恵器　カワラケ　陶磁器(灰釉・青磁）",139.5407272,35.66787721,"1"
1320402500,13204,"25","みなみだいいせき","南台遺跡","三鷹市 新川六丁目","[縄文時代（前期～中期）][平安時代][近世]","包蔵地","","縄文土器　須恵器　磁器",139.5652209,35.67565823,"1"
1320402600,13204,"26","まるいけいせき","丸池遺跡","三鷹市 新川二丁目 新川三丁目 新川五丁目","[旧石器時代][縄文時代（前期～中期）][奈良時代][平安時代][中世][近世]","集落","[旧石器時代]ユニット [縄文時代]住居 集石土坑 配石 [時代不明]土坑 溝状遺構","石器 縄文土器 石器 土師器 須恵器 カワラケ",139.571823380309,35.6774360619802,"1"
1320402700,13204,"27","しまやしきいせき","島屋敷遺跡","三鷹市 新川四丁目 新川五丁目","[旧石器時代][縄文時代（早期～中期）][古墳時代][奈良時代][平安時代][中世][近世]","集落","[旧石器時代]ユニット 礫群 [縄文時代]集石 陥し穴 [時代不明]掘立柱建物 ピット 柱穴 地下室 井戸 水田 溝状遺構","石器 縄文土器 石器 土師器 須恵器 板碑 陶磁器 瓦 石製品 金属製品 木製品",139.571480058865,35.6746948638498,"1"
1320403100,13204,"31","しりつだいごちゅうがっこういせき","市立第五中学校遺跡","三鷹市 新川一丁目 新川四丁目","[旧石器時代][縄文時代（早期～中期）][弥生時代][古墳時代][奈良時代][平安時代][中世][近世]","集落","[旧石器時代]ユニット 礫群 [縄文時代]住居 集石 集石 土坑 [時代不明]土坑 溝状遺構","縄文土器 石器 土錘 土製円板 耳栓 土偶 弥生土器 土師器 須恵器 陶磁器 カワラケ 玉類 銭貨",139.576872061371,35.6710462028253,"1"
1320403400,13204,"34","にしざんやいせき","西山谷遺跡","三鷹市 中原一丁目","[縄文時代（中期）][奈良時代][平安時代][近世]","包蔵地","","縄文土器 土師器 陶器",139.581163594485,35.6650494564809,"1"
1320403500,13204,"35","きゅうでんさかいいせき","給田境遺跡","三鷹市 北野四丁目","[縄文時代（早期・中期）][奈良時代][平安時代][近世]","包蔵地","","縄文土器 土師器 陶磁器 カワラケ",139.584665485527,35.6713529995003,"1"
1320403800,13204,"38","なかはらいせき","中原遺跡","三鷹市 中原四丁目","[旧石器時代][縄文時代（前期～中期）][奈良時代][平安時代][中世][近世]","包蔵地・陣屋","[中世]溝状遺構 [時代不明]畝状遺構","石器 縄文土器 石器 須恵器 カワラケ 瓦 土鍋 陶磁器 鉄製品 泥人形 銭貨",139.566847035385,35.667978155259,"1"
1320404300,13204,"43","たきさかいせき","滝坂遺跡","三鷹市 中原一丁目 中原二丁目","[旧石器時代][縄文時代（早期～後期）][弥生時代][古墳時代][奈良時代][平安時代][近世]","集落","[旧石器時代]ユニット 礫群 [縄文時代]住居 集石 炉穴 土坑 [時代不明]ピット 溝状遺構","石器 縄文土器 石器 弥生土器 土師器 陶器 泥人形 泥面子 銭貨 骨片",139.575636098671,35.664854205792,"1"
1320404800,13204,"48","いのかしらいせきぐんえーいせき","井の頭池遺跡群A遺跡","三鷹市 井の頭四丁目 井の頭五丁目","[旧石器時代][縄草][縄文時代（早期～後期）][弥生時代][古墳時代][奈良時代][平安時代][中世][近世]","集落","[旧石器時代]ユニット 礫群 [縄文時代]住居 小竪穴 集石 集石土坑 炉穴 土坑 ピット 配石 溝状 遺構","石器 縄文土器 石器 弥生土器 土師器 須恵器 板碑 陶磁器",139.575481754201,35.6984233956942,"1"
1320405000,13204,"50","いのかしらいせきぐんしーいせき","井の頭池遺跡群C遺跡","三鷹市 井の頭三丁目 井の頭四丁目 井の頭五丁目","[縄文時代（早期～後期）][奈良時代][平安時代]","包蔵地","[時代不明]土坑","ナイフ形石器 縄文土器 石器 須恵器",139.57791934523,35.6990088988769,"1"
1320500300,13205,"3","","青梅市№3遺跡","青梅市 成木六丁目","[縄文時代（晩期）][奈良時代][平安時代]","包蔵地","","縄文土器　土師器",139.230486559213,35.8304430779479,"1"
1320500900,13205,"9","こなかおいせき","小中尾遺跡","青梅市 成木二丁目","[旧石器時代][縄文時代（早期～後期）][奈良時代][平安時代]","集落","[縄文時代]堅穴状遺構","尖頭器　掻器　縄文土器　打斧　石鏃　けつ状耳飾　須恵器",139.267499709718,35.8337383417722,"1"
1320501000,13205,"10","なかざと（あんらくじまえ）（えぬ-5）いせき","中里（安楽寺前）(N-5)遺跡","青梅市 成木一丁目","[縄文時代（前期）][平安時代][中世][近世]","包蔵地","[中世]溝","縄文土器　土師器　須恵器　陶磁器（白磁・青磁）　木製品（杭）",139.275670792309,35.8382472952626,"1"
1320502700,13205,"27","てぃー-3いせき","T-3遺跡","青梅市 沢井三丁目","[縄文時代（前期）][平安時代]","包蔵地","","縄文土器　土師器",139.183839355703,35.8052015065726,"1"
1320502800,13205,"28","よこおす（てぃー-4）いせき","横尾子(T-4)遺跡","青梅市 沢井三丁目","[縄文時代（早期～後期）][平安時代]","包蔵地","","縄文土器　石鏃　土師器",139.184937988778,35.807150551674,"1"
1320503300,13205,"33","さくらばしはら（てぃー-9）いせき","桜橋原(T-9)遺跡","青梅市 二俣尾五丁目","[縄文時代（早期～中期）][奈良時代][平安時代]","集落","[縄文時代]住居　土坑　ピット群","縄文土器　石斧　礫器　石鏃　石皿　土師器　須恵器",139.210687192374,35.807623886848,"1"
1320503400,13205,"34","みねのいで（てぃー-8）遺跡","峰之出(T-8)遺跡","青梅市 二俣尾五丁目","[縄文時代（前期～中期）][奈良時代][平安時代]","包蔵地","","縄文土器　石斧　石鏃　土師器　須恵器",139.210755857186,35.8111877077629,"1"
1320503800,13205,"38","にしじょう（てぃー-14）いせき","西城(T-14)遺跡","青梅市 二俣尾四丁目","[縄文時代（早期～後期）][平安時代]","包蔵地","","縄文土器　石斧　礫器　石鏃　スクレイパー　剥片　打製石斧　石皿　磨石　凹石　須恵器片",139.21442941157,35.8028904363126,"1"
1320504000,13205,"40","かみおいばら（てぃー-16）いせき","上生原(T-16)遺跡","青梅市 二俣尾三丁目","[縄文時代（前期～後期）][奈良時代][平安時代]","集落","[縄文時代]炉　土坑","縄文土器　土師器　須恵器",139.217416319136,35.8010248213646,"1"
1320504700,13205,"47","にしかいと（てぃー-10）いせき","西改戸(T-10)遺跡","青梅市 柚木町三丁目","[縄文時代（中期）][奈良時代][平安時代]","集落","[平安時代]住居","縄文土器　土師器　須恵器",139.208867584005,35.803085346203,"1"
1320505000,13205,"50","てぃー-13いせき","T-13遺跡","青梅市 柚木町二丁目","[縄文時代（中期）][奈良時代][平安時代]","包蔵地","","縄文土器　土師器　須恵器",139.214635404699,35.79935408271,"1"
1320505100,13205,"51","てぃー-22いせき","T-22遺跡","青梅市 柚木町一丁目","[縄文時代（前期）][奈良時代][平安時代]","包蔵地","","縄文土器　須恵器",139.212506802053,35.7930049696682,"1"
1320505300,13205,"53","しもいなりまえ（てぃー-24）いせき","下稲荷前(T-24)遺跡","青梅市 梅郷六丁目","[縄文時代（前期～後期）][奈良時代][平安時代]","包蔵地","","縄文土器　石斧　土師器　須恵器",139.220162900513,35.7946758391833,"1"
1320505700,13205,"57","すぎだいら（てぃー-27）いせき","杉平(T-27)遺跡","青梅市 梅郷一丁目","[縄文時代（中期～後期）][奈良時代][平安時代]","集落","[縄文時代]住居　集石　土坑　単独埋甕","縄文土器　打斧　磨斧　石鏃　石匙　石錐　石皿　磨石　凹石　石器　須恵器",139.223012480581,35.7823941303963,"1"
1320505900,13205,"59","うりゅうだけ（てぃー-29）いせき","雨竜岳(T-29)遺跡","青梅市 和田町二丁目","[縄文時代（早期～中期）][奈良時代][平安時代]","集落","[縄文時代]住居　土坑　配石","縄文土器　礫器",139.227887664276,35.7793860743306,"1"
1320506000,13205,"60","おおづき（てぃー-30）いせき","大附(T-30)遺跡","青梅市 和田町一丁目","[縄文時代（早期～後期）][奈良時代][平安時代]","集落","[縄文時代]住居","縄文土器　打斧　石鏃　土師器　須恵器",139.232865844863,35.7784669217334,"1"
1320506100,13205,"61","てぃー-31いせき","T-31遺跡","青梅市 和田町一丁目","[奈良時代][平安時代]","包蔵地","","土師器",139.234239135878,35.7749573410455,"1"
1320506400,13205,"64","くずればし（てぃー-32）いせき","崩橋(T-32)遺跡","青梅市 日向和田一丁目","[縄文時代（早期～後期）][奈良時代][平安時代]","集落","[縄文時代]住居 土坑 集石 竪穴遺構","縄文土器 石斧 礫器 石鏃 掻器 石皿 磨石 凹石 剥片",139.237706695824,35.7864603974994,"1"
1320506800,13205,"68","うらじゅく（てぃー-39）いせき","裏宿(T-39)遺跡","青梅市 裏宿町","[旧石器時代][縄文時代（早期～後期）][奈良時代][平安時代]","集落","[縄文時代]住居　竪穴状遺構　土坑　[奈良時代][平安時代]住居　集石　土坑","縄文土器　打斧　磨斧　石鏃　掻器　石皿　磨石　凹石　剥片　石棒　土師器　須恵器　板碑　銭貨",139.246564423922,35.7903315118991,"1"
1320507200,13205,"72","おおやな（てぃー-41）いせき","大柳（T-41）遺跡","青梅市 大柳町","[縄文時代（前期～後期）][奈良時代][平安時代]","包蔵地","[平安時代]住居跡","縄文土器　打斧　土師器　須恵器　中国製青磁",139.250855958346,35.78565273343,"1"
1320507300,13205,"73","いなりやま（てぃー-44）いせき","稲荷山(T-44)遺跡","青梅市 本町","[縄文時代（前期）][奈良時代][平安時代]","包蔵地","","縄文土器　土師器　須恵器　鉄器",139.260259410054,35.7918885521054,"1"
1320507700,13205,"77","あらた（てぃー-34）いせき","荒田(T-34)遺跡","青梅市 畑中二丁目","[奈良時代][平安時代]","包蔵地","","土師器",139.24254754613,35.7854299253844,"1"
1320507800,13205,"78","したうちいせき","下内遺跡","青梅市 畑中一丁目","[縄文時代（中期～後期）][平安時代]","包蔵地・集落","[平安時代]住居　土坑","縄文土器　打斧　土師器　須恵器",139.248109376315,35.7840652285792,"1"
1320508000,13205,"80","こまぎのいせき","駒木野遺跡","青梅市 駒木町一丁目","[縄文時代（前期～中期）][平安時代]","集落","[縄文時代]住居　集石　土坑　配石　埋甕","縄文土器　石斧　石鏃　石匙　石錐　石皿　磨石　耳飾　土偶　須恵器",139.25559022047,35.7842298419753,"1"
1320508100,13205,"81","きよさわ（てぃー-54）いせき","喜代沢(T-54)遺跡","青梅市 駒木町一丁目","[縄文時代（中期～晩期）][奈良時代][平安時代]","集落","[縄文時代]住居　土坑　配石遺構","縄文土器　打斧　磨斧　掻器　石錘　石皿　磨石　砥石　土錘　耳飾　玉類　石棒　石剣　岩版　土偶　土製品　礫　須恵器",139.260946055562,35.7839513295575,"1"
1320508200,13205,"82","てぃー-52いせき","T-52遺跡","青梅市 千ヶ瀬町六丁目","[縄文時代（後期）][奈良時代][平安時代]","包蔵地","","縄文土器　石棒　土師器",139.258783122474,35.7852046288152,"1"
1320508700,13205,"87","てぃー45いせき","T-45遺跡","青梅市 西分町一丁目","[縄文時代（前期・後期）][奈良時代][平安時代]","包蔵地","","縄文土器　土師器　須恵器",139.263349314839,35.7908859988097,"1"
1320509500,13205,"95","おおにた（てぃー-61）いせき","大荷田(T-61)遺跡","青梅市 友田町一丁目","[縄文時代（早期～後期）][奈良時代][平安時代]","包蔵地","","縄文土器　礫器　土師器",139.2862536642,35.7640721005247,"1"
1320509700,13205,"97","てぃー-47いせき","T-47遺跡","青梅市 勝沼三丁目","[縄文時代（早期～前期）][奈良時代][平安時代]","包蔵地","","縄文土器　石器",139.267125865787,35.791999945427,"1"
1320509900,13205,"99","おおつかやま（けー-11-1）いせき","大塚山(K-11-1)遺跡","青梅市 東青梅二丁目","[縄文時代（早期～中期）][奈良時代][平安時代]","包蔵地","","縄文土器　須恵器",139.272069712002,35.7925569128801,"1"
1320510200,13205,"102","けー-3いせき","K-3遺跡","青梅市 根ヶ布一丁目","[縄文時代（中期）][奈良時代][平安時代]","包蔵地","","縄文土器　打斧　磨斧　土師器　須恵器",139.271005412644,35.7974023664864,"1"
1320510400,13205,"104","ふきこうち","吹耕地(K-2)遺跡","青梅市 吹上","[縄文時代（中期）][古墳時代][奈良時代][平安時代]","包蔵地","","縄文土器　打斧　石鏃　土師器　須恵器",139.280687116694,35.7968732780115,"1"
1320510800,13205,"108","けー-5いせき","K-5遺跡","青梅市 師岡町一丁目","[縄文時代（中期～後期）][古墳時代][奈良時代][平安時代]","包蔵地","[縄文時代]住居　土坑　配石状遺構","縄文土器　スタンプ形石器　石鏃　打斧　石匙　土師器　須恵器",139.27773454088,35.7953138455059,"1"
1320510900,13205,"109","ばば（けー-6・7）いせき","馬場(K-6・7)遺跡","青梅市 師岡町一丁目　 師岡町二丁目","[旧石器時代][縄文時代（早期～後期）][弥生時代（中期～後期）][古墳時代][奈良時代][平安時代][中世]","集落","[旧石器時代]ユニット　[縄文時代]集石　土坑　[弥生時代]住居　方形周溝墓　[奈良時代][平安時代]土坑　井戸状遺構　鍛冶工房","細石刃　細石刃核　掻器　縄文土器　石器　弥生土器　抉入石斧　片刃石斧　石鏃　土師器　須恵器　陶磁器(青磁)　木器　鉄器",139.282403730464,35.7959543308157,"1"
1320511000,13205,"110","けー-12・13いせき","K-12・13遺跡","青梅市 師岡町二丁目","[縄文時代（中期）][古墳時代][奈良時代][平安時代]","包蔵地","","縄文土器　剥片　土師器　須恵器",139.282987379407,35.7918607048129,"1"
1320511100,13205,"111","けー-8（いちかいと）いせき","K-8（市街道）遺跡","青梅市 野上町一丁目","[縄文時代（前期～後期）][古墳時代][奈良時代][平安時代][中世]","包蔵地","[古墳時代][平安時代]住居　[中世]溝跡　[近世]土坑","縄文土器　土師器　須恵器　近世銭",139.285665297281,35.7965669623982,"1"
1320511200,13205,"112","","青梅市№112遺跡","青梅市 大門一丁目","[縄文時代（中期）][平安時代]","包蔵地","","縄文土器　石鏃　土師器　須恵器",139.284154675821,35.799435137193,"1"
1320511300,13205,"113","けー-22いせき","K-22遺跡","青梅市 大門一丁目","[奈良時代][平安時代]","包蔵地","","土師器　須恵器",139.286214612672,35.7999085156896,"1"
1320511400,13205,"114","けー-21いせき","K-21遺跡","青梅市 大門","[縄文時代（中期）][古墳時代][奈良時代][平安時代]","包蔵地","","縄文土器　土師器　須恵器",139.28573396062,35.8005768100666,"1"
1320511500,13205,"115","けー-26いせき","K-26遺跡","青梅市 大門一丁目","[縄文時代（前期～後期）][古墳時代][奈良時代][平安時代]","包蔵地","","縄文土器　土師器　須恵器",139.289716504369,35.7990174481292,"1"
1320511600,13205,"116","かすみだい（けー-27・28・29）いせき","霞台(K-27・28・29)遺跡","青梅市 大門二丁目　 今寺三丁目　 野上町二丁目","[旧石器時代][縄文時代（前期～中期）]［弥生時代（後期）］[古墳時代][奈良時代][平安時代][中世]","集落","[縄文時代]土坑　ピット　[弥生時代][古墳時代]住居　ピット　輪土坑　[奈良時代]住居","ナイフ形石器　尖頭器　縄文土器　石槍　石鏃　掻器　炭化材　弥生土器　土師器　須恵器　砥石　滑石製管玉　木器　炭化米",139.293115400648,35.7965391170108,"1"
1320512100,13205,"121","けー-15いせき","K-15遺跡","青梅市 塩船","[縄文時代（中期）][弥生時代][古墳時代][奈良時代][平安時代]","包蔵地","","縄文土器　弥生土器　土師器　須恵器",139.281957411146,35.804113105255,"1"
1320512200,13205,"122","おっこし（けー-16）いせき","打越(K-16)遺跡","青梅市 塩船","[縄文時代（前期～中期）][奈良時代][平安時代][中世]","包蔵地","","縄文土器　須恵器　蔵骨器",139.283124708378,35.8038625074754,"1"
1320512400,13205,"124","けー-18いせき","K-18遺跡","青梅市 塩船","[旧石器時代][縄文時代（早期～前期）]［平安時代］","包蔵地","","尖頭器　縄文土器",139.284875655209,35.8044750791379,"1"
1320512600,13205,"126","しもまえ（けー-19）いせき","下前（K-19)遺跡","青梅市 塩船","[縄文時代（前期～後期）][古墳時代][奈良時代][平安時代]","包蔵地","","縄文土器　土師器　須恵器",139.287519240676,35.8021082966323,"1"
1320512800,13205,"128","しんじょうじひがしいせき","真浄寺東遺跡","青梅市 谷野","[奈良時代][平安時代]","包蔵地","","縄文土器　土師器　須恵器",139.289064190613,35.8045864582655,"1"
1320512900,13205,"129","けー-25いせき","K-25遺跡","青梅市 木野下二丁目","[縄文時代（中期～後期）][奈良時代][平安時代]","包蔵地","","縄文土器　石斧　土師器　須恵器",139.293527386414,35.8037789760342,"1"
1320513000,13205,"130","けー-23いせき","K-23遺跡","青梅市 木野下一丁目","[古墳時代][奈良時代][平安時代]","包蔵地","","土師器",139.295278332589,35.8073151268085,"1"
1320513200,13205,"132","けー-33いせき","K-33遺跡","青梅市 木野下一丁目","[奈良時代][平安時代]","包蔵地","","須恵器",139.299775860142,35.8089021669226,"1"
1320513300,13205,"133","けー-30いせき","K-30遺跡","青梅市 今寺","[縄文時代（中期）][古墳時代][奈良時代][平安時代]","包蔵地","","縄文土器　土師器　須恵器",139.300186,35.796509,"1"
1320513400,13205,"134","しんめいはらいせき","神明原遺跡","青梅市 今寺三丁目","[縄文時代（前期）][古墳時代][奈良時代][平安時代]","包蔵地","","縄文土器　土師器　須恵器",139.298436902187,35.7979036020142,"1"
1320513500,13205,"135","けー-31いせき","K-31遺跡","青梅市 今寺一丁目","[縄文時代（中期）][弥生時代][古墳時代][奈良時代][平安時代]","包蔵地","","縄文土器　土師器　須恵器",139.297887584995,35.8002983549364,"1"
1320513700,13205,"137","ふじはしじょうしろのこし（けー-32）いせき","藤橋城城の腰(K-32)遺跡","青梅市 藤橋","[縄文時代（中期～後期）][弥生時代][古墳時代][奈良時代][平安時代]","集落","[弥生時代]住居","縄文土器　石斧　弥生土器　土師器　須恵器",139.301046154593,35.8033613071544,"1"
1320513900,13205,"139","じょうがさきいせき","城ヶ崎遺跡","青梅市 藤橋二丁目","[旧石器時代][縄文時代（中期）][古墳時代][奈良時代][平安時代][中世]","包蔵地","[旧石器時代]ユニット　土坑　[縄文時代]～[中世]土坑","尖頭器　削器　石核　剥片　縄文土器　土師器　須恵器",139.303380749058,35.8043637019785,"1"
1320514000,13205,"140","まるやま（K-34・35・36）いせき","丸山(K-34・35・36)遺跡","青梅市 藤橋一丁目","[旧石器時代][縄文時代（前期～後期）][古墳時代][奈良時代][平安時代]","集落","[旧石器時代]ユニット　[縄文時代]住居　土坑　[古墳時代]住居　[平安時代]土坑　溝","尖頭器　剥片　縄文土器　石器　土師器　須恵器",139.30245377736,35.8087907967677,"1"
1320514200,13205,"142","やまねいせき","山根遺跡","青梅市 今井一丁目","[縄文時代（中期～後期）][平安時代]","包蔵地・その他（水場）","[平安時代]木道　河道　水場遺構","縄文土器　石器　土師器　須恵器　木製品",139.307363292479,35.8087072691819,"1"
1320514400,13205,"144","しろのこし（けー-39）いせき","城の腰(K-39)遺跡","青梅市 今井","[旧石器時代][縄文時代（早期～後期）][奈良時代][平安時代][中世]","集落・城館","[旧石器時代]ユニット　礫群　[縄文時代]土坑　[中世]堅穴状遺構　地下式土坑","ナイフ形石器　石核　剥片　縄文土器　石斧　石鏃　土師器　須恵器　陶器　板碑",139.312684795165,35.8102942809453,"1"
1320515000,13205,"150","はらいまい（けー-41）いせき","原今井(K-41)遺跡","青梅市 今井二丁目","[縄文時代（中期～後期）][奈良時代][平安時代]","包蔵地","柱穴","縄文土器　打斧　土師器　須恵器",139.318177959227,35.8079276723743,"1"
1320515400,13205,"154","にしまんばらいせき","西間原遺跡","青梅市 新町五丁目","[縄文時代（中期）][平安時代]","包蔵地","","縄文土器　須恵器",139.306401991486,35.790969545932,"1"
1320515600,13205,"156","にしかいと（てぃー-10）いせき","西改戸(T-10)遺跡","青梅市 柚木町三丁目","[縄文時代（後期）][奈良時代][平安時代]","包蔵地","[平安時代]住居","縄文土器　土師器　須恵器",139.208283935061,35.8041712780159,"1"
1320515800,13205,"158","たけのしたいせき","竹の下遺跡","青梅市 今井二丁目","[縄文時代（前期～後期）][古墳時代][奈良時代][平安時代][中世][近世]","包蔵地・集落・生産関連","[平安時代]溝状遺構　粘土採掘坑　[中世]溝状遺構　[近世]溝状遺構　柱穴","縄文土器　土師器　須恵器　陶磁器　瓦",139.308564922118,35.8073429689499,"1"
1320516100,13205,"161","","青梅市№161遺跡","青梅市 長淵一丁目","[平安時代]","","","",139.277665874103,35.7752891083008,"1"
1320517100,13205,"171","","青梅市№171遺跡","青梅市 沢井三丁目","[縄文時代（早期～前期）][奈良時代][平安時代]","包蔵地","","縄文土器片　剥片　須恵器片",139.185693299098,35.8062874094544,"1"
1320517700,13205,"177","","青梅市№177遺跡","青梅市 柚木町二丁目","[縄文時代（前期）][奈良時代][平安時代]","包蔵地","","縄文土器片　土師器片",139.211270843282,35.8046446282898,"1"
1320517800,13205,"178","","青梅市№178遺跡","青梅市 成木七丁目","[奈良時代][平安時代]","包蔵地","","須恵器片　陶器片",139.200651811702,35.8375963485921,"1"
1320517900,13205,"179","","青梅市№179遺跡","青梅市 成木七丁目","[縄文時代][奈良時代][平安時代]","包蔵地","","縄文土器片　土師器片",139.20171611237,35.8368448677963,"1"
1320600100,13206,"1","むさしこくぶんじあとかんれんいせき","武蔵国分寺跡関連遺跡","府中市 栄町一丁目　 栄町二丁目　 栄町三丁目　 武蔵台一丁目　 武蔵台二丁目","[旧石器時代][縄文時代（前期～後期）][奈良時代][平安時代][中世][近世]","集落","[旧石器時代]炭化物集中部　[縄文時代]集石　土坑　焼土　[奈良時代][平安時代]土坑　火葬墓　[平安時代]住居　掘立柱建物　土坑　道路　溝　[中世][近世]柱穴列　土坑　道路　溝","ナイフ形石器　尖頭器　細石刃　石核　縄文土器　打斧　磨斧　石鏃　石匙　石錐　石錘　ピエス・エスキーユ　石皿　スタンプ形石器　剥片　凹石　敲石　土師器　須恵器　陶器(緑釉・灰釉)　磁器　擂鉢　瓦　石製品　砥石　鉄製品　瓦　銭貨　漆紙文書　土製品　木製くし　煙管",139.470458,35.69050485,"1"
1320600200,13206,"2","むさしこくふかんれんいせき","武蔵国府関連遺跡","府中市 日鋼町、片町一丁目、片町二丁目、片町三丁目 寿町一丁目、寿町二丁目、寿町三丁目、小柳町一丁目、小柳町二丁目 清水が丘一丁目、清水が丘二丁目、清水が丘三丁目 白糸台一丁目、白糸台二丁目、白糸台三丁目、白糸台四丁目、白糸台五丁目、白糸台六丁目 八幡町一丁目、八幡町二丁目、八幡町三丁目 府中町一丁目、府中町二丁目、府中町三丁目 分梅町一丁目、分梅町二丁目、分梅町三丁目 本宿町一丁目、本宿町二丁目、本宿町三丁目、本宿町四丁目 緑町一丁目、緑町二丁目、緑町三丁目 宮西町一丁目、宮西町二丁目、宮西町三丁目、宮西町四丁目、宮西町五丁目 宮町一丁目、宮町二丁目、宮町三丁目 美好町一丁目、美好町二丁目、美好町三丁目 若松町一丁目、若松町二丁目、若松町三丁目、日吉町 西府町一丁目、西府町二丁目、西府町三丁目、西府町四丁目、西府町五丁目、日新町二丁目","[旧石器時代][縄文時代][弥生時代][古墳時代][奈良時代][平安時代][中世][近世]","官衙・集落","奈良時代][平安時代]住居　掘立柱建物　土坑　柵　道路　溝　井戸　土壙墓　地下式横穴墓　火葬墓　火葬遺構","須恵器　土師器　二彩　緑釉　刀子　鉄鏃　鉄斧　紡錘車　石帯　土錘　瓦",139.4847811,35.67019899,"1"
1320600300,13206,"3","みたけづか","御岳塚","府中市 本宿町一丁目","［縄文時代（前期～中期）］［奈良時代］［平安時代］[中世]［近世］","包蔵地・塚","[中世]周溝","",139.457327,35.67054776,"1"
1320602100,13206,"21","とびたきゅうきたいせき","飛田給北遺跡","府中市 朝日町三丁目","[旧石器時代][縄文時代（中期）][古墳時代][奈良時代][平安時代][近世]","包蔵地・集落","[旧石器時代]礫群 [縄文時代]土坑 [古墳時代]住居 竪穴遺構 溝 [奈良時代][平安時代]土坑 [近世]ピット列 土坑","ナイフ形石器 掻器 敲石 磨石 石核 焼礫 縄文土器 打斧 礫器 石槍 石皿 磨石 土師器 須恵器 砥石 青銅鉈尾 陶磁器",139.523014945841,35.6687357655938,"1"
1320602200,13206,"22","ほんじゅくちょういせき","本宿町遺跡","府中市 本宿町一丁目 西府町一丁目","[縄文時代（草創期～早期・中期）]［奈良時代］［平安時代］［中世］","集落","[縄文時代]住居 ピット ユニット 土坑","縄文土器 打斧 石鏃 石錐 ピエス・エスキーユ 石皿 磨石 敲石 剥片 土偶 ミニチュア土器",139.457955829009,35.6700463497535,"1"
1320603300,13206,"33","むさしこくぶんじあとかんれん（むさしだいひがし）いせき","武蔵国分寺跡関連（武蔵台東）遺跡","府中市 武蔵台二丁目","[旧石器時代][縄文時代（早期・中期）]［奈良時代］［平安時代］","集落","[旧石器時代]遺物集中区 礫群 炭化物集中箇所 [縄文時代]住居 陥し穴","ナイフ形石器 掻器 彫器 縄文土器 打斧 磨斧 局部磨製石斧 石鏃 石皿 磨石 スタンプ形石器 土製円板 耳栓 石棒 土偶 浮子",139.466383114954,35.6928852340514,"1"
1320603401,13206,"34-1","あさひちょういせき","朝日町遺跡","府中市 朝日町三丁目","[旧石器時代][縄文時代][奈良時代][平安時代][中世]","集落","土坑 礫群 溝状遺構 堅穴状遺構 硬化面","ナイフ形石器 フレイク 礫 細石刃 尖頭器 ハンマー 縄文土器 石鏃 打製石斧 磨石 陶器",139.519787711431,35.6770191421096,"1"
1320603500,13206,"35","あさひちょうしんめいだいいせき","朝日町神明台遺跡","府中市 朝日町三丁目","[縄文時代][奈良時代][平安時代][近世]","包蔵地・集落","墳墓 溝 土坑 柵跡 陥し穴","縄文土器 土師器 須恵器 陶磁器 銅銭等",139.520405692126,35.6661418045728,"1"
1320700400,13207,"4","さかうえいせき","坂上遺跡","昭島市 拝島町四丁目","[縄文時代（中期・晩期][奈良時代][平安時代]","包蔵地","","縄文土器 打斧 石槍 石鏃 掻器 削器 石錘 土師器 須恵器",139.342871,35.7057492,"1"
1320700500,13207,"5","","昭島市№5遺跡","昭島市 拝島町一丁目","[平安時代?]","包蔵地","","土師器",139.3487761,35.70558193,"1"
1320700600,13207,"6","","昭島市№6遺跡","昭島市 緑町四丁目","[平安時代]","包蔵地","","土師器 須恵器",139.3439009,35.71222803,"1"
1320701400,13207,"14","じょうどじあと","浄土寺址","昭島市 田中町二丁目 大神町四丁目","[奈良時代][平安時代]","社寺","[時代不明]礎石","直刀",139.3565754,35.69975566,"1"
1320701900,13207,"19","きょうづかしたいせき","経塚下遺跡","昭島市 中神町 宮沢町","[奈良時代][平安時代][中世][近世？]","集落","[平安時代]住居 土坑","土師器 須恵器 陶器（灰釉） 刀子 釘 青銅製品 硯 瓦 カワラケ",139.3659138,35.70134485,"1"
1320702000,13207,"20","くまのじんじゃひがしいせき","熊野神社東遺跡","昭島市 中神町","[縄文時代（早期・中期）][平安時代]","包蔵地","","縄文土器 土師器 須恵器",139.3720906,35.70290405,"1"
1320702200,13207,"22","こうふくじだいいせき","広福寺台遺跡","昭島市 福島町二丁目","[縄文時代（前期～後期）][古墳時代][平安時代]","集落","[縄文時代（早期）]住居 集石","縄文土器 打斧 石匙 石錘 土師器 陶器",139.3790943,35.69852683,"1"
1320702300,13207,"23","たきのうえいせき","滝ノ上遺跡","昭島市 福島町一丁目 郷地町一丁目","[平安時代]","集落","[平安時代]住居 ピット 土坑","土師器 須恵器 土師質須恵器 陶器（灰釉・緑釉） 石製品 鉄製品",139.385941,35.699608,"1"
1320702500,13207,"25","","昭島市№25遺跡","昭島市 郷地町一丁目","[縄文時代（中期）][平安時代]","包蔵地","","縄文土器 土師器 須恵器",139.387695,35.697475,"1"
1320702600,13207,"26","まつばらうえいせき","松原上遺跡","昭島市 松原町四丁目","[縄文時代（早期～後期）][平安時代]","包蔵地","","縄文土器 打斧 環状石斧 須恵器",139.343887,35.718903,"1"
1320702900,13207,"29","けいめいがくえんびーいせき","啓明学園B遺跡","昭島市 拝島町五丁目","[平安時代]","包蔵地","","須恵器",139.3370345,35.70871553,"1"
1320703100,13207,"31","","昭島市№31遺跡","昭島市 拝島町二丁目","[平安時代?]","包蔵地","","土師器",139.339874,35.710331,"1"
1320703200,13207,"32","","昭島市№32遺跡","昭島市 拝島町五丁目","[奈良時代？][平安時代]","塚","","土器",139.3387511,35.70609498,"1"
1320703300,13207,"33","","昭島市№33遺跡","昭島市 緑町三丁目","[縄文時代（後期）][奈良時代？][平安時代]","包蔵地","","縄文土器 須恵器 陶器",139.3436263,35.70990301,"1"
1320703400,13207,"34","だいにちどうしたいせき","大日堂下遺跡","昭島市 拝島町一丁目","[奈良時代][平安時代]［中世］","包蔵地・社寺","","土師器 陶器",139.3460982,35.70544253,"1"
1320703600,13207,"36","かいせいえんいせき","偕生園遺跡","昭島市 田中町二丁目","[縄文時代（中期）][奈良時代][平安時代][近世]","包蔵地","[平安時代]ピット 土坑 溝状 遺構","縄文土器 土師器 須恵器 陶器 陶磁器 鉄釘",139.3561291,35.69947685,"1"
1320703800,13207,"38","たまがわしょうがっこういせき","玉川小学校遺跡","昭島市 中神町","[平安時代]","集落","[平安時代]住居?","土師器 須恵器",139.378236,35.70061789,"1"
1320704800,13207,"48","","昭島市№48遺跡","昭島市 玉川町四丁目","[縄文時代（前期）][奈良時代][平安時代]","包蔵地","","縄文土器 土師器",139.3795063,35.70383438,"1"
1320704900,13207,"49","ひがしこうちいせき","東耕地遺跡","昭島市 中神町","[平安時代]","包蔵地","[平安時代]土坑","土師器 須恵器 陶器（灰釉・緑釉） 鎌 刀子 釘 鏃 錘",139.3744938,35.6979692,"1"
1320705200,13207,"52","くりのさわいせき","栗ノ沢遺跡","昭島市 田中町一丁目","[平安時代]","包蔵地","ピット","須恵器",139.3540289,35.70480132,"1"
1320800100,13208,"1","みどりがおかいせき","緑ヶ丘遺跡","調布市 緑ヶ丘一丁目　 緑ヶ丘二丁目","[縄文時代（中期）][平安時代][中世][近世]","包蔵地・集落","[縄文時代]埋甕　[平安時代]火葬墓　[中世][近世]掘立柱建物","縄文土器　石器　土師器　須恵器　陶磁器　銭貨",139.5819554,35.66843074,"1"
1320800300,13208,"3","やながわいせき","柳川遺跡","調布市 緑ケ丘二丁目","[縄文時代（中期）][奈良時代][平安時代]","包蔵地","[奈良時代][平安時代]ピット　[近世]溝状遺構","縄文土器　土師器　陶磁器",139.5874488,35.66911635,"1"
1320801000,13208,"10","みなみだいいせき","南台遺跡","調布市 深大寺東町四丁目　 深大寺東町五丁目　 深大寺東町六丁目","[縄文時代（中期～晩期）][奈良時代][平安時代][近世]","包蔵地","","縄文土器　土師器",139.5578128,35.67407388,"1"
1320801600,13208,"16","しゅくいせき","宿遺跡","調布市 深大寺元町四丁目","[縄文時代（中期）][奈良時代][平安時代][近世]","包蔵地","[近世]土坑","縄文土器　土師器　陶磁器",139.5433433,35.66933823,"1"
1320801800,13208,"18","てらやまいせき","寺山遺跡","調布市 深大寺元町五丁目","[縄文時代（中期～後期）][奈良時代][平安時代][中世][近世]","集落","[縄文時代]住居　敷石住居　土坑　[古墳時代][奈良時代][平安時代]住居　溝　[近世]井戸　溝","縄文土器　石器　土師器　須恵器　墨書土師器　陶磁器　鉄製品　板碑　銭貨",139.549816,35.66756606,"1"
1320801900,13208,"19","ひがしはらいせき","東原遺跡","調布市 深大寺南町五丁目　 深大寺北町二丁目　 深大寺元町五丁目","[縄文時代（中期）][古墳時代][奈良時代][平安時代]","集落","[縄文時代]住居　陥し穴　埋甕　[古墳時代][奈良時代]住居　土坑","縄文土器　石器　土師器　須恵器",139.5527975,35.66987773,"1"
1320802200,13208,"22","におうづかいせき","仁王塚遺跡","調布市 深大寺元町三丁目","[旧石器時代][縄文時代（早期～中期）][弥生時代][奈良時代][平安時代][中世]","集落","[縄文時代]炉穴　土坑　[弥生時代][古墳時代][奈良時代]住居　[中世]地下式土坑　[時代不明]溝","縄文土器　石器　土師器　須恵器　陶磁器　カワラケ",139.5463482,35.66730348,"1"
1320802300,13208,"23","じんだいじしろやまいせき","深大寺城山遺跡","調布市 深大寺元町二丁目","[縄文時代（早期～中期）][弥生時代][古墳時代][奈良時代][平安時代][中世]","包蔵地・集落・城館","[縄文時代]炉穴　陥し穴　[弥生時代]～[平安時代]住居　[中世]掘立柱建物　地下式坑　堀　土塁","縄文土器　石器　弥生土器　土師器　須恵器　鉄製品　カワラケ　銭貨　陶磁器　舶載陶磁器　鉄製品　銭貨",139.5504021,35.66519745,"1"
1320802500,13208,"25","うえのはらいせき","上野原遺跡","調布市 深大寺南町一丁目　 深大寺南町二丁目　 深大寺南町三丁目　 深大寺南町四丁目　　 深大寺南町五丁目　 佐須町五丁目　 柴崎二丁目","[旧石器時代][縄文時代（早期・後期）][古墳時代][奈良時代][平安時代][近世]","集落","[旧石器時代]礫群　[縄文時代]住居　集石　集石土坑　炉穴　陥し穴　土坑　[古墳時代]土壙墓　[平安時代]住居溝　[中世]土坑　地下室　濠　[中世][近世]溝　堀　[時代不明]掘立柱建物","ナイフ形石器　縄文土器　打斧　土師器　須恵器　陶器（灰釉）　鉄製品　木製品　陶磁器　ガラス",139.5588752,35.66405133,"1"
1320802800,13208,"28","みやたまえいせき","宮田前遺跡","調布市 深大寺元町二丁目　佐須一丁目","[縄文時代][古墳時代][奈良時代][平安時代][中世]","集落","[奈良時代]竪穴住居　溝状遺構　小穴　[古墳時代]竪穴住居　溝状遺構　[古代]竪穴住居　小穴","縄文土器　土師器　蔵骨器　陶磁器　カワラケ　板碑　石製品（砥石）　須恵器　種子",139.5514406,35.66175237,"1"
1320803000,13208,"30","ぎおんじみなみいせき","祇園寺南遺跡","調布市 佐須町四丁目","[縄文時代（中期）][奈良時代][平安時代][中世]","包蔵地","","縄文土器 土師器 須恵器 陶磁器",139.556169,35.65751362,"1"
1320803100,13208,"31","はらやまいせき","原山遺跡","調布市 佐須町四丁目 佐須町五丁目 柴崎一丁目","[縄文時代（中期）][奈良時代][平安時代][中世][近世]","包蔵地・集落","[縄文時代]住居 集石 集石土坑 土坑 埋甕 [平安時代]住居 溝","縄文土器 打斧 磨斧 石鏃 石錘 石皿 土錘 耳飾 土偶 垂飾 土製品 土師器 須恵器 カワラケ 陶磁器",139.5596349,35.65741136,"1"
1320803300,13208,"33","ほんむらいせき","本村遺跡","調布市 菊野台三丁目","[奈良時代][平安時代]","包蔵地","","土師器",139.5705303,35.6512732,"1"
1320803400,13208,"34","かねこれんぞうじいせき","金子蓮蔵寺遺跡","調布市 西つつじケ丘四丁目 菊野台三丁目","[縄文時代][奈良時代][平安時代]","包蔵地","","縄文土器 土師器",139.5734335,35.6527501,"1"
1320803500,13208,"35","なかごうちいせき","中耕地遺跡","調布市 調布ヶ丘二丁目 調布ヶ丘三丁目","[縄文時代（中期）][奈良時代][平安時代][近世]","集落","[縄文時代]集石 土坑 [奈良時代][平安時代]住居 掘立柱建物 柵列 [近世]井戸 野鍛冶 溝","縄文土器 石器 土師器 須恵器 墨書土器 陶器（灰釉） 陶磁器 鉄製品 焼印 木製品",139.5492385,35.65605693,"1"
1320803600,13208,"36","きたうらいせき","北浦遺跡","調布市 八雲台一丁目 八雲台二丁目","[旧石器時代][縄文時代（草創期～中期）][古墳時代][奈良時代][平安時代][中世][近世]","包蔵地・集落","[旧石器時代]遺物集中箇所 炭化物集中箇所 [縄文時代]集石 土坑 埋甕 [奈良時代][平安時代]住居 [近世]ピット 土坑 溝","尖頭器 礫器 剥片 縄文土器 有舌尖頭器 土師器 須恵器 陶磁器",139.5582019,35.653348,"1"
1320803800,13208,"38","とびたきゅういせき","飛田給遺跡","調布市 飛田給一丁目 飛田給二丁目","[旧石器時代][縄文時代（前期～晩期）][古墳時代][奈良時代][平安時代][近世]","集落","[縄文時代]住居 敷石住居 集石 陥し穴 土坑 土器 棺墓 配石墓 埋甕 [古墳時代][奈良時代][平安時代]住居 掘立柱建物 土坑 溝 祭祀遺構 [中世][近世]住居 掘立柱建物 地下式土壙 土坑 溝","尖頭器 掻器 縄文土器 打斧 土錘 耳飾 土師器 須恵器 墨書土器 砥石 鉄鎌 刀子 鉄錐 鉄鏃 陶磁器 装身具 銭貨 人骨",139.5229111,35.65969456,"1"
1320803900,13208,"39","かみいしわらいせき","上石原遺跡","調布市 上石原二丁目","[縄文時代（早期～前期・後期～晩期）][古墳時代][平安時代][中世]","集落","[縄文時代]住居集石 陥し穴 [古墳時代]住居 掘立柱建物 ピット 溝 [奈良時代]住居 [平安時代]住居 掘立柱建物 ピット 土坑 集石土坑 溝 [中世]カワラケ工房","尖頭器 縄文土器 打斧 石錘 土製円板 土師器 須恵器 陶器(灰釉・二彩) 墨書土器 土製支脚 砥石 鉄鎌 鉄鏃 刀子 ヤリガンナ 紡錘車 <U+9299>帯 こう具 金属製品 銭貨 焼礫 カワラケ",139.528214,35.655678,"1"
1320804000,13208,"40","しもいしはらいせき","下石原遺跡","調布市 下石原三丁目","[縄文時代（早期・中期～後期）][古墳時代][奈良時代][平安時代][中世][近世]","城館","[縄文時代]住居 敷石住居 集石 炉穴 陥し穴 土壙墓 配石 [古墳時代]方形周溝墓 溝 [奈良時代][平安時代]住居 掘立柱建物 ピット 溝 井戸 火葬墓 [中世][近世]掘立柱建物 井戸 地下式土坑 溝 [近世]土坑","縄文土器 打斧 土師器 須恵器 墨書土器 陶器 支脚 砥石 台石 刀子 鉄鏃 鉄製紡錘車 土錘 銅製品 馬具 銭貨 石臼 板碑 蔵骨器 人骨 獣骨",139.53389,35.65073,"1"
1320804100,13208,"41","ももきばたいせき","百木畑遺跡","調布市 布田三丁目 布田四丁目","[古墳時代][奈良時代][平安時代][近世]","包蔵地","[時代不明]焼土 土坑","石器 土師器 須恵器 陶磁器",139.5469021,35.6494191,"1"
1320804400,13208,"44","こじまちょういせき","小島町遺跡","調布市 小島町三丁目","[縄文時代（中期）][古墳時代][奈良時代][平安時代][中世][近世]","包蔵地・集落","[縄文時代]住居炉穴 陥し穴 [古墳時代]住居 [奈良時代]住居 溝 鍛冶工房 [平安時代]住居 掘立柱建物 溝 [中世]住居 土坑 地下式土坑","縄文土器 石器 土製品 土師器 須恵器 墨書土器 鉄製品 羽口 鉄滓 陶器（灰釉) 陶磁器 銭貨",139.5386634,35.64730895,"1"
1320804500,13208,"45","かみふだいせき","上布田遺跡","調布市 布田三丁目 布田五丁目 布田六丁目 小島町三丁目","[旧石器時代][縄文時代（早期～晩期）][古墳時代][奈良時代][平安時代][中世][近世]","集落","[縄文時代]住居 竪穴状遺構 集石 土坑 炉 柱穴 土壙墓 埋甕 配石 [古墳時代]住居 溝 円形周溝 [奈良時代][平安時代]住居 掘立柱建物 柱穴 土坑 竈 溝 道路状遺構 鍛冶工房 火葬墓 井戸 [中世]地下式土坑 土壙墓 [中世][近世]掘立柱建物 集石 土坑 溝 [近世]土壙墓 溝 道路遺構 [平安時代]蔵骨器","縄文土器 石器 土製品 石製品 土師器 須恵器 墨書土器 陶器（灰釉） 土製支脚 鎌 刀子 土錘 羽口 <U+9299>帯 銅製丸鞘 陶磁器 カワラケ 硯 砥石 石臼 瓦 板碑 銭貨 鉄滓 人骨 打製石斧 敲石 石皿 石棒 金銅製巡方 鉄製品 石器及び焼礫 土師器甕及び須恵器蓋（人骨、墨書土器を含む） 木製品",139.5445643,35.64632794,"1"
1320804600,13208,"46","しもふだいせき","下布田遺跡","調布市 布田三丁目 布田六丁目","[縄文時代（早期～晩期）][古墳時代][奈良時代][平安時代][近世]","包蔵地・集落・古墳","[縄文時代]陥し穴 甕棺墓 土壙墓 埋甕 配石 [平安時代]住居 掘立柱建物 土坑 [奈良時代][平安時代][中世]土坑 土壙墓","縄文土器 石器 耳飾 石剣 石刀 石冠 土偶 土版 土師器 須恵器 墨書土器 石製品 鉄製品 紡錘車 陶磁器 板碑 五輪塔 鉄滓 獣骨",139.5495276,35.64537974,"1"
1320804700,13208,"47","こくりょうみなみいせき","国領南遺跡","調布市 国領町五丁目　 国領町六丁目","[旧石器時代][縄文時代（早期・中期）][古墳時代][奈良時代][平安時代][中世][近世]","集落","[縄文時代]住居　集石　陥し穴　埋甕　[古墳時代]方形周溝墓　土壙墓　[古墳時代][奈良時代][平安時代]住居　掘立柱建物　溝　[中世]地下式土坑　[近世]土坑　溝","ナイフ形石器　縄文土器　土製品　土師器　須恵器　鉄製品　陶磁器",139.5532333,35.64551589,"1"
1320804800,13208,"48","あげきゅういせき","上ヶ給遺跡","調布市 国領町四丁目　 国領町七丁目","[縄文時代（中期）][古墳時代][奈良時代][平安時代][中世][近世]","集落","[縄文時代]住居　集石　炉　貯蔵穴　陥し穴　土坑　[古墳時代]住居　土坑　道路　溝　土師器焼成工房　製鉄工房　[中世][近世]土坑　溝","縄文土器　石器　土師器　須恵器　鉄鎌　刀子　釘　鉄鏃　鉄滓　石製品　羽口　勾玉　管玉　陶磁器",139.5602214,35.6443852,"1"
1320804900,13208,"49","そめちいせき","染地遺跡","調布市 染地二丁目　 染地三丁目","[縄文時代（晩期）][弥生時代（後期）][古墳時代][奈良時代][平安時代]","集落","[弥生時代]住居　炉　[古墳時代]土坑　生産工房　[古墳時代][奈良時代][平安時代]住居　道路　溝　鍛冶工房　[中世]溝　濠　[近世]土葬墓","縄文土器　石器　石製品　弥生土器　土師器　須恵器　墨書土器　陶器（灰釉・緑釉）　紡錘車　勾玉　臼玉　ガラス玉　金属製品　陶磁器　板碑　小鉄仏　瓦　銭貨　木製品",139.5573796,35.64174287,"1"
1320805000,13208,"50","とびたきゅうきたいせき","飛田給北遺跡","調布市 西町　 飛田給一丁目","[旧石器時代][縄文時代（中期）][奈良時代][平安時代][近世]","集落","[旧石器時代]礫群　[縄文時代]土坑　陥穴　[古墳時代]住居　竪穴状遺構　竈　土坑　竪穴住居　[近世]ピット列　土坑　溝","ナイフ形石器　細石刃　掻器　敲石　磨石　石核　剥片　砕片　縄文土器　打斧　礫器　石槍　石皿　磨石　土玉　土師器　須恵器　砥石　帯金具　陶磁器　打製石斧　墨書土器",139.5240667,35.66610443,"1"
1321001800,13210,"18","のがわなかすきたいせき","野川中洲北遺跡","小金井市 中町一丁目","[旧石器時代][縄文時代（草創期～早期・後期）][古墳時代][平安時代][中世][近世]","集落","[旧石器時代]ブロック 礫群 配石 炭化物集中 [縄文時代]住居 集石 土坑 ピット [平安時代]土坑 [中世]掘立柱建物 ピット 土坑 溝 [近世]ピット 土坑","ナイフ形石器 尖頭器 細石刃 打斧 局部磨斧 礫器 縄文土器 打斧 磨斧 石槍 有舌尖頭器 石鏃 石錘 石皿 磨石 敲石 木製品 土師器 刀子 陶磁器",139.5162,35.69313,"1"
1321100200,13211,"2","はっしょういせき","八小遺跡","小平市 鈴木町一丁目","[奈良時代][平安時代]","集落","[奈良時代～平安時代]住居 市指定史跡－小平市八小遺跡（昭56.1.1)","土師器 砥石 瓦",139.5017,35.71965,"1"
1321200300,13212,"3","しんまちいせき","新町遺跡","日野市 新町三丁目","[平安時代]","集落","[平安時代]住居 土坑 溝","土師器 須恵器",139.386559,35.6821372,"1"
1321200400,13212,"4","さかえちょういせき","栄町遺跡","日野市 栄町二丁目","[縄文時代（前期～後期）][平安時代][中世][近世]","集落","[平安時代]住居 掘立柱建物 土坑 集石 溝 [中世]集石状遺構 敷石状遺構","縄文土器 打斧 石匙 土師器 須恵器 陶器（灰釉・緑釉） 陶磁器 銭貨",139.3917138,35.68405216,"1"
1321200500,13212,"5","しんめいうえきたいせき","神明上北遺跡","日野市 日野本町二丁目 神明日野","[縄文時代（中期～後期）][奈良時代][平安時代][中世]","集落","[縄文時代]住居 集石 土坑 [平安時代]住居 土坑 [中世]溝","縄文土器 石斧 石鏃 石匙 石皿 石棒 土師器 須恵器 陶器（灰釉） 刀子 鉄鏃 紡錘車 帯金具",139.4005028,35.6742356,"1"
1321200600,13212,"6","しんめいうえいせき","神明上遺跡","日野市 神明一丁目 神明二丁目 神明三丁目 神明四丁目 大坂上三丁目 大坂上四丁目 多摩平七丁目","[旧石器時代][縄文時代（早期～中期）][弥生時代][古墳時代][奈良時代][平安時代][近世]","集落","住居 掘建柱建物跡 土坑 集石 溝","石器 縄文土器 土師器 須恵器ほか",139.3932299,35.67174888,"1"
1321200700,13212,"7","","日野市№7遺跡","日野市 日野本町二丁目","[奈良時代][平安時代]","横穴墓","","",139.3956963,35.67685718,"1"
1321200800,13212,"8","さかにしおうけつぼぐん","坂西横穴墓群","日野市 大坂上一丁目","[奈良時代][平安時代]","横穴墓","※遺跡範囲のすべてが東京都指定史跡坂西横穴墓群となっています。","土師器 須恵器 編物片 人骨",139.3915421,35.67459816,"1"
1321201300,13212,"13","","日野市№13遺跡","日野市 大坂上一丁目 大坂上二丁目","[縄文時代（前期～中期）][古墳時代][奈良時代][平安時代]","包蔵地","","縄文土器 土師器",139.3902031,35.67769384,"1"
1321201400,13212,"14","みなみひろまぢいせき","南広間地遺跡","日野市 万願寺","[縄文時代（後期～晩期）][古墳時代][奈良時代][平安時代][中世][近世]","集落","[奈良時代][平安時代]住居 土坑 [中世]溝","縄文土器 打斧 磨斧 石鏃 石皿 磨石 凹石 土師器 須恵器 木製鋤柄 銭貨",139.4106364,35.67173494,"1"
1321201700,13212,"17","かわべほりのうちいせき","川辺堀之内遺跡","日野市 川辺堀之内 豊田","[縄文時代（前期～中期）][平安時代][中世]","包蔵地","竪穴状遺構 ピット 集石 土坑 溝 柱穴 落し穴","縄文土器 土師器 須恵器 古瀬戸 瓶子",139.3978648,35.66526407,"1"
1321201800,13212,"18","ふきあげいせき","吹上遺跡","日野市 東豊田三丁目","[縄文時代（中期）][弥生時代][古墳時代][奈良時代][平安時代]","集落","","",139.3894416,35.665114,"1"
1321202000,13212,"20","","日野市№20遺跡","日野市 東豊田一丁目 東豊田二丁目","[奈良時代][平安時代][中世]","集落","[奈良時代][平安時代]住居 溝","土師器 須恵器 銭貨",139.3884116,35.66212941,"1"
1321202200,13212,"22","ひらやまいせき","平山遺跡","日野市 東平山二丁目 西平山 豊田","[縄文時代（早期・中期）][古墳時代][奈良時代][平安時代][中世]","集落","住居址 溝 土坑 ピット 炉穴 掘立柱建物跡 [縄文時代]住居址 集石 土坑 [古墳時代]住居址 方形周溝墓 [中世]地下式土坑","縄文土器 打斧 磨斧 石鏃 掻器 石匙 石皿 土師器 須恵器 鉄製刀子 人骨 銭貨 石器 鉄製品",139.3768797,35.6517522,"1"
1321202600,13212,"26","ひらやましやかた","平山氏館","日野市 平山五丁目","[平安時代][中世]","城館","※遺跡範囲のすべてが日野市指定史跡平山季重居館跡となっています。","鏡 刀",139.3805876,35.64720477,"1"
1321202700,13212,"27","ひらやまたておよびひらやまじょうあと","平山館及平山城跡","日野市 平山六丁目","[平安時代][中世]","城館","[中世]腰曲輪 虎口","",139.3827162,35.64463801,"1"
1321203200,13212,"32","ほりきりやといせき","ホリキリ谷戸遺跡","日野市 程久保四丁目","[縄文時代][古墳時代][奈良時代][平安時代]","包蔵地","2基 [縄文時代]集石 [奈良時代][平安時代]竪穴遺構","縄文土器 石器 土師器 須恵器",139.4046184,35.6450841,"1"
1321203500,13212,"35","たかはただいいせきびー・しーちてん","高幡台遺跡B・C地点","日野市 程久保一丁目","[縄文時代（前期）][平安時代]","包蔵地","","縄文土器 土師器",139.4125203,35.65528592,"1"
1321203800,13212,"38","おちかわ・いちのみやいせき","落川・一の宮遺跡","日野市 落川","[縄文時代（晩期）][弥生時代（中期）][古墳時代][奈良時代][平安時代][中世][近世]","集落","[古墳時代]住居 土坑 [奈良時代]住居 掘立柱建物 土坑 溝 [古墳時代]?～[近世]水田 [奈良時代]～[中世]石敷遺構 [平安時代]住居 掘立柱建物 土坑 溝 粘土採掘坑 [中世]掘立柱建物 竪穴状遺構 地下炉 土坑 溝 道路 流路 [近世]礎石建物 畑 溝 墓壙","縄文土器 打斧 石鏃 弥生土器 土師器 須恵器 管玉 子持勾玉 勾玉 金環 石製模造品 砥石 刀子 鎚 釘 鉄鏃 石製・鉄製紡錘車 鉄錘 土錘 鉄鈴 門金具 陶硯 馬具 鍔 飾金具 墨書土器 磨石 石製・青銅製帯飾 馬歯 陶磁器 カワラケ 舶載陶磁器 瓦 板碑 銭貨 木杯 木蓋 くし 木杭",139.4368986,35.65469381,"1"
1321204100,13212,"41","におうづか","仁王塚","日野市 百草","[平安時代][中世]","経塚","","陶器 経筒",139.433946,35.65109508,"1"
1321204600,13212,"46","よつやまえいせき","四ツ谷前遺跡","日野市 栄町一丁目","[縄文時代][古墳時代][奈良時代][平安時代][中世][近世]","集落・社寺","[奈良時代][平安時代]住居 土坑 道路 [平安時代]溝 [中世][近世]井戸 土坑 溝 水田 掘込炉 配石遺構 地下式土壙 [中世]土壙 火葬址 道路","縄文土器 打斧 土師器 須恵器 灰釉陶器 陶磁器 鉄鏃 刀子 紡錘車 風字硯 丸鞆 瓦塔 板碑 鉦鼓 銭貨 人骨 牛馬骨",139.3943917,35.68237897,"1"
1321204700,13212,"47","うばくぼいせき","姥久保遺跡","日野市 新町一丁目","[縄文時代（前期～中期）][古墳時代][奈良時代][平安時代][中世][近世]","集落・その他（水田・墓地）","[古墳時代]住居 [平安時代]道路 水田 [中世]掘込炉 集石遺構 井戸 土坑 地下式土壙 土壙 火葬墓溝 道路 [時代不明]掘立柱建物","縄文土器 打斧 石鏃 土師器 須恵器 丸鞆 カワラケ 板碑 陶磁器 石臼 短刀 銅製笄 銭貨 人骨",139.3907818,35.68010143,"1"
1321205000,13212,"50","さんのううえいせき","山王上遺跡","日野市 多摩平二丁目 多摩平四丁目","[縄文時代][奈良時代][平安時代][中世]","集落","[縄文時代]土壙 集石 ピット 竪穴住居址 [平安時代]掘立柱建物址 溝 竪穴住居址","縄文土器 土師器 須恵器 石鏃 打製石斧 土錘 金属製品 石製品",139.3828498,35.66444457,"1"
1321205100,13212,"51","","日野市№51遺跡","日野市 多摩平六丁目","[旧石器時代][縄文時代（早期～前期・後期）][平安時代][中世]","集落","[旧石器時代]石器ブロック [縄文時代]土坑 ピット [平安時代]竪穴住居址 土坑","石器（尖頭器） 土器 石器 土師器",139.382675,35.670509,"1"
1321205200,13212,"52","しょうにんづか","上人塚","日野市 日野台三丁目","[平安時代][中世]","その他（塚）","※遺跡範囲のすべてが日野市指定史跡上人塚となっています。","須恵器（古代） かわらけ（中世）",139.379364,35.674992,"1"
1321205300,13212,"53","ひらやまだい２ごうおうけつぼ","平山台２号横穴墓","日野市 旭が丘一丁目","[奈良時代][平安時代]","横穴墓","横穴墓","人骨",139.3759871,35.65696887,"1"
1321400200,13214,"2","こいがくぼいせき","恋ヶ窪遺跡","国分寺市 西恋ヶ窪一丁目　 東恋ヶ窪一丁目　 東恋ヶ窪三丁目","[旧石器時代][縄文時代（早期・中期～後期）][奈良時代][平安時代][中世]","集落","[縄文時代]住居　敷石住居　集石　土坑　屋外埋甕　[中世]溝","(縄文)縄文土器　打斧　磨斧　石槍　石鏃　掻器　彫器　石匙　石錐　ピエス・エスキーユ　スタンプ形石器　敲石　砥石　土錘　土製円板　耳飾　硬玉製大珠　器台　(中世)陶器",139.4705243,35.70254176,"1"
1321400500,13214,"5","はねざわいせき","羽根沢遺跡","国分寺市 東恋ヶ窪一丁目、三丁目","[縄文時代（早期・中期）][奈良時代][平安時代]","集落","[縄文時代]住居　敷石住居　集石　土坑　埋甕　[古代]井戸","縄文土器　打斧　磨斧　石鏃　石匙　石皿　磨石　土製円板　耳飾",139.4739233,35.70318815,"1"
1321400900,13214,"9","ひかげやまいせき","日影山遺跡","国分寺市 泉町二丁目 西恋ヶ窪一丁目","[旧石器時代][縄文時代（中期）][奈良時代][平安時代][中世]","包蔵地","[旧石器時代]石器集中部 集石 ユニット 礫群 [縄文時代]竪穴住居 [歴史時代]掘立柱建物 柵列 井戸 火葬墓 土壙墓 井戸 道路跡（鎌倉街道） 溝 土坑 集石 特殊遺構","(旧石器時代)尖頭器 ナイフ形石器 スクレイパー 剥片遺物 石核 (縄文時代)土器 打製石斧 (歴史時代)土師質土器 瓦質土器 土器（在地土器） 陶磁器 銭貨 金属製品（刀子） 砥石 板碑 銭貨 鉄製品（鉄釘） 瓦",139.4717981,35.69264697,"1"
1321401000,13214,"10","むさしこくぶんじあと（そうにじ）","武蔵国分寺跡（僧尼寺）","国分寺市 西元町一丁目 西元町二丁目 西元町三丁目 西元町四丁目 東元町三丁目 東元町四丁目","[奈良時代][平安時代]","社寺跡","[奈良時代][平安時代]金堂 尼寺金堂 講堂 中門 塔 僧坊 尼坊 鐘楼 憧竿 回廊 住居 掘立柱建物 道路 溝 井戸 [中世]土坑 地下式横穴","土師器 須恵器 土師質土器 陶磁器(緑釉・灰釉・青磁・白磁・三彩・天目) カワラケ 支脚 砥石 石臼 鍬鋤先 鎌 ヤリガンナ 刀子 鉄鏃 紡錘車 土錘 鞴羽口 鈴 陶硯 <U+9299>帯 鬼瓦 軒丸瓦 丸瓦 平瓦 熨斗瓦 面戸瓦 <U+587C> 文様入銅製蓋 観音菩薩立像 銭貨 板碑",139.4668193,35.69189309,"1"
1321401900,13214,"19","むさしこくぶんじあと","武蔵国分寺跡","国分寺市 東元町二丁目 東元町三丁目 東元町四丁目 西元町一丁目 西元町二丁目 西元町三丁目 西元町四丁目 泉町一丁目 泉町二丁目 泉町三丁目 西恋ヶ窪一丁目","[旧石器時代][縄文時代][奈良時代][平安時代][中世][近世]","集落","[縄文時代]住居 [奈良時代][平安時代]住居 掘立柱建物 道路 溝 [中世]門 土坑 地下式横穴","縄文土器 陶磁器 土製品 石製品 鉄製品 青銅製品 瓦 <U+587C>",139.4662512,35.6985094,"1"
1321402200,13214,"22","こいがくぼはいじあと","恋ヶ窪廃寺跡","国分寺市 泉町三丁目","[縄文時代][平安時代][中世]","社寺","[平安時代][中世]礎石建物 掘立柱建物 土坑 溝 火葬墓 土壙墓","土師器 須恵器 陶器（灰釉） 瓦 板碑 宝筐印塔 銭貨 人骨",139.4853228,35.69644562,"1"
1321402300,13214,"23","","国分寺市№23遺跡","国分寺市 東元町二丁目","[縄文時代][奈良時代][平安時代]","包蔵地","[縄文時代]集石土坑","縄文土器 石器",139.4837496,35.6961901,"1"
1321402400,13214,"24","","国分寺市№24遺跡","国分寺市 東元町一丁目","[縄文時代][奈良時代][平安時代]","包蔵地","","縄文土器",139.4823459,35.69642596,"1"
1321402500,13214,"25","","国分寺市№25遺跡","国分寺市 東元町一丁目","[縄文時代][奈良時代][平安時代]","包蔵地","","縄文土器",139.4765747,35.70015531,"1"
1321402600,13214,"26","","国分寺市№26遺跡","国分寺市 東元町二丁目","[縄文時代][奈良時代][平安時代]","包蔵地","","縄文土器",139.4720246,35.69197866,"1"
1321402800,13214,"28","ほんちょう（こくぶんじむらせっきじだい）いせき","本町（国分寺村石器時代）遺跡","国分寺市 南町二丁目 本町二丁目","[旧石器時代][縄文時代（中期）][奈良時代][平安時代]","集落","[縄文時代]住居 土坑 埋甕","縄文土器 打斧 磨斧 石鏃 敲石",139.483665,35.70079777,"1"
1321402900,13214,"29","","国分寺市№29遺跡","国分寺市 南町一丁目 本町一丁目","[旧石器時代][縄文時代][奈良時代][平安時代]","包蔵地","","縄文土器",139.4851149,35.70016943,"1"
1321403000,13214,"30","","国分寺市№30遺跡","国分寺市 本多一丁目 本町二丁目","[縄文時代][奈良時代][平安時代]","包蔵地","","縄文土器",139.481922,35.70351503,"1"
1321403400,13214,"34","","国分寺市№34遺跡","国分寺市 西恋ヶ窪二丁目","[縄文時代][奈良時代][平安時代]","包蔵地","","縄文土器",139.4651256,35.70043532,"1"
1321403700,13214,"37","","国分寺市№37遺跡","国分寺市 西恋ヶ窪三丁目","[旧石器時代][縄文時代][奈良時代][平安時代]","包蔵地","[旧石器時代]ユニット 土坑 [縄文時代]土坑 [奈良時代][平安時代]土坑 溝","ナイフ形石器 尖頭器 細石刃 台形石器 楔形石器 掻器 錐 打斧 磨石 石核 縄文土器 石器",139.464439,35.70336272,"1"
1321403800,13214,"38","","国分寺市№38遺跡","国分寺市 西恋ヶ窪一丁目","[縄文時代][奈良時代][平安時代]","包蔵地","","縄文土器",139.4679335,35.70524044,"1"
1321403900,13214,"39","","国分寺市№39遺跡","国分寺市 西恋ヶ窪一丁目","[縄文時代][奈良時代][平安時代]","包蔵地","","縄文土器",139.4666632,35.70128155,"1"
1321404000,13214,"40","","国分寺市№40遺跡","国分寺市 内藤二丁目","[縄文時代][奈良時代][平安時代]","包蔵地","","縄文土器",139.4559932,35.69806544,"1"
1321404600,13214,"46","","国分寺市№46遺跡","国分寺市 光町二丁目","[奈良時代][平安時代]","包蔵地","","",139.4428096,35.7047288,"1"
1321404700,13214,"47","","国分寺市№47遺跡","国分寺市 日吉町一丁目","[縄文時代（中期）][奈良時代][平安時代]","包蔵地","","縄文土器",139.4582592,35.70274937,"1"
1321404900,13214,"49","","国分寺市№49遺跡","国分寺市 日吉町一丁目","[奈良時代][平安時代]","包蔵地","","",139.4566455,35.70102081,"1"
1321405700,13214,"57","こいがくぼひがしいせき","恋ヶ窪東遺跡","国分寺市 本町四丁目 東恋ヶ窪一丁目 東恋ヶ窪二丁目","[旧石器時代][縄文時代（中期）][奈良時代][平安時代]","集落","[縄文時代]掘立柱建物跡 敷石住居 集石土坑 土坑 屋外埋甕 炉穴 陥穴 特殊遺構","(旧石器時代)細石刃 尖頭器 ナイフ形石器 (縄文時代)縄文土器 ミニチュア土器 耳栓 器台 打製石斧 石鏃 掻器 石匙 石錐 石皿 磨石 土製円板 尖頭器 石棒 硬玉製原石 (奈良・平安時代)土師器 瓦",139.4770468,35.70348715,"1"
1321405800,13214,"58","とうさんどうむさしみち","東山道武蔵路","国分寺市 西恋ヶ窪一丁目 東恋ヶ窪三丁目","[奈良時代][平安時代]","その他（道路跡）","東山道武蔵路","",139.4691008,35.69517554,"1"
1321500100,13215,"1","","国立市№1遺跡","国立市 富士見台四丁目","[縄文時代][平安時代]","包蔵地","","縄文土器 黒曜石 土師器",139.430145,35.688156,"1"
1321500200,13215,"2","みねうえいせき","峰上遺跡","国立市 富士見台三丁目","[旧石器時代][縄文時代][平安時代]","集落","[旧石器時代]ブロック 礫群 配石 [縄文時代]土坑","ナイフ形石器 尖頭器 スクレイパー 敲石 石核 剥片 縄文土器 土師器",139.4363187,35.68552263,"1"
1321500300,13215,"3","なかみねしたいせき","中峰下遺跡","国立市 谷保","[奈良時代][平安時代][中世][近世]","包蔵地","[奈良時代][平安時代]敷石遺構 土坑","主な出土品",139.4362997,35.68335206,"1"
1321500400,13215,"4","","国立市№4遺跡","国立市 富士見台二丁目 富士見台三丁目 中三丁目","[平安時代]","包蔵地","","土師器 須恵器 土錘",139.4412435,35.68745127,"1"
1321500500,13215,"5","かりやうえにしいせき","仮屋上西遺跡","国立市 谷保","[旧石器時代][縄文時代（中期）][平安時代][中世]","集落","[奈良時代]住居跡 溝状遺構 [平安時代]住居跡 土坑 ピット","土師器 須恵器 陶器 須恵器質陶器 刀子 紡錘車 古銭(隆平永寶) 風字硯",139.4417242,35.6828501,"1"
1321500600,13215,"6","かりやうえいせき","仮屋上遺跡","国立市 谷保 富士見台二丁目","[縄文時代（中期）][奈良時代][平安時代][中世]","集落","[平安時代]住居跡 土坑 配石 溝状遺構 柱穴 [中世]地下式土坑","縄文土器 石鏃 土師器 須恵器 砥石 鉄製品 紡錘車 土錘 円面硯 瓦",139.4435438,35.68276644,"1"
1321500700,13215,"7","ひがしのはらいせき","東之原遺跡","国立市 谷保 富士見台一丁目","[縄文時代（中期）][平安時代]","包蔵地","[縄文時代]集石 柱穴","土師器 須恵器",139.4503416,35.68137209,"1"
1321500800,13215,"8","みどりかわひがしいせき","緑川東遺跡","国立市 青柳一丁目 青柳三丁目","[旧石器時代][縄文時代（早期～後期）][奈良時代][平安時代][近世]","集落","[旧石器時代]ブロック 礫群 配石 [縄文時代]住居跡 竪穴状遺構 集石 炉穴 土坑 ピット 焼土跡 [奈良時代][平安時代]溝 [近世]溝状遺構 土坑","ナイフ形石器 尖頭器 石核 細石刃核 スクレイパー 縄文土器 打斧 石匙 土偶 打製石斧 有舌尖頭器 石鏃 スタンプ形石器 礫器 扶入磨石 磨石 石皿 石錘 石棒 耳栓 垂飾",139.423645,35.686913,"1"
1321500900,13215,"9","あおやぎいせき","青柳遺跡","国立市 青柳","[旧石器時代][縄文時代（中期）][平安時代]","包蔵地","","尖頭器 打斧 縄文土器 石斧 土師器",139.4220708,35.6823436,"1"
1321501200,13215,"12","しけんざけいせき","四軒在家遺跡","国立市 矢川三丁目","[旧石器時代][縄文時代（中期）][古墳時代][平安時代][近世]","集落","[縄文時代]敷石住居 住居跡 集石 土坑 ピット 埋設土器[中世][近世]溝状遺構 土坑 柱穴","縄文土器 剥片 円筒埴輪 打製石斧 異形土器（ミニチュア土器） ナイフ形石器 有舌尖頭器 石鏃 掻器 石匙 スタンプ形石器 土師器 坏 須恵器 陶磁器",139.4274159,35.6809353,"1"
1321501300,13215,"13","なんようじいせき","南養寺遺跡","国立市 谷保","[縄文時代（早期～後期）][奈良時代][平安時代][中世][近世]","集落","[縄文時代]住居 敷石住居 集石 土坑 ピット [平安時代]住居 土坑 石組遺構 [近世]土坑 井戸 溝状遺構","縄文土器 打斧 磨斧 石鏃 掻器 石匙 石錘 楔形石器 石皿 磨石 スタンプ形石器 凹石 敲石 土錘 土製円板 石棒 土偶 土師器 須恵器 刀子 羽口 瓦 鉄滓 陶磁器 板碑 銭貨",139.4324542,35.68022068,"1"
1321501500,13215,"15","じょうやまいせき","城山遺跡","国立市 谷保","[縄文時代（早期・中期）][奈良時代][平安時代][中世][近世]","包蔵地","[中世][近世]石組粘土敷土坑 集礫遺構 土坑 ピット 道状遺構","縄文土器 打斧 石皿 土師器 須恵器 瓦 須恵器系土師質土器 陶器 磁器 かわらけ 石臼 砥石 スラグ 石製品",139.436334,35.67944785,"1"
1321501900,13215,"19","","国立市№19遺跡","国立市 谷保","[平安時代]","包蔵地","","土師器 須恵器",139.4414839,35.68098167,"1"
1321502100,13215,"21","ばいりんいせき","梅林遺跡","国立市 谷保","[縄文時代（中期）][奈良時代][平安時代][中世][近世]","包蔵地","[中世]溝状遺構","縄文土器 石斧 土師器 須恵器 鋳型 坩堝 三又状土製品 羽口 陶磁器",139.4453291,35.67894587,"1"
1321502200,13215,"22","しもやぼいせき","下谷保遺跡","国立市 谷保","[縄文時代（早期・中期）][古墳時代][平安時代][中世]","集落","[縄文時代]住居 竪穴状遺構 集石 土坑 [古墳時代]住居 土坑","縄文土器 打斧 局部磨製石斧 礫器 石槍 石鏃 掻器 楔形石器 石皿 磨石 スタンプ形石器 凹石 敲石 砥石 土師器 須恵器 管玉 陶磁器",139.4485839,35.6773761,"1"
1321502400,13215,"24","やぼとうほういせき","谷保東方遺跡","国立市 谷保","[縄文時代（中期）][古墳時代][平安時代][近世]","集落","[縄文時代]住居 敷石住居 焼土 ピット 埋甕 [古墳時代]土坑 [平安時代]土坑 [近世]溝状遺構","縄文土器 打斧 磨斧 礫器 石鏃 石匙 石皿 磨石 石棒 三角柱状土製品 土師器 陶磁器",139.4500774,35.67593982,"1"
1321502600,13215,"26","","国立市№26遺跡","国立市 谷保","[縄文時代][平安時代]","包蔵地","","縄文土器 土師器 須恵器",139.4391254,35.67688805,"1"
1321502700,13215,"27","","国立市№27遺跡","国立市 東四丁目","[平安時代]","包蔵地","[平安時代]溝状遺構","須恵器",139.449552,35.68770223,"1"
1321800300,13218,"3","","福生市№3遺跡","福生市 福生","[縄文時代（後期）][平安時代?]","集落","[縄文時代]敷石住居?","縄文土器 石鏃 土師器",139.3245237,35.73937643,"1"
1321800600,13218,"6","しもいせき","志茂遺跡","福生市 志茂","[縄文時代（後期）][平安時代？]","包蔵地","","縄文土器 石錘 土師器",139.3283689,35.73324548,"1"
1321800700,13218,"7","","福生市№7遺跡","福生市 武蔵野台二丁目","[縄文時代（中期）][平安時代]","包蔵地","","縄文土器 剥片 土師器",139.3283075,35.75070337,"1"
1321801300,13218,"13","","福生市№13遺跡","福生市 熊川","[縄文時代（前期～中期）][平安時代]","包蔵地","","縄文土器 打斧 剥片 土師器",139.3390456,35.72968826,"1"
1321900100,13219,"1","こあだちまえはらきたいせき","小足立前原北遺跡","狛江市 西野川四丁目","[古墳時代][奈良時代][平安時代]","包蔵地","","土師器 須恵器",139.571069,35.64850383,"1"
1321900200,13219,"2","こあだちまえはらみなみいせき","小足立前原南遺跡","狛江市 西野川三丁目 西野川四丁目 和泉本町四丁目","[弥生時代][古墳時代][奈良時代][平安時代][近世]","集落","[古墳時代]住居","弥生土器 土師器 須恵器 陶器",139.5717728,35.64557441,"1"
1321900500,13219,"5","みのわだ・きたくぼいせき","箕和田・北久保遺跡","狛江市 西野川二丁目 和泉本町三丁目","[縄文時代（中期）][弥生時代][古墳時代][奈良時代][平安時代][近世]","集落","[近世]溝状遺構 墓地","縄文土器 弥生土器 土師器 須恵器 陶磁器 鉄製品 銅製品 煙管 銭貨",139.5741074,35.64335636,"1"
1321900600,13219,"6","がくとうほんむらいせき","覚東本村遺跡","狛江市 西野川一丁目","[古墳時代][奈良時代][平安時代][近世]","包蔵地","","土師器 陶器",139.5765449,35.64579761,"1"
1321900700,13219,"7","こあだちなかむらきたいせき","小足立中村北遺跡","狛江市 東野川二丁目 東野川三丁目 西野川一丁目","[縄文時代（中期）][古墳時代][奈良時代][平安時代][近世]","集落","[奈良時代][平安時代]住居 [近世]建物 竪穴状遺構 土坑 井戸 溝 集石","縄文土器 石斧 石鏃 砥石 土師器 須恵器 陶磁器 硯 釘 木製品 銭貨",139.578934,35.644489,"1"
1321900800,13219,"8","こあだちなかむらみなみいせき","小足立中村南遺跡","狛江市 東野川二丁目 西野川一丁目","[弥生時代][古墳時代][奈良時代][平安時代]","集落","[平安時代]住居 掘立柱建物","弥生土器 土師器 須恵器",139.578934,35.644489,"1"
1321901000,13219,"10","みつおさひがしいせき","三長東遺跡","狛江市 東野川三丁目 東野川四丁目","[古墳時代][奈良時代][平安時代][近世]","集落","[古墳時代]住居 [時代不明]溝","土師器 須恵器 磁器 擂鉢 ホウロク カワラケ",139.5850765,35.64468162,"1"
1321901100,13219,"11","がくとうみしまにしいせき","覚東三島西遺跡","狛江市 東野川一丁目","[古墳時代][奈良時代][平安時代]","包蔵地","","土師器",139.580991,35.64324475,"1"
1321901200,13219,"12","がくとうみしまなかいせき","覚東三島中遺跡","狛江市 東野川一丁目","[奈良時代][平安時代][近世]","包蔵地","","土師器 須恵器 陶磁器 ホウロク カワラケ",139.5831024,35.64261699,"1"
1321901800,13219,"18","はらきたいせき","原北遺跡","狛江市 和泉本町一丁目","[縄文時代（中期）][弥生時代][古墳時代][奈良時代][平安時代][近世]","集落","[古墳時代]住居","縄文土器 弥生土器 土師器 須恵器 陶器 カワラケ",139.5774313,35.63893222,"1"
1321902000,13219,"20","はらみなみいせき","原南遺跡","狛江市 和泉本町一丁目","[縄文時代][奈良時代][平安時代][近世]","集落","[時代不明]住居 掘立柱建物","縄文土器 土師器 須恵器 陶器",139.5784269,35.63628148,"1"
1321902900,13219,"29","ふるやしき・あいのはらいせき","古屋敷・相之原遺跡","狛江市 岩戸南二丁目 岩戸南三丁目","[縄文時代（草創期・中期～後期）][弥生時代][古墳時代][奈良時代][平安時代][近世]","集落","[弥生時代]住居 [古墳時代][奈良時代][平安時代]住居 [時代不明]土師器窯 土坑","縄文土器 有舌尖頭器 石鏃 弥生土器 土師器 須恵器 鉄鎌 鉄鏃 刀子 石製模造品 陶磁器",139.5904667,35.62996028,"1"
1321903100,13219,"31","ふるやしきいせき","古屋敷遺跡","狛江市 岩戸南一丁目 岩戸南二丁目","[古墳時代][奈良時代][平安時代]","集落","[古墳時代]住居 [奈良時代]住居","土師器 須恵器 陶器（灰釉）",139.5852182,35.63103814,"1"
1321903600,13219,"36","てらまえひがしいせき","寺前東遺跡","狛江市 東和泉一丁目 東和泉二丁目 猪方一丁目","[縄文時代（早期～前期）][弥生時代][古墳時代][奈良時代][平安時代][中世][近世]","集落","[縄文時代]住居 [平安時代]住居 [時代不明]掘立柱建物 土坑 溝状遺構","縄文土器 打斧 石鏃 石皿 磨石 弥生土器 土師器 須恵器 陶器 カワラケ 釘 銭貨",139.5796233,35.62964658,"1"
1321903701,13219,"37-1","くぼ・まえはらいせき","久保・前原遺跡","狛江市 東和泉二丁目 猪方三丁目","[古墳時代][奈良時代][平安時代][近世]","集落","[古墳時代]周溝 [奈良時代][平安時代]住居 [時代不明]掘立柱建物 土坑","土師器 須恵器 陶器 鉄製品",139.5781127,35.62741413,"1"
1321904000,13219,"40","たなか・てらまえいせき","田中・寺前遺跡","狛江市 東和泉一丁目 東和泉二丁目 元和泉一丁目 元和泉二丁目","[縄文時代（中期）][古墳時代][奈良時代][平安時代][中世][近世]","集落","[縄文時代]集石土坑 [古墳時代][奈良時代]住居 [近世]井戸 [時代不明]掘立柱建物 周溝状遺構","縄文土器 打斧 土師器 須恵器 陶磁器",139.5750064,35.63116728,"1"
1321904201,13219,"42-1","べんてんいけいせき","弁財天池遺跡","狛江市 中和泉一丁目","[旧石器時代][縄文時代（中期～後期）][弥生時代（後期）][古墳時代][奈良時代][平安時代][中世][近世]","集落","[旧石器時代]ブロック [縄文時代]住居 集石 土坑 [弥生時代][古墳時代]方形周溝墓 [古墳時代][奈良時代]住居 [奈良時代][平安時代]掘立柱建物 [中世][近世]土坑","ナイフ形石器 尖頭器 細石刃 縄文土器 打斧 石鏃 石皿 土製円板 石棒 弥生土器 槍先形鉄製品 鉄釧 銅釧 土師器 須恵器 紡錘車 銀製穂積具",139.575899,35.63310663,"1"
1321904300,13219,"43","いずみだぐらいせき","和泉駄倉遺跡","狛江市 東和泉一丁目","[縄文時代（中期～後期）][弥生時代（後期）][古墳時代][奈良時代][平安時代][近世]","集落","[縄文時代]住居 [弥生時代][古墳時代]住居 [奈良時代][平安時代]住居 掘立柱建物","縄文土器 弥生土器 土師器 須恵器 陶磁器",139.5794181,35.6316277,"1"
1321904500,13219,"45","ひがしづかいせき","東塚遺跡","狛江市 中和泉一丁目","[縄文時代（中期）][奈良時代][平安時代]","集落","[縄文時代][平安時代]住居 [時代不明]土坑 溝","縄文土器 打斧 土師器 須恵器",139.5766532,35.63500744,"1"
1321904900,13219,"49","まつばらひがしいせき","松原東遺跡","狛江市 中和泉一丁目","[奈良時代][平安時代][近世]","集落","[古墳時代][平安時代]住居 [奈良時代][平安時代]掘立柱建物","土師器 須恵器 陶器",139.574354,35.63496223,"1"
1321905000,13219,"50","きょうづかいせき","経塚遺跡","狛江市 中和泉一丁目","[縄文時代（中期）][古墳時代][奈良時代][平安時代]［中世］[近世]","集落","[縄文時代][古墳時代]住居 [奈良時代][平安時代]住居 [中世][近世]ビット群","縄文土器 石鏃 土師器 須恵器 鉄製品 陶器 カワラケ",139.574354,35.63372052,"1"
1321905900,13219,"59","まつばらいせき","松原遺跡","狛江市 中和泉一丁目 中和泉二丁目 和泉本町一丁目 和泉本町三丁目","[縄文時代（中期）][古墳時代][奈良時代][平安時代][近世]","包蔵地","","縄文土器 土師器 須恵器 陶器 カワラケ",139.5733241,35.63785018,"1"
1321906000,13219,"60","ふじづかいせき","藤塚遺跡","狛江市 和泉本町四丁目","[古墳時代][平安時代][近世]","包蔵地","","土師器 陶器",139.5714705,35.6415338,"1"
1321906200,13219,"62","いなりまえいせき","稲荷前遺跡","狛江市 中和泉五丁目","[縄文時代（中期）][古墳時代][奈良時代][平安時代][近世]","包蔵地","","縄文土器 土師器 須恵器 陶器 カワラケ",139.5664751,35.64206392,"1"
1321906300,13219,"63","おばらいせき","小原遺跡","狛江市 中和泉二丁目 中和泉五丁目","[縄文時代（中期）][古墳時代][奈良時代][平安時代][近世]","包蔵地","","縄文土器 土師器 須恵器 陶器",139.5680071,35.63953211,"1"
1322300100,13223,"1","いなりくぼいせき","稲荷窪遺跡","武蔵村山市 岸三丁目","[縄文時代（中期）][平安時代]","包蔵地","","縄文土器　打斧　瓦",139.3701925,35.76669671,"1"
1322300800,13223,"8","のやまだい5いせき","野山第5遺跡","武蔵村山市 本町五丁目","[縄文時代（早期～後期）][弥生時代][古墳時代][奈良時代][平安時代][近世？]","集落","[縄文時代]集石土坑　集石炉　溝　配石　[弥]住居　[古墳時代]住居　[奈良時代]住居　[平安時代]住居　[近]炭窯　[時代不明]土坑　溝","尖頭器　縄文土器　打斧　磨斧　石鏃　掻器　楔形石器　磨石　スタンプ形石器　敲石　石核　土製円板　土師器　須恵器　手捏土器　支脚　砥石　紡錘車　土玉",139.3851431,35.76217173,"1"
1322301300,13223,"13","きちじょうやまいせき","吉祥山遺跡","武蔵村山市 本町四丁目","[旧石器時代][縄文時代（早期～晩期）][弥生時代（後期）][古墳時代][平安時代]","集落","[縄文時代]住居　炉穴　野外炉　土坑　[弥生時代]住居　[古墳時代]住居","ナイフ形石器　尖頭器　縄文土器　打斧　石鏃　石刃　弥生土器　土師器　須恵器　瓦",139.387821,35.75868928,"1"
1322301400,13223,"14","あかぼりだい1いせき","赤堀第1遺跡","武蔵村山市 中央四丁目","[平安時代]","集落","[平安時代]住居","土師器　瓦　発火器",139.3912895,35.75877286,"1"
1322301500,13223,"15","あかぼりだい2いせき","赤堀第2遺跡","武蔵村山市 中央四丁目","[縄文時代（中期）][平安時代]","包蔵地","","縄文土器　石斧　土師器　土製支脚",139.3916328,35.75737985,"1"
1322301600,13223,"16","あかぼりだい3いせき","赤堀第3遺跡","武蔵村山市 中央四丁目","[平安時代]","集落・生産跡（小鍛冶跡）","[平安時代]住居　小鍛冶","土師器　須恵器　鉄鎌　刀子　鉄鎚　鉄釘　鉄鏃　筒状鉄器　鎹状不明鉄器　紡錘車　瓦",139.3910149,35.75935793,"1"
1322301800,13223,"18","やしきやまいせき","屋敷山遺跡","武蔵村山市 中藤一丁目","[旧石器時代][縄文時代（草創期～晩期）][弥生時代（後期）][古墳時代][平安時代][中世]","集落","[縄文時代]住居　竪穴状遺構　ピット","縄文土器　打斧　スタンプ形石器　弥生土器　土師器　瓦",139.3980655,35.75746344,"1"
1322302200,13223,"22","かじがやといせき","鍛冶ヶ谷戸遺跡","武蔵村山市 中藤五丁目","[縄文時代（中期）][平安時代]","包蔵地","","縄文土器　土師器　須恵器",139.4062023,35.75899575,"1"
1322302300,13223,"23","どうやまいせき","堂山遺跡","武蔵村山市 神明二丁目","[縄文時代（中期）][平安時代]","包蔵地","","縄文土器　打斧　土師器",139.4020481,35.75476091,"1"
1322700900,13227,"9","","羽村市№9遺跡","羽村市 川崎二丁目","[縄文時代（中期）][古墳時代][奈良時代][平安時代]","包蔵地","","縄文土器 打斧 土師器",139.3204245,35.75052753,"1"
1322800300,13228,"3","ぐんどういせき","軍道遺跡","あきる野市 乙津","[縄文時代（早期～前期）][平安時代]","包蔵地","","縄文土器　須恵器",139.1847995,35.73475137,"1"
1322801600,13228,"16","まつばらいせき","松原遺跡","あきる野市 五日市","[縄文時代（中期）][平安時代]","集落","[縄文時代]敷石住居","縄文土器　打斧　磨斧　石鏃　土師器",139.2241357,35.72492015,"1"
1322801900,13228,"19","なかむらいせき","中村遺跡","あきる野市 留原","[縄文時代（早期～後期）][平安時代]","集落","[縄文時代]敷石住居","縄文土器　打斧　石鏃　石錘　土師器",139.2286675,35.7281811,"1"
1322802000,13228,"20","ととはらいせき","留原遺跡","あきる野市 留原","[縄文時代（中期～後期）][平安時代]","集落","[縄文時代]住居　炉穴　陥し穴　土坑","縄文土器　打斧　石匙　大珠　土師器　須恵器",139.2318261,35.72319207,"1"
1322802600,13228,"26","ひがしだいらいせき","東平遺跡","あきる野市 横沢","[縄文時代（中期～晩期）][古墳時代][平安時代]","包蔵地","","縄文土器　礫器　石鏃　剥片　土師器",139.2434991,35.73311408,"1"
1322802700,13228,"27","ばんばいせき","番場遺跡","あきる野市 高尾","[平安時代]","包蔵地","","土師器",139.2411645,35.72890574,"1"
1322802900,13228,"29","まえはらいせき","前原遺跡","あきる野市 伊奈","[縄文時代（中期）][平安時代]","包蔵地","","縄文土器　石鏃　土師器",139.2477219,35.73202718,"1"
1322803000,13228,"30","あじろべんてんどうけついせき","網代弁天洞穴遺跡","あきる野市 網代","[縄文時代][弥生時代][平安時代][中世][近世]","洞穴（祭祀）","","縄文土器　打斧　磨斧　礫器　石鏃　凹石　管玉　弥生土器　有孔円板　須恵器　鉄刀子　経石　石像　銭貨",139.246692,35.720572,"1"
1322803200,13228,"32","もんぐちいせき","門口遺跡","あきる野市 網代","[縄文時代（中期～後期）][古墳時代][平安時代]","包蔵地","","縄文土器　石器　土師器",139.2520135,35.72333143,"1"
1322803300,13228,"33","ひきやがやといせき","引谷ヶ谷戸遺跡","あきる野市 網代","[縄文時代（早期～中期）][奈良時代][平安時代][中世]","包蔵地・集落","[縄文時代]住居跡　土坑　集石　陥穴状土坑　埋甕　焼土群　[奈良時代][平安時代][中世]陥穴状土坑","縄文土器　石器　石製品　土製品　土師器　須恵器　陶磁器",139.2512925,35.72065562,"1"
1322803400,13228,"34","みずくさきいせき","水草木遺跡","あきる野市 伊奈","[縄文時代（早期～後期）][古墳時代][奈良時代][平安時代][中世][近世]","集落　その他（狩猟場）","[縄文時代]土坑　陥穴状土坑　[古墳時代]住居跡　掘立柱建物跡　[古墳時代]～[中世]円形土坑　方形土坑　[古墳時代]～[近世]土坑　[近世]溝状遺構　道路跡　農業関連遺構","縄文土器　尖頭器　打斧　石鏃　削器　石皿　土師器　石器　須恵器　貿易陶器　陶磁器(常滑・青磁)",139.2577813,35.73277965,"1"
1322803800,13228,"38","つぼまつえーいせき","坪松A遺跡","あきる野市 網代","[縄文時代（早期～中期）][平安時代]","包蔵地","","縄文土器　土師器",139.2567513,35.72104585,"1"
1322803900,13228,"39","つぼまつびーいせき","坪松B遺跡","あきる野市 網代","[縄文時代（早期・中期）][古墳時代][奈良時代][平安時代]","集落","[縄文時代]住居跡　土坑　陥穴状土坑　[古墳時代][奈良時代][平安時代]住居跡　土坑　[平安時代]円形土坑","縄文土器　石器　土師器　須恵器　土製品　石製品　鉄製品　灰ゆう陶器",139.2560647,35.72037689,"1"
1322804400,13228,"44","すがおだいさんいせき","菅生第三遺跡","あきる野市 菅生","[縄文時代（早期・中期～後期）][古墳時代][平安時代][近世]","集落","[縄文時代]土坑　ピット　集石土坑　陥穴状土坑　[古墳時代]竪穴　[古墳時代][奈良時代][平安時代]住居跡　円形土坑　土坑　集石土坑　[近世]道路跡　土坑","縄文土器　石器　土師器　須恵器　土製品　石製品　鉄製品　国産陶磁器（肥前・瀬戸美濃）",139.289812,35.74553947,"1"
1322804900,13228,"49","きたこみやいせき","北小宮遺跡","あきる野市 草花","[縄文時代（前期～後期）][古墳時代][奈良時代][平安時代]","集落","[縄文時代]住居跡　[古墳時代]住居跡　土坑　[平安時代]住居跡","縄文土器　石器　弥生土器　土師器　須恵器",139.3028325,35.74060377,"1"
1322805700,13228,"57","はしば・えりいせき","橋場・江里遺跡","あきる野市 草花","[縄文時代（前期）][古墳時代][平安時代]","包蔵地","","縄文土器　土師器",139.3081947,35.74544368,"1"
1322805800,13228,"58","はしばいせき","橋場遺跡","あきる野市 草花","[縄文時代][古墳時代][奈良時代][平安時代]","包蔵地・集落","[縄文時代]住居　土坑　炉跡　[古墳時代]住居　掘立柱建物　[奈良時代]～[平安時代]土坑　［時代不明］小穴","縄文土器　石鏃　石斧　土師器　須恵器　支脚　土錐　紡錘車",139.3054825,35.74209984,"1"
1322806400,13228,"64","なかたかせいせき","中高瀬遺跡","あきる野市 草花","[縄文時代（後期～晩期）][古墳時代][平安時代]","集落","[縄文時代]住居跡　炉","縄文土器　石器　土師器　須恵器　獣骨",139.3090809,35.73508602,"1"
1322806800,13228,"68","いしがみいせき","石神遺跡","あきる野市 原小宮","[縄文時代（前期～後期）][古墳時代][奈良時代][平安時代][中世][近世]","集落・墳墓","[縄文時代]集石土坑　石器埋納遺構　[古墳時代]住居跡　円形周溝墓　方形周溝墓　[奈良時代][平安時代]住居跡　[中世]井戸　盛土　[近世]墓壙","縄文土器　石器　土師器　須恵器　陶磁器",139.2994743,35.73449207,"1"
1322807000,13228,"70","まつかいどういせき","松海道遺跡","あきる野市 平沢","[縄文時代（中期）][古墳時代][奈良時代][平安時代]","集落","[縄文時代]住居跡　竪穴状遺構　集石土坑　集石　土坑　ピット　[古墳時代][奈良時代][平安時代]住居跡","縄文土器　石器　土製品　鉄鏃　土師器　支脚　粘土塊　砥石",139.3078858,35.73231829,"1"
1322807400,13228,"74","かいどいせき","開戸遺跡","あきる野市 上代継","[縄文時代（中期～後期）][古墳時代][奈良時代][平安時代]","集落","[縄文時代]集石　集石土坑　[平安時代]住居跡　［時代不明］土坑","縄文土器　石鏃　石皿　磨石　焼礫　土師器",139.2762349,35.72354744,"1"
1322808900,13228,"89","まえだこうちいせき","前田耕地遺跡","あきる野市 二宮　 野辺　 小川","[旧石器時代][縄文時代（草創期～後期）][弥生時代][古墳時代][平安時代][中世][近世]","集落","[縄文時代]住居跡　集石土坑　炉　土坑　石器製作址　配石","尖頭器　細石刃核　掻器　削器　縄文土器　打斧　磨斧　礫器　石鏃　石匙　石皿　磨石　台石　有溝砥石　剥片　土錘　土偶　弥生土器　土師器　須恵器　陶器（灰釉)　鎌　刀子　陶磁器　瓦　杭　焼礫",139.3154045,35.72418002,"1"
1322809100,13228,"91","にのみや・にのみやもりこしいせき","二宮・二宮森腰遺跡","あきる野市 二宮　 平沢","[旧石器時代][縄文時代（草創期～後期）][弥生時代][古墳時代][奈良時代][平安時代][中世][近世]","集落・経塚・社寺・城館","[縄文時代]住居跡　敷石住居　炉　土坑　柱穴群　埋甕　[平安時代]経塚　[中世]地下式土坑","細石刃核　縄文土器　打斧　磨斧　礫器　石鏃　石匙　石錐　石箆　石皿　磨石　スタンプ形石器　凹石　剥片石器　弥生土器　土師器　須恵器　鉄釘　鉄製品　鍔　柄頭鞘尻　瓦　陶磁器　金銅仏　銭貨",139.3128296,35.72886241,"1"
1322809500,13228,"95","にのみやじょうあと・あきるのし<U+FFFD><U+FFFD>96いせき","二宮城跡・あきる野市<U+FFFD><U+FFFD>96遺跡","あきる野市 二宮","[縄文時代（中期）][平安時代][中世]","集落・城館","[縄文時代]住居　土坑　[平安時代]住居　[中世]掘立柱建物　段状遺構柵列","縄文土器　打斧　石鏃　磨石　須恵器　陶磁器　茶臼?　板碑　銭貨",139.3215157,35.72144849,"1"
1322810900,13228,"109","すなぬまいせき","砂沼遺跡","あきる野市 伊奈","[縄文時代（後期）][平安時代][中世][近世]","包蔵地・その他（水田跡）","[縄文時代]土坑　[中世][近世]水田","縄文土器　土師器　白磁　蹄鉄　煙管　田下駄　杵",139.2509492,35.73319769,"1"
1322811000,13228,"110","かみがたいせき","上賀多遺跡","あきる野市 瀬戸岡","[平安時代]","集落","[奈良時代][平安時代]住居跡　土坑　焼土跡　[平安時代]住居　[中世][近世]溝　ムロ","縄文土器　石器　土師器　須恵器　磁器　石製品",139.289974,35.7394116,"1"
1322811100,13228,"111","あきのいせき","阿岐野遺跡","あきる野市 引田","[縄文時代（早期～前期）][奈良時代][平安時代][近世]","集落　その他（狩猟場）","[縄文時代]陥穴","縄文土器",139.2694199,35.73264031,"1"
1322900700,13229,"7","したのやいせき","下野谷遺跡","西東京市 東伏見二丁目 東伏見三丁目 東伏見六丁目","[旧石器時代][縄文時代(早期～後期)][弥生時代（後期）][古墳時代][平安時代][近世]","集落","[旧石器時代]ブロック 礫群 炭化物集中 [縄文時代]住居跡 掘立柱建物跡 竪穴 炉穴 陥し穴 集石土坑 土坑 ピット ピット列 埋設土器 [近世]竪穴 溝 道路 集石 配石 柵列 土坑 硬化面 畑 ピット","石器 剥片 焼礫 縄文土器 土錘 土製円盤 垂飾 耳栓 炭化物 矢柄研磨器 砥石 陶磁器 土師質土器 瓦質土器 銭貨 煙管 須恵器 管状土錘 土鈴 刀子 釘 弥生土器 土師器",139.5611,35.7257,"1"
1322900800,13229,"8","さかしたいせき","坂下遺跡","西東京市 東伏見五丁目 柳沢二丁目","[旧石器時代][縄文時代(早期～中期)][平安時代][近世]","集落","[旧石器時代]礫群 ブロック 炭化物集中 土坑 [縄文時代]土坑 ピット [平安時代]住居跡 [近世]溝 土坑 ピット","石器 剥片 焼礫 縄文土器 粘土塊 土師器 須恵器 陶磁器 土師質土器 瓦質土器 銭貨 煙管 石臼",139.5576,35.72376,"1"
1322901300,13229,"13","しもじゅくいせき","下宿遺跡","西東京市 南町五丁目","[縄文時代][平安時代]","包蔵地","","石鏃 土師器",139.5387,35.72626,"1"
1330300200,13303,"2","さやまいせき","狭山遺跡","瑞穂町 箱根ヶ崎","[旧石器時代][縄文時代（前期～中期）][弥生時代][古墳時代][平安時代]","集落","［時代不明］住居跡 炉 土坑 溝状遺構 溝","ナイフ形石器 尖頭器 細石刃 細石刃核 掻器 削器 石錐 旧石器 縄文土器 打斧 磨斧 有茎尖頭器 石鏃 石皿 磨石 凹石 敲石 土製円板 石器 弥生土器 土師器 須恵器 陶磁器 ガラス製品 金属製品 銭貨",139.3498167,35.77550709,"1"
1330302100,13303,"21","いしはたさやまみねいせき","石畑狭山嶺遺跡","瑞穂町 石畑","[縄文時代（前期～中期）][奈良時代][平安時代][近世]","包蔵地","[縄文時代]集石 土坑","縄文土器 打斧 礫器 石槍 石鏃 掻器 ピエス・エスキーユ トランシェ様石器 石皿 磨石 凹石 敲石 須恵器 陶磁器 素焼土器 擂鉢 砥石",139.3649965,35.77744102,"1"
1330501000,13305,"10","ひがしはらいせき","東原遺跡","日の出町 北伊奈松岩寺前　油田","[縄文時代（早期～後期）][古墳時代][奈良時代][平安時代][中世][近世]","集落　その他の墓","","土師器　中世陶器　板碑　陶磁器",139.2589104,35.73529421,"1"
1330501700,13305,"17","みよしのいせきぐんせいぼうちくいせき","三吉野遺跡群清坊地区遺跡","日の出町 平井","[旧石器時代][縄文時代（前期）][古墳時代][奈良時代][平安時代][中世][近世]","集落・社寺・窯","[旧石器時代]礫群　[縄文時代]集石土坑　[弥生時代][古墳時代]住居　土坑　[奈良時代][平安時代]住居　掘立柱建物　土師器焼成坑　[中世][近世]閻魔堂？　溝　土坑　地下室","縄文土器　弥生土器　土師器　陶磁器　鉄器　銭貨　板碑　焼礫　人骨",139.2759392,35.73964155,"1"
1330501800,13305,"18","みよしのいせきぐんはけうえ・しももはらちく","三吉野遺跡群欠上・下モ原地区","日の出町 平井","[縄文時代（中期）][弥生時代（後期）][古墳時代][奈良時代][平安時代][中世]","集落","[弥生時代][古墳時代]住居　円形土坑　[中世]?　掘立柱建物　土坑","石斧　敲打器　土師器　刀子　砥石　土製紡錘車　管玉　臼玉",139.2825654,35.73827606,"1"
1330502100,13305,"21","みよしのいせきぐんしゅくどおりちくいせき","三吉野遺跡群宿通地区遺跡","日の出町 平井","[平安時代][中世][近世]","集落","[平安時代]住居　[奈良時代][平安時代]～[近世]土坑","土師器　陶磁器",139.2686608,35.74053328,"1"
1330502200,13305,"22","どうじょういせき・どうじょうこふんぐん","道場遺跡・道場古墳群","日の出町 平井","[古墳時代][奈良時代][平安時代][近世]","集落","[古墳時代]住居　[奈良時代][平安時代]土坑","土師器",139.2636826,35.73844327,"1"
1330502400,13305,"24","みよしのいせきぐにどばたちくいせき","三吉野遺跡群井戸端地区遺跡","日の出町 平井","[縄文時代（草創期～後期）][奈良時代][平安時代][近世]","集落","[縄文時代]竪穴式遺構　住居　土坑　埋没谷　陥し穴　集石土坑　円形土坑　[古墳時代][中世]竪穴式遺構　土坑　[奈良時代][平安時代]住居　土坑　[近世][現]土坑　防空壕","縄文土器　打斧　石鏃　石匙　土師器　須恵器　陶磁器　釘　打製石斧　磨製石斧　礫器　陶器　瓦質土器　金属製軍需品等",139.2705147,35.7337057,"1"
1330802000,13308,"20","とちくぼいせき","栃久保遺跡","奥多摩町 氷川","[平安時代]","包蔵地","","土師器",139.094026385725,35.8126591879979,"1"
1330802300,13308,"23","とけっぱらいせき","登計原遺跡","奥多摩町 氷川","[縄文時代（前期～中期）][平安時代]","集落","[縄文時代]住居　配石土坑　[平安時代]住居","縄文土器　石鏃　石匙　剥片　土師器　須恵器　陶器　砥石　釘　炭化材　炭化種子",139.093614396849,35.8046961967873,"1"
1330802400,13308,"24","しろまるにしのだいらいせき","白丸西の平遺跡","奥多摩町 白丸","[縄文時代（早期～後期）][平安時代][中世]","集落","[縄文時代]住居　敷石住居　[平安時代]住居　[中世]住居　円形土坑","縄文土器　打斧　磨斧　尖頭器　石鏃　石匙　滑石製垂玉　須恵器",139.112050828995,35.8111557464705,"1"
1330802600,13308,"26","うなざわなかのいせき","海沢中野遺跡","奥多摩町 海沢","[平安時代]","包蔵地","[平安時代]焼土","土師器",139.113389790879,35.8001018011155,"1"
1330803100,13308,"31","すまいどいせき","住安戸遺跡","奥多摩町 棚沢","[縄文時代（前期～中期）][平安時代?]","包蔵地","","縄文土器　打斧　石鏃　石匙　土師器　須恵器",139.134255234391,35.8122067662148,"1"
1330803300,13308,"33","すんにわいせき","寸庭遺跡","奥多摩町 小丹波","[縄文時代（前期～後期）][奈良時代][平安時代]","包蔵地","","縄文土器　石鏃　石匙　石錐　磨石　須恵器",139.139748398453,35.8138772312076,"1"
1330803500,13308,"35","みなみのはらいせき","南の原遺跡","奥多摩町 小丹波","[縄文時代（早期～中期）][平安時代]","包蔵地","","縄文土器　打斧　石鏃　石匙　土師器　須恵器",139.150631730014,35.8149351746667,"1"
1330803600,13308,"36","さきがやといせき","先ヶ谷戸遺跡","奥多摩町 小丹波","[縄文時代（中期）][平安時代]","包蔵地","","縄文土器　石鏃　土師器　須恵器　墨書土器",139.153137987165,35.8154641404464,"1"
1330803800,13308,"38","くまがいだいらいせき","熊谷平遺跡","奥多摩町 丹三郎","[縄文時代（中期）][平安時代]","包蔵地","","縄文土器　磨斧　土師器",139.153172320226,35.8129306349715,"1"
1330803900,13308,"39","すいじんまえいせき","水神前遺跡","奥多摩町 丹三郎","[縄文時代（中期）][平安時代?]","包蔵地","","縄文土器　打斧　土師器　須恵器",139.156605547766,35.808420243069,"1"
1330804200,13308,"42","たけのはないせき","竹の花遺跡","奥多摩町 川井","[縄文時代（中期～後期）][平安時代]","包蔵地","","縄文土器　打斧　石匙　須恵器",139.161755389074,35.8140164311101,"1"
1330804500,13308,"45","うえのだいらいせき","上の平遺跡","奥多摩町 梅沢","[縄文時代（中期）]［平安時代］","包蔵地","","縄文土器　須恵器",139.167591874581,35.8071116255473,"1"
