"JASID","自治体コード","遺跡番号","ふりがな","遺跡名","所在地","時代","種別","主な遺構/概要","主な出土品","経度","緯度","縄文時代"
1310900100,13109,"1","かみおおさきかいづか","上大崎貝塚","品川区 上大崎一丁目","[縄文時代]","貝塚","","縄文土器　石器",139.72184,35.6351312,"1"
1310900200,13109,"2","","品川区No.2遺跡","品川区 東五反田一丁目","[縄文時代？]","包蔵地","","縄文土器?　石器",139.7272116,35.62867904,"1"
1310900300,13109,"3","","品川区No.3遺跡","品川区 東五反田三丁目","縄文時代（前期）]","包蔵地","","縄文土器",139.728664,35.62745086,"1"
1310900400,13109,"4","いけだやまきたいせき","池田山北遺跡","品川区 東五反田五丁目","[縄文時代（早期～中期）][弥生時代（後期）]","包蔵地・貝塚・集落","[縄文時代（早期～前期）]住居址　炉跡　貝層　[縄文時代]住居跡　炉跡　土坑　[縄文時代（前期）]～[弥生時代（後期）]竪穴式住居　土坑　[弥生時代]住居跡　炉跡　土坑　溝　[古墳時代]住居跡　土坑","縄文土器　打斧　磨斧　石皿　けつ状耳飾　弥生土器　磁器　燈明皿　擂鉢　動物遺体　打製石斧　耳飾　土器　土師器　石製耳飾",139.7229069,35.63109445,"1"
1310900500,13109,"5","","品川区No.5遺跡","品川区 東五反田五丁目","[縄文時代]","包蔵地","","縄文土器　打斧　石鏃",139.7240026,35.62985034,"1"
1310900600,13109,"6","","品川区No.6遺跡","品川区 西五反田一丁目","[縄文時代（中期）]","包蔵地","","縄文土器",139.7229391,35.62535828,"1"
1310900800,13109,"8","ごてんやまいせき","御殿山遺跡","品川区 北品川五丁目","[縄文時代（前期）][弥生時代]","包蔵地","[弥生時代]住居跡　土坑　[古墳時代]住居跡　土坑　住居跡　炉穴","縄文土器　弥生土器　古墳土師器　須恵器",139.7337182,35.62050855,"1"
1310900900,13109,"9","きりがやいせき","桐ヶ谷遺跡","品川区 西五反田五丁目","[縄文時代（早期）]","包蔵地","","縄文土器",139.7139841,35.62207916,"1"
1310901000,13109,"10","いるきばしいせき","居木橋遺跡","品川区 大崎二丁目","[縄文時代（早期～後期）][弥生時代][中世]","集落跡・貝塚","[縄文時代]住居　土坑　ピット　[中世]溝","縄文土器　打斧　磨斧　石皿　耳飾　石棒　骨角製釣針　鯨骨製棒状骨角器　獣魚骨　弥生土器　抉入石斧　陶磁器　動物遺体",139.7245685,35.61720399,"1"
1310901200,13109,"12","（おおい）ごんげんだいかいづか","(大井)権現台貝塚","品川区 広町二丁目","[縄文時代（後期～晩期）]","貝塚","","縄文土器　打斧　磨斧　硬玉大珠　石棒　土偶　土版　骨角器　獣骨",139.7343964,35.60833955,"1"
1310901300,13109,"13","せんだいざかいせき","仙台坂遺跡","品川区 東大井四丁目","[縄文時代（後期）][古墳時代][奈良時代][平安時代][近代]","包蔵地・屋敷・その他（工場跡）","[近世]ピット　土坑　石垣","縄文土器　石器　石弾　土錘　石棒　自然遺物　土師器　陶磁器　瓦　土製品　土錘　鉄製品　煙管　銭貨　ガラス製品　蝋石　獣骨",139.7403673,35.60697621,"1"
1310901400,13109,"14","さいこうじかいづか","西光寺貝塚","品川区 大井四丁目","[縄文時代（中期～後期）][古墳時代]","貝塚・包蔵地","","縄文土器　打斧　須恵器",139.7328131,35.60031371,"1"
1310901500,13109,"15","おおいかしまいせき","大井鹿島遺跡","品川区 大井五丁目","[縄文時代][古墳時代][奈良時代][近世]","包蔵地・集落","[古墳時代][奈良時代]竪穴式住居跡　[近世]土坑　室状遺構","縄文土器　土師器　須恵器　陶磁器　紡錘車　土錘　釘　煙管　銭貨",139.7301397,35.59667274,"1"
1310901600,13109,"16","おおもりかいづか","大森貝塚","品川区 大井六丁目","[縄文時代（中期～晩期）]","包蔵地・集落・貝塚","[縄文時代]住居　溝","縄文土器　石斧　石鏃　石皿　磨石　滑車形耳飾　石棒　土偶　土版　骨角器　貝製品　人骨",139.7303114,35.59305438,"1"
1310902200,13109,"22","かじわらしやかたあと","梶原氏館跡","品川区 東大井三丁目","[縄文時代（中期）]","城館","","",139.7380697,35.60181908,"1"
1310903000,13109,"30","みつぎいせき","三木遺跡","品川区 西品川三丁目","[縄文時代（早期～後期）][古墳時代]","包蔵地","溝状遺構　ピット","縄文土器　石器　土師器",139.7289666,35.61491723,"1"
1311100100,13111,"1","かめづかふきん・まるこたまがわえんきたかいづか","亀塚付近・丸子多摩川園北貝塚","大田区 田園調布一丁目","[縄文時代（前期・後期）]","包蔵地・貝塚","","縄文土器",139.6674392,35.58883561,"1"
1311100200,13111,"2","せんげんじんじゃこふん","浅間神社古墳","大田区 田園調布一丁目","[縄文時代][弥生時代（後期）][古墳時代]","古墳・集落","前方後円墳　[縄文時代]炉穴　[弥生時代]住居　炉　柱穴","縄文土器　打斧　剥片　弥生土器　土師器　円筒埴輪　人物埴輪　動物埴輪",139.6687695,35.58743962,"1"
1311104500,13111,"45","でんえんちょうふほんちょうかいづか","田園調布本町貝塚","大田区 田園調布本町","[縄文時代（前期）]","貝塚","","縄文土器",139.6761517,35.58467801,"1"
1311104800,13111,"48","しもぬまべかいづか","下沼部貝塚","大田区 田園調布本町","[縄文時代（早期～晩期）][弥生時代][近世]","集落・貝塚","[縄文時代]住居　集石　炉　炉穴　焼土　[弥生時代]住居　[近世]墓壙","縄文土器　打斧　磨斧　礫器　石槍　石鏃　掻器　石箆　石錘　石皿　磨石　凹石　敲石　石核　剥片　梵字形石器　耳飾　石棒　石剣　岩版　土版　昆虫形土製品　筒形土製品　獣骨　弥生土器　須恵器　埴輪　銭貨　人骨",139.6724802,35.58533812,"1"
1311105700,13111,"57","ゆきがやかいづか","雪ヶ谷貝塚","大田区 南雪谷二丁目　 南雪谷三丁目　 南雪谷四丁目　 南雪谷五丁目","[旧石器時代][縄文時代（早期～前期）][弥生時代（後期）][古墳時代][平安時代]","集落・貝塚・その他の墓","","縄文土器　縄文石器　石鏃　石槍　弥生土器",139.6844687,35.58976951,"1"
1311105800,13111,"58","かつかいしゅうぼしょふきんいせき","勝海舟墓所付近遺跡","大田区 南千束一丁目　 南千束二丁目","[縄文時代（前期）]","包蔵地","","縄文土器　磨斧",139.6920433,35.60212279,"1"
1311105900,13111,"59","かみいけがみいせき","上池上遺跡","大田区 中馬込三丁目　 上池台五丁目","[縄文時代（前期）]","集落","[縄文時代]住居跡　墓壙","縄文土器　石斧　石器　装身具（玉類）",139.7019138,35.59277077,"1"
1311106000,13111,"60","まごめかいづか","馬込貝塚","大田区 中馬込一丁目　 上池台五丁目","[縄文時代（前期～晩期）]","集落・貝塚","[縄文時代]住居　土坑　土壙　犬埋葬土坑","縄文土器　打斧　磨斧　異形石器　土錘　けつ状耳飾　玉類　骨角製品牙鏃　弓筈　人骨　獣・魚骨",139.7035017,35.59549274,"1"
1311106200,13111,"62","てんまんぐうふきんかいづか","天満宮付近貝塚","大田区 南馬込二丁目","[縄文時代（前期）]","貝塚","","縄文土器",139.7166881,35.58939185,"1"
1311106300,13111,"63","まごめいっちょうめかいづか","馬込一丁目貝塚","大田区 南馬込四丁目","[縄文時代（前期）]","貝塚","","縄文土器",139.7140918,35.58647772,"1"
1311106500,13111,"65","ちょうおんじかいづか","長遠寺貝塚","大田区 南馬込五丁目　 西馬込一丁目","[縄文時代（前期）][弥生時代]","包蔵地・貝塚","","縄文土器　打斧　弥生土器",139.7096019,35.59124845,"1"
1311106700,13111,"67","おおたに・しもたにいせき","大谷・下谷遺跡","大田区 西馬込二丁目　 仲池上一丁目","[旧石器時代][縄文時代（前期～中期）]","集落","[旧石器時代]礫群　[縄文時代]住居　竪穴状遺構　土坑","剥片　焼礫　縄文土器　石器　土製品　土錘",139.7014033,35.58769331,"1"
1311106900,13111,"69","おおもりかいづか","大森貝塚","大田区 山王一丁目","[縄文時代（中期～晩期）]","貝塚","","縄文土器　打斧　石鏃　石皿　磨石　耳飾　石棒　土偶　土版　土製品　骨角器　牙鏃　人骨　獣骨",139.7303283,35.59301536,"1"
1311107400,13111,"74","きりさとまちかいづか","桐里町貝塚","大田区 池上一丁目","[縄文時代（前期）][弥生時代]","貝塚","","縄文土器　弥生土器",139.7069823,35.57945652,"1"
1311107600,13111,"76","しょうせんかいづか","庄仙貝塚","大田区 久が原一丁目　 北嶺町","[縄文時代（前期～中期）]","貝塚・集落","[縄文時代]住居","縄文土器　打斧　磨斧　石鏃　磨石　凹石　石棒　独鈷石　獣骨",139.6882712,35.586053,"1"
1311107700,13111,"77","てんしようちえんふきんいせき","天使幼稚園付近遺跡","大田区 久が原四丁目","[縄文時代（前期）]","包蔵地","","縄文土器",139.6936786,35.58212659,"1"
1311107800,13111,"78","くがはらかいづか・くがはらちょう1026ばんちかいづか","久ヶ原貝塚・久ヶ原町1026番地貝塚","大田区 久が原三丁目　 久が原四丁目","[縄文時代（前期～中期）]","貝塚","","縄文土器",139.6912324,35.58052107,"1"
1311108500,13111,"85","ちどりくぼかいづか","千鳥久保貝塚","大田区 久が原四丁目　 南久が原一丁目","[縄文時代（中期～後期）]","集落・貝塚","[縄文時代]住居","縄文土器　打斧　凹石　鹿角棒　人骨",139.6891725,35.57711795,"1"
1311108700,13111,"87","ぞうみょういんうらかいづか","増明院裏貝塚","大田区 鵜の木一丁目","[縄文時代（前期・後期）]","貝塚","","縄文土器　石器　耳飾",139.6829192,35.57566033,"1"
1311109001,13111,"90-1","こうみょうじいせき","光明寺遺跡","大田区 鵜の木一丁目","[旧石器時代][縄文時代（早期）][弥生時代][古墳時代][奈良時代][中世][近世]","集落・その他（墓地）","[旧石器時代]石器集中　礫群　[縄文時代]陥し穴　[弥生時代]住居　方形周溝墓　[中世][近世]竪穴状遺構　墓地　集石土坑　集石","石器　礫　縄文土器　弥生土器　陶磁器　蔵骨器　板碑",139.684314,35.57385397,"1"
1311111000,13111,"110","さくらばしふきんいせき","桜橋付近遺跡","大田区 田園調布本町","[縄文時代（草創期～前期）][弥生時代（後期）][近世]","集落","[縄文時代]住居跡　土坑　[弥生時代]住居跡　土坑　[近世]竪穴状遺構　土坑","縄文土器　縄文石器　弥生土器",139.6744099,35.58633184,"1"
1311111600,13111,"116","つかごしかいづか","塚越貝塚","大田区 西馬込二丁目","[縄文時代（前期）]","貝塚","","縄文土器",139.7026565,35.58375587,"1"
1311113500,13111,"135","きりさといせき","桐里遺跡","大田区 中央五丁目　 南馬込六丁目","[縄文時代][弥生時代]","包蔵地","","",139.7088204,35.58256971,"1"
1311113700,13111,"137","かみぬまべかいづか","上沼部貝塚","大田区 田園調布四丁目　 田園調布五丁目","[縄文時代（前期・後期～晩期）]","貝塚","","縄文土器",139.6602175,35.59661086,"1"
1311116900,13111,"169","くぼいせき","久保遺跡","大田区 南馬込一丁目","[縄文時代（中期～後期）]","集落","[縄文時代]住居　炉　焼土　土坑","縄文土器　石器",139.7112401,35.59008824,"1"
1311117200,13111,"172","いけがみにちょうめ1ばんいせき","池上二丁目1番遺跡","大田区 池上二丁目","[縄文時代（前期）][中世][近世]","包蔵地","[縄文時代]炉穴　[近世]供養塔　石組　石畳","縄文土器　カワラケ　蔵骨器　甕棺　板碑　石塔　経石",139.7038385,35.58116395,"1"
1311117300,13111,"173","とりつでんえんちょうふこうとうがっこうないいせき","都立田園調布高等学校内遺跡","大田区 田園調布南","[縄文時代（前期][弥生時代（後期）]","集落","[縄文時代]土坑　[弥生時代]住居　集石炉　貯蔵穴　柱穴　配石　方形周溝墓","縄文土器　打斧　磨斧　礫器　石槍　石鏃　石錐　楔形石器　石皿　磨石　土製円板　孔雀石製装飾品　真珠　弥生土器　敲石　玉類",139.6765192,35.58252941,"1"
1311120300,13111,"203","せんぞくいけこうえんふきんいせき","洗足池公園付近遺跡","大田区 南千束二丁目","[縄文時代（中期）]","包蔵地","","縄文土器",139.690231,35.60333962,"1"
1311122500,13111,"225","さんや・すわぶんいせき","山谷・諏訪分遺跡","大田区 雪谷大塚町　 石川町二丁目","[縄文時代（前期）]","集落","[縄文時代（前期）]竪穴住居跡","縄文土器（黒浜・諸磯）",139.6802212,35.5947453,"1"
1311122700,13111,"227","いしかわうえのだいいせき","石川上ノ台遺跡","大田区 石川町一丁目","[縄文時代（前期～後期）]","包蔵地","","縄文土器　石斧　石鏃　石槌",139.683016,35.60469027,"1"
1311122900,13111,"229","あさひがおかいせき","旭ヶ丘遺跡","大田区 南馬込三丁目","[縄文時代（草創期）]","包蔵地","","槍先形尖頭器",139.7175061,35.58776131,"1"
1311123000,13111,"230","いなりもりいせき","稲荷森遺跡","大田区 田園調布一丁目","[縄文時代][古墳時代]","包蔵地","溝状遺構　土坑？","縄文土器　土師器　円筒埴輪",139.6724546,35.58897832,"1"
1311200100,13112,"1","からすやまいせき","烏山遺跡","世田谷区 北烏山六丁目　 北烏山七丁目　 北烏山八丁目　 北烏山九丁目","[旧石器時代][縄文時代（早期～後期）][古墳時代][奈良時代][平安時代][近世]","集落","ピット　陥穴　円形土坑　溝　畝　道路","縄文土器　石器　土師器　石墨　陶磁器　銭貨　煙管",139.59153,35.67412332,"1"
1311200200,13112,"2","ほんいせいせき","本伊勢遺跡","世田谷区 上祖師谷一丁目　上祖師谷二丁目","[縄文時代（中期）]","包蔵地","","縄文土器",139.5984894,35.66311113,"1"
1311200300,13112,"3","そしがやおおみちきたいせき","祖師谷大道北遺跡","世田谷区 上祖師谷六丁目　上祖師谷七丁目　給田一丁目","[旧石器時代][縄文時代（中期～後期）][弥生時代（後期）][古墳時代][奈良時代][平安時代][中世][近世]","集落","[旧石器時代]ブロック　[縄文時代]住居　竪穴　[古墳時代]住居　[中世][近世]井戸　地下式土坑　[時期不明]ピット　溝","ナイフ形石器　削器　縄文土器　石器　土師器　鉄鏃　陶器　カワラケ　土師質土器　羽釜　内耳鍋　鉄片　石臼　板碑　漆器　桶",139.596436,35.659981,"1"
1311200400,13112,"4","かすやはちまんじんじゃ","粕谷八幡神社","世田谷区 粕谷一丁目　 粕谷二丁目","[縄文時代（中期）]","包蔵地","","縄文土器",139.611902,35.66315993,"1"
1311200500,13112,"5","めぐりさわきたいせき","廻沢北遺跡","世田谷区 船橋七丁目　 千歳台四丁目","[旧石器時代][縄文時代（早期～後期）][近世]","集落","[旧石器時代]ブロック　[縄文時代]住居　集石土坑　土坑　土壙　[近世]溝","ナイフ形石器　尖頭器　細石刃　細石刃核　掻器　削器　彫器　錐　斧形石器　敲石　石核　縄文土器　土製品　陶磁器　和釘　玩具",139.6152536,35.65838154,"1"
1311200700,13112,"7","つりがねいけきたいせき","釣鐘池北遺跡","世田谷区 上祖師谷三丁目　 祖師谷六丁目","[縄文時代（早期～晩期）][平安時代][中世][近世]","集落","[縄文時代]住居　集石土坑　土坑　ピット　[平安時代][中世][近世]竪穴　ピット　土坑　溝　炭窯","縄文土器　打斧　磨斧　石鏃　土製円板　大珠　土師器　須恵器　土師質土器　陶磁器　カワラケ　銭貨",139.6035377,35.65423201,"1"
1311200900,13112,"9","きぬたちゅうがっこういせき","砧中学校遺跡","世田谷区 成城一丁目　 成城三丁目","[旧石器時代][縄文時代（早期～晩期）][弥生時代][古墳時代][平安時代][近世]","集落","[縄文時代]住居址　土坑　集石　ピット　礫群　[弥生時代]住居址　[古墳時代]住居址　古墳周溝　[古（以降）]集石土坑　土坑　ピット　溝　[近世]竪穴　土坑　ピット　溝","（縄文）縄文土器・石器　（弥生）土器、　（古墳）土師器・須恵器・石器・刀子　（近世）陶器",139.6006734,35.63379948,"1"
1311201800,13112,"18","しものしんめいいせき","下神明遺跡","世田谷区 成城一丁目　成城三丁目","[旧石器時代][縄文時代（早期・中期～後期）][弥生時代][古墳時代][奈良時代][平安時代][中世][近世]","集落","[旧石器時代]ブロック　ブロック　礫群　[縄文時代]土坑　ピット　土坑　[古墳時代]住居址　[平安時代]住居址　[近世]溝　土坑　ピット　溝","（旧石器）石器・剥片　（縄文）縄文土器・石器　（古墳）土師器・石器　（平安）土師器・須恵器・砥石　（近世）煙管",139.5990011,35.63509307,"1"
1311201900,13112,"19","かみのしんめいいせき","上神明遺跡","世田谷区 成城四丁目　 成城五丁目","[旧石器時代][縄文時代（早期～晩期）][弥生時代][古墳時代][平安時代][中世][近世]","集落","[縄文時代]住居　土坑　[弥生時代][古墳時代]住居　ピット群　方形周溝墓","石器　縄文土器　弥生土器　土師器　須恵器　鉄製品　土製品",139.5923661,35.6414265,"1"
1311202200,13112,"22","ひがしのはらいせき","東之原遺跡","世田谷区 成城六丁目","[縄文時代（中期）]","包蔵地","","縄文土器",139.5986874,35.64361844,"1"
1311202300,13112,"23","みやのはらいせき","宮之原遺跡","世田谷区 喜多見四丁目","[旧石器時代][縄文時代（早期～中期）][古墳時代][奈良時代][平安時代][近世]","集落","[縄文時代]集石　[弥生時代]住居　[古墳時代]住居","縄文土器　石器　弥生土器　土師器　須恵器　灰釉陶器　鉄鏃　刀子　鉄製農工具　土師質土器　瓦　砥石　土器片錘　土錘",139.5935426,35.62879711,"1"
1311204800,13112,"48","うえのだいいせき","上之台遺跡","世田谷区 砧八丁目　 祖師谷三丁目","[旧石器時代][縄文時代（早期～中期）][弥生時代（後期）][古墳時代][奈良時代][中世]","集落","[縄文時代]住居　集石　集石土坑　土坑　[古墳時代]住居　[時期不明]溝　段状遺溝","石器　縄文土器　石器　焼礫　弥生土器　土師器　須恵器　鉄鏃　鉄製品　青銅製品　泥人形",139.604996,35.64027,"1"
1311205200,13112,"52","どうがやといせき","堂ヶ谷戸遺跡","世田谷区 岡本一丁目　 岡本二丁目　 岡本三丁目","[旧石器時代][縄文時代（早期～晩期）][弥生時代（後期）][古墳時代][奈良時代][平安時代][中世][近世]","集落","[縄文時代]住居　集石　集石土坑　土坑　ピット　[弥生時代][古墳時代][奈良時代][平安時代]住居　竪穴　[近世]溝","石器　縄文土器　弥生土器　土製品　土師器　須恵器　鉄製品　銅鏃　玉類　陶磁器　砥石　煙管",139.620575,35.624981,"1"
1311205300,13112,"53","はちまんやまいせき","八幡山遺跡","世田谷区 八幡山一丁目　 八幡山二丁目","[縄文時代（早期～後期）][中世][近世]","集落","[縄文時代]住居　[近世]竪穴　井戸　炭窯","縄文土器　石器　石皿　台石　砥石　土錘　陶器　瓦　砥石　石臼　鉄製品",139.62178,35.660549,"1"
1311205400,13112,"54","ふなばしほんむらきたいせき","船橋本村北遺跡","世田谷区 船橋四丁目　 船橋七丁目","[縄文時代（早期～中期）][古墳時代][奈良時代][平安時代]","集落","[縄文時代]集石　炉穴群　土坑　[奈良時代][平安時代]住居　井戸","縄文土器　石珠　土師器",139.619125,35.65461,"1"
1311205500,13112,"55","ちとせいせき","千歳遺跡","世田谷区 船橋三丁目","[縄文時代（早期～中期）]","集落","","縄文土器　石器　土偶",139.623856,35.652687,"1"
1311205600,13112,"56","ふなばしほんむらみなみいせき","船橋本村南遺跡","世田谷区 船橋四丁目","[縄文時代（中期）]","包蔵地","","縄文土器",139.619125,35.65461,"1"
1311205700,13112,"57","とのたけいせき","殿竹遺跡","世田谷区 上北沢二丁目","[縄文時代（中期）]","包蔵地","","縄文土器",139.619995,35.666279,"1"
1311205800,13112,"58","むかいやまいせき","向山遺跡","世田谷区 桜上水三丁目","[旧石器時代][縄文時代（中期）][中世][近世]","集落","[縄文時代]住居　竪穴　土坑　ピット　[中世]井戸　溝","",139.633484,35.660751,"1"
1311205900,13112,"59","みどりがおかちゅうがっこういせき","緑ヶ丘中学校遺跡","世田谷区 桜上水三丁目","[縄文時代]","包蔵地","","縄文土器　石器",139.633484,35.660751,"1"
1311206000,13112,"60","ひがしきょうどうだんちいせき","東経堂団地遺跡","世田谷区 桜上水一丁目","[縄文時代（中期）]","包蔵地","","縄文土器",139.631516,35.658089,"1"
1311206100,13112,"61","えげのやまいせき","江下山遺跡","世田谷区 桜上水一丁目　 宮坂三丁目","[縄文時代（中期）]","包蔵地","","縄文土器",139.631516,35.658089,"1"
1311206200,13112,"62","あらいいせき","新井遺跡","世田谷区 赤堤一丁目","[縄文時代（早期・中期）][近世]","集落","[近世]溝","縄文土器　石器",139.641525,35.655247,"1"
1311206400,13112,"64","まえやといせき・あかつつみじんやあと","前谷戸遺跡・赤堤陣屋跡","世田谷区 赤堤一丁目　 赤堤二丁目　 豪徳寺一丁目","[旧石器時代][縄文時代（中期）][弥生時代][近世]","包蔵地・その他（陣屋）","","石器　縄文土器　弥生土器",139.641525,35.655247,"1"
1311206500,13112,"65","みやまいせき","宮前遺跡","世田谷区 赤堤二丁目","[縄文時代（中期）][弥生時代]","包蔵地","","縄文土器　石器　弥生土器",139.645782,35.658005,"1"
1311206600,13112,"66","うしろやといせき","後谷戸遺跡","世田谷区 赤堤三丁目","[縄文時代（中期）][弥生時代][近世]","集落","[近世]溝","縄文土器　陶磁器　土師質土器　弥生土器",139.638824,35.658394,"1"
1311206800,13112,"68","えんじょういんいせき","円乗院遺跡","世田谷区 代田二丁目","[縄文時代（早期）][弥生時代（後期）][古墳時代]","集落","[弥生時代]住居 竪穴 [弥生時代][古墳時代]住居 溝","縄文土器 弥生土器 石器 土師器",139.6633,35.65531,"1"
1311207000,13112,"70","ねづやまいせき","根津山遺跡","世田谷区 代田四丁目 松原六丁目","[旧石器時代][縄文時代（草創期～中期）][近世]","集落","","",139.6555,35.65914,"1"
1311207200,13112,"72","だいたにしまるいせき","代田西丸遺跡","世田谷区 代田四丁目","[縄文時代]","包蔵地","","石棒",139.6592,35.66143,"1"
1311207300,13112,"73","ひがしおおはらいせき","東大原遺跡","世田谷区 大原一丁目 代田六丁目","[縄文時代（中期）]","包蔵地","","縄文土器",139.6628,35.66686,"1"
1311207400,13112,"74","まもりやまいせき","守山遺跡","世田谷区 代田六丁目","[縄文時代（中期）][弥生時代]","包蔵地","","縄文土器 石器 弥生土器",139.6617,35.66532,"1"
1311207500,13112,"75","めいだいまええきいせき","明大前駅遺跡","世田谷区 松原一丁目","[縄文時代（後期）][近世]","集落","[縄文時代]竪穴 土坑 ピット [近世]井戸","縄文土器 石器",139.6512,35.66923,"1"
1311207600,13112,"76","まつばらはねぎどおりいせき","松原羽根木通遺跡","世田谷区 羽根木二丁目 松原一丁目 松原五丁目","[縄文時代（早期～晩期）][近世]","集落","[縄文時代]住居 掘立柱建物 竪穴 炉 焼土 土坑 ピット [近世]建物 溝","尖頭器 縄文土器 石器 石製品 陶磁器",139.6543,35.66495,"1"
1311207700,13112,"77","まつばらしょうがっこういせき","松原小学校遺跡","世田谷区 松原五丁目","[縄文時代（中期～後期）]","包蔵地","","縄文土器 石器 石棒 石剣 土偶",139.6511,35.66374,"1"
1311207900,13112,"79","はねぎやまだていまえいせき","羽根木山田邸前遺跡","世田谷区 羽根木一丁目 代田四丁目","[縄文時代（中期）]","集落","[縄文時代]住居","縄文土器",139.6581,35.66298,"1"
1311208100,13112,"81","さくらがおかいせき","桜ヶ丘遺跡","世田谷区 羽根木一丁目 松原五丁目","[縄文時代（中期）]","包蔵地","","縄文土器",139.6566,35.66301,"1"
1311208200,13112,"82","しもざんやいせき","下山谷遺跡","世田谷区 北沢三丁目","[縄文時代（中期）]","包蔵地","","縄文土器",139.672,35.66532,"1"
1311208300,13112,"83","おおざんやいせき","大山谷遺跡","世田谷区 大原一丁目 北沢四丁目 北沢五丁目","[縄文時代（中期）]","包蔵地","","縄文土器",139.6664,35.66835,"1"
1311208400,13112,"84","いけのうえいせき","池之上遺跡","世田谷区 代沢二丁目","[縄文時代（中期）]","包蔵地","","縄文土器",139.6736,35.65812,"1"
1311208500,13112,"85","たもんやまいせき・みしゅくじょうあと","多聞山遺跡・三宿城跡","世田谷区 三宿二丁目","[縄文時代（早期～後期）][古墳時代][中世][近世]","集落 城館","[縄文時代]炉 土坑 [古墳時代]住居 [中世]溝","縄文土器 石器 土師器 炭化物",139.6755,35.65216,"1"
1311208600,13112,"86","さくらぎいせき","桜木遺跡","世田谷区 桜一丁目","[旧石器時代][縄文時代（早期～後期）][弥生時代（中期）][古墳時代][平安][その他（近代）]","集落","","縄文土器 石器 貝斧",139.6412,35.64488,"1"
1311208700,13112,"87","みやのさかいせき","宮ノ坂遺跡","世田谷区 宮坂一丁目","[縄文時代（中期）]","包蔵地","","縄文土器 石器",139.6439,35.64958,"1"
1311208900,13112,"89","おおとりやまいせき","大鶏山遺跡","世田谷区 豪徳寺二丁目","[縄文時代（中期）][弥生時代]","包蔵地","","縄文土器 石器 弥生土器",139.6485,35.64927,"1"
1311209000,13112,"90","じょうこうじいせき","浄光寺遺跡","世田谷区 世田谷一丁目","[縄文時代（中期）]","包蔵地","","縄文土器",139.647,35.64023,"1"
1311209100,13112,"91","もとじゅくいせき","元宿遺跡","世田谷区 世田谷四丁目","[縄文時代（早期～前期）]","集落","","縄文土器",139.6526,35.64828,"1"
1311209200,13112,"92","まつがおかいせき","松ヶ丘遺跡","世田谷区 桜三丁目 弦巻五丁目","[縄文時代（中期）]","包蔵地","","縄文土器 打斧 石鏃",139.6409,35.63985,"1"
1311209500,13112,"95","いなりしたいせき","稲荷下遺跡","世田谷区 弦巻二丁目 弦巻三丁目 新町三丁目","[縄文時代]","包蔵地","","縄文土器 石鏃",139.6484,35.635,"1"
1311209600,13112,"96","じゃくずれいせき","蛇崩遺跡","世田谷区 下馬一丁目 池尻一丁目","[旧石器時代][縄文時代（早期～中期）][近世]","集落","[縄文時代]住居 集石 屋外炉 炉穴 土坑 [近世]溝","縄文土器 打斧 磨斧 土錘 土偶 土製品 陶磁器 銭貨",139.6846,35.6413,"1"
1311209900,13112,"99","さんげんちゃやいせき","三軒茶屋遺跡","世田谷区 三軒茶屋二丁目","[縄文時代（中期）]","包蔵地","","縄文土器 打斧",139.6704,35.64323,"1"
1311210000,13112,"100","きたまるいせき","北丸遺跡","世田谷区 野沢一丁目","[縄文時代（中期）]","包蔵地","","縄文土器 石器",139.6699,35.63502,"1"
1311210300,13112,"103","まみだにいせき","狸谷遺跡","世田谷区 駒沢一丁目","[縄文時代（中期）]","包蔵地","","縄文土器 石器",139.6581,35.62882,"1"
1311210500,13112,"105","せたいせき・せたじょうせき","瀬田遺跡・瀬田城跡","世田谷区 瀬田一丁目 瀬田二丁目","[旧石器時代][縄文時代（早期～後期）][弥生時代（後期）][古墳時代][奈良時代][平安時代][中世][近世]","集落・城館","[旧石器時代]ブロック 礫群 [縄文時代]住居 土坑 ピット [弥生時代～古墳時代]住居 [奈良～平安時代]住居 [近世]ピット 土坑 井戸 溝 配石","石器 縄文土器 石器 礫 けつ状耳飾 弥生土器 土師器 須恵器 陶器 灰釉陶器 土製品 陶磁器",139.6318,35.61599,"1"
1311210700,13112,"107","しもやまいせき","下山遺跡","世田谷区 瀬田四丁目 瀬田五丁目","[旧石器時代][縄文時代（早期～晩期）][弥生時代（後期）][古墳時代][奈良時代][平安時代][中世][近世]","集落","[旧石器時代]ブロック 礫群 [縄文時代]住居 集石 炉穴 土坑 ピット [弥生時代]環濠 住居 方形周溝墓 墓壙 甕棺 溝状遺構 [古墳時代]住居 円形周溝墓 [奈良時代][平安時代]住居","ナイフ形石器 尖頭器 礫器 縄文土器 打斧 石鏃 土錘 けつ状耳飾 弥生土器 抉入石斧 石包丁 石皿 土師器 須恵器 土製紡錘車 土製勾玉 ソロバン玉状土製品 石櫃 陶磁器 カワラケ 瓦質土器 煙管 銭貨",139.6244,35.62158,"1"
1311211200,13112,"112","しもやまきたいせき","下山北遺跡","世田谷区 岡本一丁目","[旧石器時代][縄文時代（早期～前期）][弥生時代][古墳時代][中世][近世]","集落","[旧石器時代]ブロック [縄文時代]住居 集石 土坑 [弥生時代]住居 溝 [古墳時代]住居 [中世]掘立柱建物 井戸 [近世]建物 門","石器 縄文土器 石器 弥生土器 土師器 ガラス玉",139.6227,35.62252,"1"
1311211600,13112,"116","たにくぼいせき","谷久保遺跡","世田谷区 上野毛四丁目 瀬田二丁目","[縄文時代（中期）]","包蔵地","","縄文土器 石器",139.6354,35.61884,"1"
1311211700,13112,"117","かまがやいせき","鎌ヶ谷遺跡","世田谷区 瀬田一丁目","[旧石器時代][縄文時代（早期～中期）][弥生時代（後期）][古墳時代][奈良時代][平安時代][中世][近世]","集落","[旧石器時代]ブロック 礫群 [縄文時代]土坑 ピット [弥生時代][古墳時代]V字溝 溝状遺構","縄文土器 石器 弥生土器 土師器 須恵器 陶器",139.6336,35.6134,"1"
1311212100,13112,"121","やがわうえいせき","谷川上遺跡","世田谷区 野毛一丁目","[旧石器時代][縄文時代（中期）][古墳時代][中世][近世]","集落","[縄文時代]住居 ピット [中世][近世]竪穴土坑 溝","縄文土器 石器 土師器 陶磁器",139.6451,35.60425,"1"
1311212300,13112,"123","しものげいせき","下野毛遺跡","世田谷区 野毛一丁目 野毛二丁目","[旧石器時代][縄文時代（早期～後期）][中世][近世]","集落","[縄文時代]住居 集石 炉 土坑","縄文土器 石器 剥片 礫 陶器",139.6424,35.60424,"1"
1311212500,13112,"125","ろくしょひがしいせき","六所東遺跡","世田谷区 野毛一丁目 野毛二丁目 野毛三丁目 上野毛一丁目","[縄文時代（前期～中期）]","集落・貝塚","[縄文時代]住居","縄文土器 石器 魚骨",139.6408,35.60633,"1"
1311214200,13112,"142","だいおんじやまいせき","大音寺山遺跡","世田谷区 奥沢一丁目","[縄文時代（中期）]","包蔵地","","縄文土器",139.6797,35.6018,"1"
1311214300,13112,"143","すわやまいせき","諏訪山遺跡","世田谷区 奥沢一丁目 奥沢三丁目","[旧石器時代][縄文時代（早期～後期）][弥生時代（後期）][平安時代][中世][近世]","集落","[縄文時代]住居 竪穴 集石 集石土坑 焼土 土坑 ピット [平安時代]土坑 火葬墓 [中世]焼土 溝 [近世]溝","縄文土器 石器 土錘 耳栓 土製品 礫 土師器 須恵器 土師質土器 陶器 陶磁器 鉄板 人骨",139.6748,35.60334,"1"
1311214400,13112,"144","はちまんまえいせき","八幡前遺跡","世田谷区 奥沢五丁目","[縄文時代（中期）]","包蔵地","","縄文土器 石器",139.6707,35.60486,"1"
1311214500,13112,"145","おくさわだいいせき","奥沢台遺跡","世田谷区 奥沢六丁目 玉川田園調布二丁目","[旧石器時代][縄文時代（前期～後期）][弥生時代（後期）][古墳時代][近世]","集落","[縄文時代]住居 竪穴 炉 屋外炉 土坑 ピット [弥生時代]住居 [古墳時代]竪穴 [近世]ピット 土坑 井戸 溝","縄文土器 石器 けつ状耳飾 石棒 石製品 土製品 礫 弥生土器 陶磁器",139.6635,35.6037,"1"
1311214600,13112,"146","やまねいせき","山根遺跡","世田谷区 玉川田園調布一丁目 尾山台一丁目","[縄文時代（中期）]","包蔵地","","縄文土器",139.6588,35.60078,"1"
1311215200,13112,"152","そしきたいせき","祖師北遺跡","世田谷区 祖師谷四丁目","[縄文時代（中期）]","包蔵地","","縄文土器",139.6033,35.64713,"1"
1311215300,13112,"153","せいじょうみなみいせき","成城南遺跡","世田谷区 成城一丁目 成城二丁目","[縄文時代（早期・中期）]","集落","[縄文時代]住居 炉 土坑 ピット [近世]溝","縄文土器 石器",139.6029,35.6368,"1"
1311215400,13112,"154","せいじょうえきいせき","成城駅遺跡","世田谷区 成城二丁目 成城六丁目","[縄文時代（中期）][古墳時代]","集落","[縄文時代]土坑 [古墳時代]住居址","縄文土器 剥片 土師器",139.5999,35.64037,"1"
1311215500,13112,"155","ふどうばし・ふどうざかいせき","不動橋・不動坂遺跡","世田谷区 成城三丁目 成城四丁目","[旧石器時代][縄文時代（早期～後期）][古墳時代]","集落","[古墳時代]住居 [時期不明]集石 焼土 土坑 井戸","石器 縄文土器 石器 土師器",139.5937,35.63851,"1"
1311215800,13112,"158","にしだいいせき","西台遺跡","世田谷区 成城九丁目","[縄文時代（中期）]","集落","[縄文時代]住居 ピット","縄文土器 石器",139.6001,35.6511,"1"
1311215900,13112,"159","きたみじんやいせき","喜多見陣屋遺跡","世田谷区 喜多見一丁目 喜多見三丁目 喜多見四丁目","[旧石器時代][縄文時代（早期～晩期）][弥生時代（中期～後期][古墳時代][奈良時代][平安時代][中世][近世]","集落","[旧石器時代]ブロック [縄文時代]住居 炉穴 土坑 [弥生時代]住居 溝 [古墳時代]住居 竪穴 方形周溝墓 周溝 棺 墓壙 [奈良～平安時代]住居 地下式土坑 [中世～近世]掘立柱建物 ピット 礎石 土坑 井戸 溝 堀 池","石器 縄文土器 弥生土器 土師器 須恵器 埴輪 臼玉 ガラス玉 灰釉 緑釉 陶磁器 土師質土器 鉄製品 鉄鏃 釘 茶臼 羽口 瓦 板碑 銭貨 胞衣容器 人骨 灰釉陶器 円筒埴輪 土製品 鉱滓",139.5966,35.6261,"1"
1311219400,13112,"194","いしいどいせき","石井土遺跡","世田谷区 砧五丁目 砧七丁目","[縄文時代]","包蔵地","","縄文土器 石器",139.6072457,35.63671774,"1"
1311220000,13112,"200","かわらけづかいせき","土器塚遺跡","世田谷区 代沢一丁目 池尻四丁目","[旧石器時代][縄文時代（中期）][弥生時代（後期）][古墳時代]","集落","[弥生時代]後期住居跡 [近世以降]溝","縄文土器 弥生土器 石器 陶磁器類",139.6803853,35.65597217,"1"
1311220100,13112,"201","きへいやまいせき","騎兵山遺跡","世田谷区 池尻四丁目","[縄文時代（早期・中期）][古墳時代][近世][近代]","集落","[縄文時代]炉穴 住居 ピット [古墳時代]住居 [近世]建物基礎","縄文土器 陶磁器",139.679939,35.65312672,"1"
1311220300,13112,"203","だいたくりはらいせき","代田栗原遺跡","世田谷区 代田三丁目","[縄文時代][古墳時代][近世]","包蔵地","","縄文土器 石器 土師器 板碑",139.6583617,35.65471759,"1"
1311220500,13112,"205","わかばやしほんむらいせき","若林本村遺跡","世田谷区 若林五丁目","[縄文時代]","包蔵地","","石器",139.6578811,35.64964026,"1"
1311220600,13112,"206","わかばやしさんかくやまいせき","若林三角山遺跡","世田谷区 若林二丁目 若林三丁目","[縄文時代]","包蔵地","","縄文土器 石器",139.660559,35.64994714,"1"
1311221100,13112,"211","うさまえみなみいせき","宇佐前南遺跡","世田谷区 用賀一丁目","[縄文時代]","包蔵地","","土錘",139.6385478,35.62389877,"1"
1311221400,13112,"214","まるやまみなみいせき","丸山南遺跡","世田谷区 深沢五丁目","[縄文時代（中期）]","包蔵地","","縄文土器",139.6465816,35.61714492,"1"
1311221500,13112,"215","しょうぎやまいせき","将監山遺跡","世田谷区 瀬田四丁目","[旧石器時代][縄文時代][古墳時代][奈良時代]","包蔵地","","剥片 縄文土器 石器 土師器 陶磁器",139.6279678,35.61990997,"1"
1311221700,13112,"217","やざわだいいせき","谷沢台遺跡","世田谷区 中町二丁目","[縄文時代]","包蔵地","","縄文土器 石器",139.6426677,35.61209313,"1"
1311221900,13112,"219","いなりまるいせき","稲荷丸遺跡","世田谷区 上野毛二丁目 上野毛三丁目","[縄文時代（前期～中期）]","包蔵地","","縄文土器",139.637116,35.6092867,"1"
1311222300,13112,"223","とどろきひがしはら","等々力東原遺跡","世田谷区 等々力六丁目","[縄文時代（前期）]","包蔵地","","縄文土器",139.6593532,35.61259553,"1"
1311223300,13112,"233","みしまのやしき・しもがくとうみなみいせき","三島野屋敷・下覚東南遺跡","世田谷区 喜多見九丁目","[縄文時代（草創期～中期）][弥生時代][古墳時代][奈良時代][平安時代][近世]","集落","","縄文土器 弥生土器 土師器 陶磁器",139.585719,35.64107299,"1"
1311223500,13112,"235","あいのはら","相之原遺跡","世田谷区 喜多見四丁目","[縄文時代（中期）][古墳時代][奈良時代][近世]","集落","[古墳時代]住居 [奈良時代]住居 ピット 土坑 溝 [近世]ピット","縄文土器 土師器 須恵器 鉄鏃 砥石 滑石製臼玉 石製模造品 陶磁器 鉄滓 埴輪 紡錘車",139.5926841,35.63108708,"1"
1311223800,13112,"238","はちまんやまいなりまえいせき","八幡山稲荷前遺跡","世田谷区 八幡山一丁目","[縄文時代（早期・中期）][中世][近世]","集落","[縄文時代]土坑 ピット [中世][近世]溝 井戸 土坑 ピット","縄文土器 石器 土製品 陶磁器 土師質土器 煙管 鉄製石 碁石",139.6198115,35.66199384,"1"
1311224100,13112,"241","まるしたいせき","丸下遺跡","世田谷区 八幡山一丁目 上北沢一丁目","[縄文時代（早期～中期）][近世]","集落","","縄文土器 石器",139.6237425,35.66276092,"1"
1311224200,13112,"242","しんぱちやまいせき","新八山遺跡","世田谷区 上北沢一丁目 桜上水五丁目","[縄文時代（中期）][古墳時代][近世]","集落","[縄文時代]ピット [近世]溝 土坑 ピット","縄文土器 土師器 磁器 石臼 陶磁器",139.6283087,35.66380693,"1"
1311224600,13112,"246","かるたいせき","嘉留多遺跡","世田谷区 成城一丁目","[旧石器時代][縄文時代（早期～晩期）][奈良時代][平安時代]","集落","[旧石器時代]ブロック 礫群 炭化物集中箇所 [縄文時代]住居 竪穴状遺構 集石土坑 炉穴群 土坑 ピット [近世]溝状遺構 道路","縄文土器 石器 弥生土器 土師器 須恵器 炭化果核 銭貨",139.6031945,35.63250431,"1"
1311224700,13112,"247","しものだいせき","下野田遺跡","世田谷区 喜多見五丁目 喜多見六丁目 喜多見七丁目","[縄文時代（早期～晩期）][古墳時代][近世]","包蔵地","","縄文土器 石槍 石器 土師器 陶磁器",139.601044,35.63098942,"1"
1311224800,13112,"248","おかもとはらいせき","岡本原遺跡","世田谷区 岡本一丁目","[縄文時代（早期～中期）][古墳時代][中世][近世]","包蔵地","[古墳時代]溝","縄文土器 土師器 紡錘車 陶磁器",139.620332,35.62631979,"1"
1311225000,13112,"250","いなりまるきたいせき","稲荷丸北遺跡","世田谷区 上野毛三丁目","[縄文時代（早期～晩期）][古墳時代]","集落・貝塚","[縄文時代]住居 土坑 ピット [古墳時代]住居 掘立柱建物 土坑 [近世]ピット 溝?","石器 縄文土器 土錘 土製円板 けつ状耳飾 弥生土器 土師器 須恵器 装身具 陶磁器",139.6356912,35.61181815,"1"
1311225800,13112,"258","むかいのだいせき","向野田遺跡","世田谷区 砧七丁目 砧八丁目","[縄文時代（早期～後期）][古墳時代][近世]","集落","[縄文時代]集石 土坑群 ピット群","縄文土器 石器",139.6044304,35.63911735,"1"
1311226400,13112,"264","きたみしみずいせき","喜多見清水遺跡","世田谷区 喜多見五丁目","[縄文時代（早期・中期～後期）][古墳時代][奈良時代][平安時代][中世][近世]","集落","[奈良時代][平安時代]住居 [中世][近世]土坑 地下式土坑 井戸 溝","縄文土器 土師器 須恵器 土師質土器 陶磁器 石臼 鉄製品",139.6029495,35.62791983,"1"
1311227400,13112,"274","たきがやいせき","滝ヶ谷遺跡","世田谷区 瀬田四丁目","[旧石器時代][縄文時代（早期～中期）][奈良時代][近世]","集落","[旧石器時代]ブロック 礫群 [縄文時代]住居 土坑 溝 [古墳時代]土坑? [奈良時代]住居","主な出土品",139.6263713,35.62034255,"1"
1311227500,13112,"275","しろまえいせき","城前遺跡","世田谷区 奥沢七丁目","[縄文時代（早期～後期）]","包蔵地","","縄文土器 焼礫 陶器",139.6606921,35.60829709,"1"
1311227600,13112,"276","のくぼいせき","野窪遺跡","世田谷区 桜上水二丁目","[縄文時代（草創期）]","包蔵地","","石槍",139.6280512,35.65856281,"1"
1311227700,13112,"277","まるしたきたいせき","丸下北遺跡","世田谷区 上北沢一丁目 上北沢三丁目 桜上水五丁目","[縄文時代]","包蔵地","","縄文土器 石鏃 剥片",139.6261115,35.66511791,"1"
1311227800,13112,"278","からすやまじょう（とりで）せき・からすやまみなみはらいせき","烏山城(砦)跡・烏山南原遺跡","世田谷区 南烏山一丁目 南烏山二丁目","[旧石器時代][縄文時代（中期）][中世][近世]","集落・城館","[旧石器時代]ブロック 礫群 [近世]溝状遺構 [時期不明]溝","石器 焼礫 縄文土器 陶磁器",139.6085982,35.6676234,"1"
1311228000,13112,"280","きたみなかどおりいせき","喜多見中通遺跡","世田谷区 喜多見七丁目","[縄文時代（中期～晩期）][古墳時代][奈良時代][平安時代][中世][近世]","集落","","土師器",139.5953277,35.63203595,"1"
1311228100,13112,"281","たなおしいせき","田直遺跡","世田谷区 大蔵五丁目","[旧石器時代][縄文時代(早期～後期)][奈良時代][平安時代][中世][近世]","集落","[旧石器時代]ブロック [縄文時代]住居址 土坑 炉穴 集石 ピット 配石 遺物集中部 土器埋設土坑 [古代以降]溝 土坑 ピット [中世以降]土坑 [近世以降]段切り ピット","[旧石器時代]石器 [縄文時代]土器 石器 土製品 石製品（装飾品） [古代以降]土師器 須恵器 [中世以降]陶磁器 [近世以降]陶磁器",139.6064007,35.62882062,"1"
1311228700,13112,"287","せんがわいせき","仙川遺跡","世田谷区 給田三丁目","[旧石器時代][縄文時代（前期）][古墳時代]","集落","[旧石器時代]ブロック [古墳時代]住居","",139.5875251,35.66436561,"1"
1311228800,13112,"288","おかもとまえこうちいせき","岡本前耕地遺跡","世田谷区 岡本二丁目","[縄文時代（早期～晩期）][弥生時代][古墳時代][奈良時代][平安時代][中世][近世]","集落","[縄文時代]集石 杭列 [近世]溝","縄文土器 石器 土製品 石製品 木製品 浮子 弥生土器 土師器 須恵器 灰釉 陶磁器",139.6192162,35.62029178,"1"
1311229400,13112,"294","ひがしやまいせき","東山遺跡","世田谷区 池尻一丁目 池尻二丁目","[旧石器時代][縄文時代（中期）][弥生時代][古墳時代]","集落","[縄文時代]竪穴 土坑","縄文土器 石器",139.6837499,35.647854,"1"
1311229500,13112,"295","とどろきにしねいせき","等々力西根遺跡","世田谷区 等々力一丁目 尾山台二丁目","[縄文時代（前期～中期）]","包蔵地","[縄文時代]逆堆積土坑","縄文土器 石器",139.6512484,35.60195673,"1"
1311229600,13112,"296","とどろきはらいせき","等々力原遺跡","世田谷区 等々力一丁目","[旧石器時代][縄文時代（早期～後期）][弥生時代（後期）][古墳時代][中世][近世]","集落","[縄文時代]住居 土坑 [弥生時代]住居","石器 縄文土器 石器 弥生土器 陶磁器 銭貨",139.6479353,35.60406427,"1"
1311229700,13112,"297","とどろきねいせき","等々力根遺跡","世田谷区 等々力一丁目","[旧石器時代][縄文時代（早期～後期）][古墳時代][中世][近世]","集落","","縄文土器 石器 土製品 陶磁器 銭貨 鉄製品 土錘 砥石 瓦 土師質土器 硯 礫 埴輪 須恵器 金属製品 ガラス製品",139.6479182,35.60188694,"1"
1311229800,13112,"298","おきのたにいせき","沖ノ谷遺跡","世田谷区 奥沢二丁目","[縄文時代（中期）]","包蔵地","","",139.675095,35.606098,"1"
1311230400,13112,"304","おやまきたはらいせき","尾山北原遺跡","世田谷区 尾山台二丁目","[縄文時代（早期）][近世]","包蔵地","[近世]ピット 礎石建物址","縄文土器 石器 礫 陶磁器 銭貨 煙管",139.6532037,35.60129069,"1"
1311231400,13112,"314","すわぶんいせき","諏訪分遺跡","世田谷区 東玉川一丁目","[縄文時代（前期）]","集落","","",139.678253,35.596493,"1"
1311231900,13112,"319","つるがくぼいせき","鶴ヶ久保遺跡","世田谷区 野沢一丁目 下馬三丁目","[旧石器時代][縄文時代（中期～後期）][近世]","集落","[縄文時代]住宅 竪穴 土坑 集石土坑 野外炉 屋外埋甕 伏甕 掘立柱建物跡 ピット [近世]～溝 地下式杭 井戸 土坑 建物跡 ピット","石器 縄文土器 土製品 石器 装飾品 陶磁器 土製品 石製品 銭貨 金属製品 硝子製品",139.6738242,35.63776747,"1"
1311232000,13112,"320","おやまひがしはらいせき","尾山東原遺跡","世田谷区 尾山台二丁目","[縄文時代（中期）]","包蔵地","","",139.6551263,35.60050906,"1"
1311232100,13112,"321","りょうのさかひがしいせき","寮の坂東遺跡","世田谷区 尾山台一丁目","[縄文時代（中期）][近世]","包蔵地","","",139.656326,35.599365,"1"
1311232200,13112,"322","おかもとはらみなみいせき","岡本原南遺跡","世田谷区 岡本一丁目","[縄文時代（早期・中期）][古墳時代]","集落","","",139.6206925,35.62435236,"1"
1311232500,13112,"325","たいしどうしもほんむらいせき","太子堂下本村遺跡","世田谷区 三宿二丁目 太子堂三丁目","[旧石器時代][縄文時代（早期～後期）][古墳時代][奈良時代][平安時代][近世]","集落","","",139.6721799,35.65106232,"1"
1311232600,13112,"326","まるやまひがしいせき","丸山東遺跡","世田谷区 深沢五丁目","[縄文時代][中世][近世]","包蔵地","","",139.6481265,35.61929394,"1"
1311233300,13112,"333","てんじんやまいせき","天神山遺跡","世田谷区 野毛一丁目","[旧石器時代][縄文時代（後期）][近世]","集落","","",139.645084,35.60138591,"1"
1320200100,13202,"1","にしすながわいせき","西砂川遺跡","立川市 西砂町四丁目","[縄文時代（早期～前期）]","包蔵地","","縄文土器",139.3588667,35.73631785,"1"
1320200200,13202,"2","とのがやしんでんいせき","殿ヶ谷新田遺跡","立川市 西砂町五丁目","[縄文時代（中期）][平安時代][中世]","包蔵地","畝状遺構 ピット 土杭（時代不明）","尖頭器 縄文土器 打斧 石鏃 土師器 陶器",139.3647032,35.73408838,"1"
1320200300,13202,"3","まつなかっぱらいせき","松中ッ原遺跡","立川市 一番町五丁目","[旧石器時代][縄文時代（早期）]","包蔵地","","尖頭器 石鏃",139.3754836,35.73202607,"1"
1320200700,13202,"7","おおやまどうひがしいせき","大山道東遺跡","立川市 砂川町二丁目","[旧石器時代][縄文時代]","包蔵地","","尖頭器 掻器 磨石 スタンプ形石器",139.4020567,35.72115623,"1"
1320200800,13202,"8","かわごえどうにしいせき","川越道西遺跡","立川市 幸町五丁目","[縄文時代]","包蔵地","","石鏃",139.4221754,35.72723237,"1"
1320200900,13202,"9","かんのんじはらいせき","観音寺原遺跡","立川市 栄町四丁目","[旧石器時代][縄文時代]","包蔵地","","ナイフ形石器 尖頭器 縄文土器 石鏃",139.4243041,35.71245929,"1"
1320201100,13202,"11","だいいせき","台遺跡","立川市 富士見町三丁目","[縄文時代（中期）][奈良時代][平安時代]","集落","[奈良時代][平安時代]住居 土坑","縄文土器 土師器 須恵器",139.3906385,35.6976392,"1"
1320201400,13202,"14","おおわだいせき","大和田遺跡","立川市 柴崎町四丁目 錦町五丁目","[旧石器時代][縄文時代（早期・中期～後期）][奈良時代][平安時代][中世][近世]","集落","[縄文時代]住居 集石 土坑 [奈良時代][平安時代]住居 土坑 溝","尖頭器 礫器 縄文土器 打斧 磨斧 石皿 磨石 スタンプ形石器 土師器 須恵器 陶磁器 銭貨",139.4089033,35.69072429,"1"
1320201500,13202,"15","ふさいじいせき","普済寺遺跡","立川市 柴崎町四丁目","[縄文時代（中期）]","包蔵地","[縄文時代]土坑 ピット","縄文土器 打斧",139.4044053,35.69032936,"1"
1320201800,13202,"18","むかいごういせき","向郷遺跡","立川市 錦町四丁目 羽衣町三丁目","[旧石器時代][縄文時代（早期～後期）][奈良時代][平安時代]","集落","[縄文時代]住居 集石 土坑 炉穴","ナイフ形石器 縄文土器 打斧 磨斧 石鏃 磨石 土師器",139.4234894,35.69047063,"1"
1320201900,13202,"19","だいのしたいせき","台の下遺跡","立川市 富士見町三丁目","[縄文時代][奈良時代][平安時代][中世][近世]","集落","[平安時代]住居 土坑 [近世]水路 [時代不明]柱穴 溝状遺構","縄文土器 土師器 須恵器 陶磁器 緑釉陶器 灰釉陶器 鉄製品",139.3898832,35.69630088,"1"
1320202000,13202,"20","しもおおわだいせき","下大和田遺跡","立川市 柴崎町三丁目 柴崎町四丁目 錦町二丁目 錦町五丁目","[縄文時代（中期）][奈良時代][平安時代][近世]","集落","[旧石器時代]礫群 [縄文時代]土坑 ピット 埋甕 [奈良時代][平安時代]住居 掘立柱建物 土坑 ピット 溝状遺構 他","縄文土器 石器 土師器 須恵器 灰釉陶器 陶磁器 鉄製品",139.4104825,35.6913935,"1"
1320202100,13202,"21","","立川市№21遺跡","立川市 柴崎町一丁目 柴崎町四丁目","[縄文時代（前期～中期）][奈良時代][平安時代]","集落","[縄文時代]土坑","縄文土器 石器 土師器 須恵器",139.4059507,35.69256461,"1"
1320300300,13203,"3","ごてんやまいせき","御殿山遺跡","武蔵野市 御殿山一丁目","[旧石器時代][縄文時代（早期～後期）]","包蔵地","[縄文時代]住居跡 土坑 屋外炉 敷石住居","ナイフ形石器 剥片 縄文土器 打斧 磨斧 石槍 石鏃 石皿 磨石 凹石 敲石 砥石 土錘 台状土製品 叩石 尖頭器 石錐",139.5731,35.70024,"1"
1320300400,13203,"4","きちじょうじみなみちょういっちょうめいせき","吉祥寺南町一丁目遺跡","武蔵野市 吉祥寺南町一丁目","[旧石器時代] [縄文時代（早期～中期）]","包蔵地","［旧石器時代］ブロック 礫群［縄文土器］土坑 陥し穴 ピット 埋甕","尖頭器 縄文土器 石鏃 打斧 灯明皿 スクレイパー ナイフ形石器 磨斧 敲石",139.5804,35.70076,"1"
1320300500,13203,"5","きちじょうじみなみちょうさんちょうめいせき","吉祥寺南町三丁目遺跡","武蔵野市 吉祥寺南町三丁目","[旧石器時代] [縄文時代（早期～後期）] [平安時代]","包蔵地","ブロック 礫群 土坑 集石 ピット","石器 縄文土器 細石刃 スクレイパー 打製石斧 敲石 剥片",139.5852,35.69714,"1"
1320400100,13204,"1","あいしーゆーこうないいせきぐん","ICU構内遺跡群","三鷹市 大沢三丁目","[旧石器時代][縄文時代（早期～後期）][奈良時代][平安時代][近世]","集落","[旧石器時代]ユニット　礫群　[縄文時代]住居　小竪穴　土坑　配石","石器　縄文土器　石器　土製円板　耳栓　土偶　土師器　陶磁器",139.5281783,35.6866886,"1"
1320400200,13204,"2","のがわこうえんいせき","野川公園遺跡","三鷹市 大沢三丁目","[旧石器時代][縄文時代（中期）][近世]","包蔵地","","縄文土器　陶磁器",139.5294654,35.68325278,"1"
1320400300,13204,"3","さかうえいせき","坂上遺跡","三鷹市 大沢二丁目","[旧石器時代][縄文時代（早期～後期）]","集落","[旧石器時代]ユニット　礫群　[縄文時代]住居　敷石住居　集石　集石土坑　溝状遺構","石器　縄文土器　石器　土偶",139.5313359,35.68085111,"1"
1320400500,13204,"5","さかしたいせき","坂下遺跡","三鷹市 大沢六丁目","[縄文時代（中期）][近世]","包蔵地","","縄文土器　石器　陶磁器",139.5272323,35.68011585,"1"
1320400600,13204,"6","でやまいせき","出山遺跡","三鷹市 大沢二丁目","[旧石器時代][縄文時代（早期～後期）][古墳時代][近世]","集落","[旧石器時代]ユニット　礫群　[縄文時代]住居　小竪穴　集石　集石土坑　炉穴　土坑　溝状遺構","石器　縄文土器　石器　土師器　須恵器　カワラケ　陶磁器",139.5331371,35.67883908,"1"
1320400800,13204,"8","あいそううらいせき","相曽浦遺跡","三鷹市 大沢二丁目","[縄文時代（前期～中期）][近世]","包蔵地","集石　配石　溝状遺構","縄文土器　石器　陶磁器",139.5311942,35.67851858,"1"
1320400900,13204,"9","とびばしいせき","飛橋遺跡","三鷹市 大沢六丁目","[縄文時代（中期）]","包蔵地","","縄文土器　石器",139.52998,35.67678015,"1"
1320401000,13204,"10","のみずばしいせき","野水橋遺跡","三鷹市 大沢二丁目","[旧石器時代][縄文時代（早期・中期）][中世]","包蔵地","","石器　縄文土器　石器　板碑",139.5326815,35.67554427,"1"
1320401200,13204,"12","てんもんだいこうないいせき","天文台構内遺跡","三鷹市 大沢二丁目","[旧石器時代][縄文時代（早期～中期）][奈良時代][平安時代][近世]","集落","[旧石器時代]ユニット　礫群　性格不明遺構　[縄文時代]住居　集石　集石土坑　土坑　[時代不明]ピット","石器　縄文土器　石器　土師器　陶磁器",139.5359284,35.67582296,"1"
1320401400,13204,"14","ふるはちまんいせき","古八幡遺跡","三鷹市 大沢二丁目　 大沢五丁目","[旧石器時代][縄文時代（早期～晩期）][古墳時代][奈良時代][平安時代][中世][近世]","包蔵地","[縄文時代]集石","石器　縄文土器　石器　土器片錘　陶磁器　石臼　木製高杯　ガラス製品　銭貨　種子材",139.5358014,35.67239775,"1"
1320401500,13204,"15","しもはらいせき","下原遺跡","三鷹市 大沢四丁目　 大沢五丁目","[旧石器時代][縄文時代（早期～中期）][奈良時代][平安時代]","包蔵地","[時代不明]皿鉢状遺構　溝状遺構　[旧石器時代]石器集中部　礫群　炭化物集中　[縄文時代]住居跡　土坑　陥し穴　ピット　[中世][近世]溝","石器　縄文土器　須恵器　陶磁器　鉄製品",139.5373271,35.66874042,"1"
1320401600,13204,"16","しみずばしいせき","清水橋遺跡","三鷹市 大沢四丁目","[縄文時代（中期）][奈良時代][平安時代][近世]","包蔵地","","縄文土器　石器　須恵器　カワラケ　陶磁器(灰釉・青磁）",139.5407272,35.66787721,"1"
1320401700,13204,"17","しもっぱたいせき","下畠遺跡","三鷹市 大沢四丁目","[縄文時代（中期）]","包蔵地","","縄文土器",139.540178,35.6647383,"1"
1320401800,13204,"18","はらいせき","原遺跡","三鷹市 大沢一丁目","[旧石器時代][縄文時代（草創期～中期）][近世]","集落","[旧石器時代]ユニット　礫群　[縄文時代]住居　集石　集石土坑　溝状遺構　[時代不明]ピット","石器　縄文土器　石器　土製円板　人形状土製品　陶磁器　銭貨",139.5407709,35.67571175,"1"
1320402000,13204,"20","はねざわだいいせき","羽根沢台遺跡","三鷹市 大沢一丁目　 大沢四丁目","[旧石器時代][縄文時代（早期～中期）][近世]","集落","[旧石器時代]ユニット　礫群　[縄文時代]集石　集石土坑　炉穴　[時代不明]土坑　ピット　溝状遺構","ナイフ形石器　斧形石器　敲石　台石　礫　縄文土器　打斧　磨斧　石皿　磨石　スタンプ形石器　けつ状耳飾　陶磁器　銭貨",139.5404034,35.66997304,"1"
1320402300,13204,"23","ながくぼいせき","長久保遺跡","三鷹市 新川六丁目","[旧石器時代][縄文時代（早期・中期）][近世]","包蔵地","[旧石器時代]ユニット　[縄文時代]土坑　[近世]土坑　ピット　地下室　溝　[時代不明]皿鉢状遺構","石器　縄文土器　石器　陶磁器　ガラス製品",139.5651184,35.68168289,"1"
1320402400,13204,"24","ながしまいせき","長嶋遺跡","三鷹市 新川三丁目　 新川六丁目","[旧石器時代][縄文時代（早期・中期～後期）][近世]","集落","[旧石器時代]ユニット　礫群　[縄文時代]集石　炉穴　陥し穴　[時代不明]ピット　溝状遺構","石器　縄文土器　陶磁器　石製品　銭貨　人骨",139.5677619,35.67933557,"1"
1320402500,13204,"25","みなみだいいせき","南台遺跡","三鷹市 新川六丁目","[縄文時代（前期～中期）][平安時代][近世]","包蔵地","","縄文土器　須恵器　磁器",139.5652209,35.67565823,"1"
1320600100,13206,"1","むさしこくぶんじあとかんれんいせき","武蔵国分寺跡関連遺跡","府中市 栄町一丁目　 栄町二丁目　 栄町三丁目　 武蔵台一丁目　 武蔵台二丁目","[旧石器時代][縄文時代（前期～後期）][奈良時代][平安時代][中世][近世]","集落","[旧石器時代]炭化物集中部　[縄文時代]集石　土坑　焼土　[奈良時代][平安時代]土坑　火葬墓　[平安時代]住居　掘立柱建物　土坑　道路　溝　[中世][近世]柱穴列　土坑　道路　溝","ナイフ形石器　尖頭器　細石刃　石核　縄文土器　打斧　磨斧　石鏃　石匙　石錐　石錘　ピエス・エスキーユ　石皿　スタンプ形石器　剥片　凹石　敲石　土師器　須恵器　陶器(緑釉・灰釉)　磁器　擂鉢　瓦　石製品　砥石　鉄製品　瓦　銭貨　漆紙文書　土製品　木製くし　煙管",139.470458,35.69050485,"1"
1320600200,13206,"2","むさしこくふかんれんいせき","武蔵国府関連遺跡","府中市 日鋼町、片町一丁目、片町二丁目、片町三丁目 寿町一丁目、寿町二丁目、寿町三丁目、小柳町一丁目、小柳町二丁目 清水が丘一丁目、清水が丘二丁目、清水が丘三丁目 白糸台一丁目、白糸台二丁目、白糸台三丁目、白糸台四丁目、白糸台五丁目、白糸台六丁目 八幡町一丁目、八幡町二丁目、八幡町三丁目 府中町一丁目、府中町二丁目、府中町三丁目 分梅町一丁目、分梅町二丁目、分梅町三丁目 本宿町一丁目、本宿町二丁目、本宿町三丁目、本宿町四丁目 緑町一丁目、緑町二丁目、緑町三丁目 宮西町一丁目、宮西町二丁目、宮西町三丁目、宮西町四丁目、宮西町五丁目 宮町一丁目、宮町二丁目、宮町三丁目 美好町一丁目、美好町二丁目、美好町三丁目 若松町一丁目、若松町二丁目、若松町三丁目、日吉町 西府町一丁目、西府町二丁目、西府町三丁目、西府町四丁目、西府町五丁目、日新町二丁目","[旧石器時代][縄文時代][弥生時代][古墳時代][奈良時代][平安時代][中世][近世]","官衙・集落","奈良時代][平安時代]住居　掘立柱建物　土坑　柵　道路　溝　井戸　土壙墓　地下式横穴墓　火葬墓　火葬遺構","須恵器　土師器　二彩　緑釉　刀子　鉄鏃　鉄斧　紡錘車　石帯　土錘　瓦",139.4847811,35.67019899,"1"
1320600300,13206,"3","みたけづか","御岳塚","府中市 本宿町一丁目","［縄文時代（前期～中期）］［奈良時代］［平安時代］[中世]［近世］","包蔵地・塚","[中世]周溝","",139.457327,35.67054776,"1"
1320700200,13207,"2","けいめいがくえんえーいせき","啓明学園A遺跡","昭島市 拝島町五丁目","[縄文時代（中期）]","包蔵地","","縄文土器 打斧 石鏃",139.3355582,35.70946822,"1"
1320700300,13207,"3","りゅうしんじひがしいせき","龍津寺東遺跡","昭島市 拝島町四丁目 拝島町五丁目","[縄文時代（中期～後期）][中世]","集落","[縄文時代（早期）]住居 敷石住居 集落 土坑 ピット 埋甕 [中世]溝状遺構","縄文土器 打斧 磨斧 石鏃 石匙 石錘 石皿 磨石 凹石 石棒",139.3413947,35.70647404,"1"
1320700400,13207,"4","さかうえいせき","坂上遺跡","昭島市 拝島町四丁目","[縄文時代（中期・晩期][奈良時代][平安時代]","包蔵地","","縄文土器 打斧 石槍 石鏃 掻器 削器 石錘 土師器 須恵器",139.342871,35.7057492,"1"
1320700700,13207,"7","はやしのうえいせき","林ノ上遺跡","昭島市 緑町四丁目","[旧石器時代][縄文時代（早期・中期）]","集落","[旧石器時代]礫群 [縄文時代（早期）]土坑","ナイフ形石器 縄文土器 打斧 礫器 石鏃 掻器 石皿 磨石 凹石 敲石",139.3445876,35.71473687,"1"
1320700800,13207,"8","はいじまだいさんしょうふきんいせき","拝島第三小附近遺跡","昭島市 松原町三丁目 松原町四丁目 緑町四丁目 緑町五丁目","[縄文時代（早期）]","包蔵地","","縄文土器",139.3432593,35.71653896,"1"
1320700900,13207,"9","","昭島市№9遺跡","昭島市 緑町二丁目 緑町四丁目","[縄文時代（早期・中期～後期）]","包蔵地","","縄文土器",139.3458235,35.71362184,"1"
1320701000,13207,"10","","昭島市№10遺跡","昭島市 緑町四丁目","[縄文時代（早期・後期）]","包蔵地","","縄文土器 剥片",139.3447249,35.71303644,"1"
1320701100,13207,"11","","昭島市№11遺跡","昭島市 緑町二丁目","[縄文時代（前期～中期）]","包蔵地","","縄文土器",139.3478148,35.71264618,"1"
1320701200,13207,"12","じょうがわらいせき","上川原遺跡","昭島市 上川原町 昭和町四丁目 昭和町五丁目","[旧石器時代][縄文時代（早期・中期）]","集落","[縄文時代（早期）]住居 集石 土坑 ピット","ナイフ形石器 縄文土器 打斧 磨斧 局部磨斧 礫器 尖頭状石器 石鏃 石皿 磨石 スタンプ形石器 凹石 敲石",139.364304,35.709831,"1"
1320701300,13207,"13","","昭島市№13遺跡","昭島市 田中町一丁目 大神町二丁目","[縄文時代（中期～後期）][近世]","包蔵地","","縄文土器 銭貨（永楽通宝）",139.3550932,35.70650192,"1"
1320701500,13207,"15","","昭島市№15遺跡","昭島市 拝島町六丁目","[縄文時代（早期～前期）]","包蔵地","","礫器",139.3396437,35.69471973,"1"
1320701600,13207,"16","","昭島市№16遺跡","昭島市 拝島町六丁目","[縄文時代（早期～前期）]","包蔵地","","縄文土器 磨石 剥片",139.3454459,35.69296311,"1"
1320701800,13207,"18","にしうえいせき","西上遺跡","昭島市 中神町","[縄文時代（早期・中期）]","集落","[縄文時代（早期）]住居","縄文土器 打斧 磨斧 石鏃 石匙 石皿 磨石 スタンプ形石器 土製円板 土偶",139.368829,35.70413075,"1"
1320702000,13207,"20","くまのじんじゃひがしいせき","熊野神社東遺跡","昭島市 中神町","[縄文時代（早期・中期）][平安時代]","包蔵地","","縄文土器 土師器 須恵器",139.3720906,35.70290405,"1"
1320702200,13207,"22","こうふくじだいいせき","広福寺台遺跡","昭島市 福島町二丁目","[縄文時代（前期～後期）][古墳時代][平安時代]","集落","[縄文時代（早期）]住居 集石","縄文土器 打斧 石匙 石錘 土師器 陶器",139.3790943,35.69852683,"1"
1320702400,13207,"24","ほうしゃくじいせき","宝積寺遺跡","昭島市 郷地町一丁目","[縄文時代（中期）]","包蔵地","","縄文土器",139.387695,35.697475,"1"
1320702500,13207,"25","","昭島市№25遺跡","昭島市 郷地町一丁目","[縄文時代（中期）][平安時代]","包蔵地","","縄文土器 土師器 須恵器",139.387695,35.697475,"1"
1320702600,13207,"26","まつばらうえいせき","松原上遺跡","昭島市 松原町四丁目","[縄文時代（早期～後期）][平安時代]","包蔵地","","縄文土器 打斧 環状石斧 須恵器",139.343887,35.718903,"1"
1320703000,13207,"30","けいめいがくえんしーいせき","啓明学園C遺跡","昭島市 拝島町五丁目","[縄文時代（前期）]","包蔵地","","縄文土器",139.3381331,35.70815797,"1"
1320703300,13207,"33","","昭島市№33遺跡","昭島市 緑町三丁目","[縄文時代（後期）][奈良時代？][平安時代]","包蔵地","","縄文土器 須恵器 陶器",139.3436263,35.70990301,"1"
1320703500,13207,"35","","昭島市№35遺跡","昭島市 緑町一丁目","[縄文時代（中期）]","包蔵地","","縄文土器",139.3537886,35.70976363,"1"
1320703600,13207,"36","かいせいえんいせき","偕生園遺跡","昭島市 田中町二丁目","[縄文時代（中期）][奈良時代][平安時代][近世]","包蔵地","[平安時代]ピット 土坑 溝状 遺構","縄文土器 土師器 須恵器 陶器 陶磁器 鉄釘",139.3561291,35.69947685,"1"
1320704500,13207,"45","","昭島市№45遺跡","昭島市 大神町三丁目","[縄文時代（中期）]","包蔵地","","縄文土器",139.3627895,35.6998393,"1"
1320704800,13207,"48","","昭島市№48遺跡","昭島市 玉川町四丁目","[縄文時代（前期）][奈良時代][平安時代]","包蔵地","","縄文土器 土師器",139.3795063,35.70383438,"1"
1320800100,13208,"1","みどりがおかいせき","緑ヶ丘遺跡","調布市 緑ヶ丘一丁目　 緑ヶ丘二丁目","[縄文時代（中期）][平安時代][中世][近世]","包蔵地・集落","[縄文時代]埋甕　[平安時代]火葬墓　[中世][近世]掘立柱建物","縄文土器　石器　土師器　須恵器　陶磁器　銭貨",139.5819554,35.66843074,"1"
1320800200,13208,"2","やしろだいせき","社田遺跡","調布市 緑ケ丘二丁目","[縄文時代][奈良時代][中世][近世]","包蔵地","","縄文土器　土師器　陶磁器",139.5850312,35.67069691,"1"
1320800300,13208,"3","やながわいせき","柳川遺跡","調布市 緑ケ丘二丁目","[縄文時代（中期）][奈良時代][平安時代]","包蔵地","[奈良時代][平安時代]ピット　[近世]溝状遺構","縄文土器　土師器　陶磁器",139.5874488,35.66911635,"1"
1320800400,13208,"4","せんがわきたいせき","仙川北遺跡","調布市 緑ケ丘二丁目","[縄文時代]","包蔵地","","縄文土器　土師器",139.5894943,35.66679208,"1"
1320800500,13208,"5","せんがわいせき","仙川遺跡","調布市 仙川町二丁目　 仙川町三丁目","[旧石器時代][縄文時代（早期～中期）][弥生時代][古墳時代][近世]","包蔵地・集落","[旧石器時代]礫群　[縄文時代]集石　土坑　[古墳時代]住居　[近世]溝","ナイフ形石器　尖頭器　掻器　石核　剥片　縄文土器　打斧　弥生土器　土師器　須恵器　鉄製品　陶磁器",139.584402,35.66485111,"1"
1320800600,13208,"6","わかばちょういせき","若葉町遺跡","調布市 若葉町一丁目　 若葉町三丁目","[旧石器時代][縄文時代（早期・中期）]","包蔵地・集落","[旧石器時代]炭化物集中箇所　[縄文時代]住居　集石　土坑　ピット　[平安時代]溝状遺構","縄文土器　打斧　局部磨斧　石槍　石鏃　磨石　スタンプ形石器　凹石　敲石　土製円板　土偶",139.5810261,35.65903992,"1"
1320800700,13208,"7","おおはらいせき","大原遺跡","調布市 入間町一丁目","[縄文時代（早期・中期）][奈良時代][中世][近世]","包蔵地","[中世][近世]溝状遺構","縄文土器　土師器　陶器",139.5854034,35.65376101,"1"
1320800900,13208,"9","がんざいせき","蟹沢遺跡","調布市 入間町三丁目","[旧石器時代][縄文時代（中期）][古墳時代][奈良時代][近世]","包蔵地","[近世]土壙墓","縄文土器　石器　土師器　陶磁器　石臼　鉄製品　人骨",139.5892481,35.64760604,"1"
1320801000,13208,"10","みなみだいいせき","南台遺跡","調布市 深大寺東町四丁目　 深大寺東町五丁目　 深大寺東町六丁目","[縄文時代（中期～晩期）][奈良時代][平安時代][近世]","包蔵地","","縄文土器　土師器",139.5578128,35.67407388,"1"
1320801100,13208,"11","じゃくぼいせき","蛇久保遺跡","調布市 西つつじヶ丘一丁目","[旧石器時代][縄文時代（中期）][弥生時代][古墳時代][奈良時代][近世]","包蔵地・集落","[旧石器時代]石器集中箇所　炭化物集中箇所　[縄文時代]住居　集石　炉　焼土　土坑　土壙墓　埋甕　[古墳時代]住居　[近世]溝","ナイフ形石器　尖頭器　縄文土器　打斧　磨石　耳飾　勾玉　土師器　陶磁器",139.5649612,35.66571255,"1"
1320801200,13208,"12","なかだいきたいせき","中台北遺跡","調布市 東つつじヶ丘二丁目","[縄文時代（中期）]","包蔵地","","縄文土器　土師器",139.5787658,35.65855429,"1"
1320801300,13208,"13","なかだいいせき","中台遺跡","調布市 東つつじヶ丘二丁目　 東つつじヶ丘三丁目","[縄文時代（中期～後期）][古墳時代]","集落","[縄文時代]住居　敷石住居　集石　土坑　土壙墓　埋甕　[古墳時代]住居","縄文土器　石器　土製品　土師器　須恵器　紡錘車　陶磁器",139.5797814,35.65447452,"1"
1320801400,13208,"14","なかだいみなみいせき","中台南遺跡","調布市 東つつじヶ丘三丁目","[旧石器時代][縄文時代]","包蔵地","","縄文土器",139.580732,35.65022075,"1"
1320801500,13208,"15","りょうやまいせき","陵山遺跡","調布市 入間町二丁目","[縄文時代（中期）][古墳時代]","包蔵地","","縄文土器",139.5829921,35.64979077,"1"
1320801600,13208,"16","しゅくいせき","宿遺跡","調布市 深大寺元町四丁目","[縄文時代（中期）][奈良時代][平安時代][近世]","包蔵地","[近世]土坑","縄文土器　土師器　陶磁器",139.5433433,35.66933823,"1"
1320801700,13208,"17","どうやまいせき","堂山遺跡","調布市 深大寺元町五丁目　 深大寺北町一丁目　 深大寺北町二丁目","[旧石器時代][縄文時代（草創期・前期～中期）][弥生時代]","包蔵地","[縄文時代]集石　土坑　[近世]溝","ナイフ形石器　尖頭器　縄文土器　弥生土器　土師器　須恵器　陶磁器　銭貨",139.5485285,35.67118026,"1"
1320801800,13208,"18","てらやまいせき","寺山遺跡","調布市 深大寺元町五丁目","[縄文時代（中期～後期）][奈良時代][平安時代][中世][近世]","集落","[縄文時代]住居　敷石住居　土坑　[古墳時代][奈良時代][平安時代]住居　溝　[近世]井戸　溝","縄文土器　石器　土師器　須恵器　墨書土師器　陶磁器　鉄製品　板碑　銭貨",139.549816,35.66756606,"1"
1320801900,13208,"19","ひがしはらいせき","東原遺跡","調布市 深大寺南町五丁目　 深大寺北町二丁目　 深大寺元町五丁目","[縄文時代（中期）][古墳時代][奈良時代][平安時代]","集落","[縄文時代]住居　陥し穴　埋甕　[古墳時代][奈良時代]住居　土坑","縄文土器　石器　土師器　須恵器",139.5527975,35.66987773,"1"
1320802000,13208,"20","にしはらいせき","西原遺跡","調布市 深大寺東町一丁目　 深大寺元町一丁目　 深大寺元町五丁目　 深大寺南町五丁目","[旧石器時代][縄文時代（中期）][古墳時代][奈良時代]","包蔵地","[縄文時代]竪穴状遺構","縄文土器　土師器",139.5554739,35.668594,"1"
1320802100,13208,"21","いけのうえいせき","池ノ上遺跡","調布市 深大寺南町一丁目　 深大寺南町四丁目　 深大寺元町二丁目","[縄文時代（早期～中期）][古墳時代][奈良時代]","包蔵地・集落","[縄文時代]竪穴状遺構　集石　[古墳時代]住居　[奈良時代]住居","縄文土器　石器　土師器　須恵器　鉄製品　円面硯",139.5545693,35.66449814,"1"
1320802200,13208,"22","におうづかいせき","仁王塚遺跡","調布市 深大寺元町三丁目","[旧石器時代][縄文時代（早期～中期）][弥生時代][奈良時代][平安時代][中世]","集落","[縄文時代]炉穴　土坑　[弥生時代][古墳時代][奈良時代]住居　[中世]地下式土坑　[時代不明]溝","縄文土器　石器　土師器　須恵器　陶磁器　カワラケ",139.5463482,35.66730348,"1"
1320802300,13208,"23","じんだいじしろやまいせき","深大寺城山遺跡","調布市 深大寺元町二丁目","[縄文時代（早期～中期）][弥生時代][古墳時代][奈良時代][平安時代][中世]","包蔵地・集落・城館","[縄文時代]炉穴　陥し穴　[弥生時代]～[平安時代]住居　[中世]掘立柱建物　地下式坑　堀　土塁","縄文土器　石器　弥生土器　土師器　須恵器　鉄製品　カワラケ　銭貨　陶磁器　舶載陶磁器　鉄製品　銭貨",139.5504021,35.66519745,"1"
1320802500,13208,"25","うえのはらいせき","上野原遺跡","調布市 深大寺南町一丁目　 深大寺南町二丁目　 深大寺南町三丁目　 深大寺南町四丁目　　 深大寺南町五丁目　 佐須町五丁目　 柴崎二丁目","[旧石器時代][縄文時代（早期・後期）][古墳時代][奈良時代][平安時代][近世]","集落","[旧石器時代]礫群　[縄文時代]住居　集石　集石土坑　炉穴　陥し穴　土坑　[古墳時代]土壙墓　[平安時代]住居溝　[中世]土坑　地下室　濠　[中世][近世]溝　堀　[時代不明]掘立柱建物","ナイフ形石器　縄文土器　打斧　土師器　須恵器　陶器（灰釉）　鉄製品　木製品　陶磁器　ガラス",139.5588752,35.66405133,"1"
1320802600,13208,"26","かねこもとやま","金子本山遺跡","調布市 西つつじケ丘一丁目","[縄文時代][古墳時代][奈良時代][中世]","包蔵地","[中世]地下式土壙","縄文土器　土師器　鉄片　漆喰",139.5692242,35.66035436,"1"
1320802700,13208,"27","のがわいせき","野川遺跡","調布市 野水一丁目　野水二丁目","[旧石器時代][縄文時代（早期～後期）][弥生時代]","包蔵地","[旧石器時代]礫群　配石　[縄文時代]住居　三鷹2に接続","ナイフ形石器　尖頭器　細石器　礫器　縄文土器　石器　弥生土器",139.5248308,35.68457177,"1"
1320802800,13208,"28","みやたまえいせき","宮田前遺跡","調布市 深大寺元町二丁目　佐須一丁目","[縄文時代][古墳時代][奈良時代][平安時代][中世]","集落","[奈良時代]竪穴住居　溝状遺構　小穴　[古墳時代]竪穴住居　溝状遺構　[古代]竪穴住居　小穴","縄文土器　土師器　蔵骨器　陶磁器　カワラケ　板碑　石製品（砥石）　須恵器　種子",139.5514406,35.66175237,"1"
1320802901,13208,"29-1","ませぐちいせき","ませぐち遺跡","調布市 佐須町二丁目","[縄文時代（草創期～早期・中期～後期）][奈良時代][中世]","集落・城館・その他","[縄文時代]炉穴 [奈良時代][平安時代]住居 掘立柱建物 [近世]溝","縄文土器 石槍 土製品 土師器 須恵器 鉄製品 陶磁器 瓦",139.553741,35.66039332,"1"
1320803000,13208,"30","ぎおんじみなみいせき","祇園寺南遺跡","調布市 佐須町四丁目","[縄文時代（中期）][奈良時代][平安時代][中世]","包蔵地","","縄文土器 土師器 須恵器 陶磁器",139.556169,35.65751362,"1"
1320803100,13208,"31","はらやまいせき","原山遺跡","調布市 佐須町四丁目 佐須町五丁目 柴崎一丁目","[縄文時代（中期）][奈良時代][平安時代][中世][近世]","包蔵地・集落","[縄文時代]住居 集石 集石土坑 土坑 埋甕 [平安時代]住居 溝","縄文土器 打斧 磨斧 石鏃 石錘 石皿 土錘 耳飾 土偶 垂飾 土製品 土師器 須恵器 カワラケ 陶磁器",139.5596349,35.65741136,"1"
1320803400,13208,"34","かねこれんぞうじいせき","金子蓮蔵寺遺跡","調布市 西つつじケ丘四丁目 菊野台三丁目","[縄文時代][奈良時代][平安時代]","包蔵地","","縄文土器 土師器",139.5734335,35.6527501,"1"
1320803500,13208,"35","なかごうちいせき","中耕地遺跡","調布市 調布ヶ丘二丁目 調布ヶ丘三丁目","[縄文時代（中期）][奈良時代][平安時代][近世]","集落","[縄文時代]集石 土坑 [奈良時代][平安時代]住居 掘立柱建物 柵列 [近世]井戸 野鍛冶 溝","縄文土器 石器 土師器 須恵器 墨書土器 陶器（灰釉） 陶磁器 鉄製品 焼印 木製品",139.5492385,35.65605693,"1"
1320803600,13208,"36","きたうらいせき","北浦遺跡","調布市 八雲台一丁目 八雲台二丁目","[旧石器時代][縄文時代（草創期～中期）][古墳時代][奈良時代][平安時代][中世][近世]","包蔵地・集落","[旧石器時代]遺物集中箇所 炭化物集中箇所 [縄文時代]集石 土坑 埋甕 [奈良時代][平安時代]住居 [近世]ピット 土坑 溝","尖頭器 礫器 剥片 縄文土器 有舌尖頭器 土師器 須恵器 陶磁器",139.5582019,35.653348,"1"
1320803700,13208,"37","ちょうふおかいせき","調布岡遺跡","調布市 国領町八丁目","[縄文時代（前期～中期）][古墳時代]","集落","[縄文時代]集石 土坑 [古墳時代]住居 [時代不明]溝","縄文土器 打斧 焼礫 土師器",139.5663076,35.64808642,"1"
1320803800,13208,"38","とびたきゅういせき","飛田給遺跡","調布市 飛田給一丁目 飛田給二丁目","[旧石器時代][縄文時代（前期～晩期）][古墳時代][奈良時代][平安時代][近世]","集落","[縄文時代]住居 敷石住居 集石 陥し穴 土坑 土器 棺墓 配石墓 埋甕 [古墳時代][奈良時代][平安時代]住居 掘立柱建物 土坑 溝 祭祀遺構 [中世][近世]住居 掘立柱建物 地下式土壙 土坑 溝","尖頭器 掻器 縄文土器 打斧 土錘 耳飾 土師器 須恵器 墨書土器 砥石 鉄鎌 刀子 鉄錐 鉄鏃 陶磁器 装身具 銭貨 人骨",139.5229111,35.65969456,"1"
1320803900,13208,"39","かみいしわらいせき","上石原遺跡","調布市 上石原二丁目","[縄文時代（早期～前期・後期～晩期）][古墳時代][平安時代][中世]","集落","[縄文時代]住居集石 陥し穴 [古墳時代]住居 掘立柱建物 ピット 溝 [奈良時代]住居 [平安時代]住居 掘立柱建物 ピット 土坑 集石土坑 溝 [中世]カワラケ工房","尖頭器 縄文土器 打斧 石錘 土製円板 土師器 須恵器 陶器(灰釉・二彩) 墨書土器 土製支脚 砥石 鉄鎌 鉄鏃 刀子 ヤリガンナ 紡錘車 <U+9299>帯 こう具 金属製品 銭貨 焼礫 カワラケ",139.528214,35.655678,"1"
1320804000,13208,"40","しもいしはらいせき","下石原遺跡","調布市 下石原三丁目","[縄文時代（早期・中期～後期）][古墳時代][奈良時代][平安時代][中世][近世]","城館","[縄文時代]住居 敷石住居 集石 炉穴 陥し穴 土壙墓 配石 [古墳時代]方形周溝墓 溝 [奈良時代][平安時代]住居 掘立柱建物 ピット 溝 井戸 火葬墓 [中世][近世]掘立柱建物 井戸 地下式土坑 溝 [近世]土坑","縄文土器 打斧 土師器 須恵器 墨書土器 陶器 支脚 砥石 台石 刀子 鉄鏃 鉄製紡錘車 土錘 銅製品 馬具 銭貨 石臼 板碑 蔵骨器 人骨 獣骨",139.53389,35.65073,"1"
1320804200,13208,"42","ふじむかいいせき","富士向遺跡","調布市 国領町五丁目","[縄文時代][奈良時代][中世][近世]","包蔵地","[縄文時代]集石土坑 土坑 [近世]掘立柱建物 土坑","縄文土器 石器 土師器 陶磁器 焼礫",139.5527996,35.6487906,"1"
1320804400,13208,"44","こじまちょういせき","小島町遺跡","調布市 小島町三丁目","[縄文時代（中期）][古墳時代][奈良時代][平安時代][中世][近世]","包蔵地・集落","[縄文時代]住居炉穴 陥し穴 [古墳時代]住居 [奈良時代]住居 溝 鍛冶工房 [平安時代]住居 掘立柱建物 溝 [中世]住居 土坑 地下式土坑","縄文土器 石器 土製品 土師器 須恵器 墨書土器 鉄製品 羽口 鉄滓 陶器（灰釉) 陶磁器 銭貨",139.5386634,35.64730895,"1"
1320804500,13208,"45","かみふだいせき","上布田遺跡","調布市 布田三丁目 布田五丁目 布田六丁目 小島町三丁目","[旧石器時代][縄文時代（早期～晩期）][古墳時代][奈良時代][平安時代][中世][近世]","集落","[縄文時代]住居 竪穴状遺構 集石 土坑 炉 柱穴 土壙墓 埋甕 配石 [古墳時代]住居 溝 円形周溝 [奈良時代][平安時代]住居 掘立柱建物 柱穴 土坑 竈 溝 道路状遺構 鍛冶工房 火葬墓 井戸 [中世]地下式土坑 土壙墓 [中世][近世]掘立柱建物 集石 土坑 溝 [近世]土壙墓 溝 道路遺構 [平安時代]蔵骨器","縄文土器 石器 土製品 石製品 土師器 須恵器 墨書土器 陶器（灰釉） 土製支脚 鎌 刀子 土錘 羽口 <U+9299>帯 銅製丸鞘 陶磁器 カワラケ 硯 砥石 石臼 瓦 板碑 銭貨 鉄滓 人骨 打製石斧 敲石 石皿 石棒 金銅製巡方 鉄製品 石器及び焼礫 土師器甕及び須恵器蓋（人骨、墨書土器を含む） 木製品",139.5445643,35.64632794,"1"
1320804600,13208,"46","しもふだいせき","下布田遺跡","調布市 布田三丁目 布田六丁目","[縄文時代（早期～晩期）][古墳時代][奈良時代][平安時代][近世]","包蔵地・集落・古墳","[縄文時代]陥し穴 甕棺墓 土壙墓 埋甕 配石 [平安時代]住居 掘立柱建物 土坑 [奈良時代][平安時代][中世]土坑 土壙墓","縄文土器 石器 耳飾 石剣 石刀 石冠 土偶 土版 土師器 須恵器 墨書土器 石製品 鉄製品 紡錘車 陶磁器 板碑 五輪塔 鉄滓 獣骨",139.5495276,35.64537974,"1"
1320804700,13208,"47","こくりょうみなみいせき","国領南遺跡","調布市 国領町五丁目　 国領町六丁目","[旧石器時代][縄文時代（早期・中期）][古墳時代][奈良時代][平安時代][中世][近世]","集落","[縄文時代]住居　集石　陥し穴　埋甕　[古墳時代]方形周溝墓　土壙墓　[古墳時代][奈良時代][平安時代]住居　掘立柱建物　溝　[中世]地下式土坑　[近世]土坑　溝","ナイフ形石器　縄文土器　土製品　土師器　須恵器　鉄製品　陶磁器",139.5532333,35.64551589,"1"
1320804800,13208,"48","あげきゅういせき","上ヶ給遺跡","調布市 国領町四丁目　 国領町七丁目","[縄文時代（中期）][古墳時代][奈良時代][平安時代][中世][近世]","集落","[縄文時代]住居　集石　炉　貯蔵穴　陥し穴　土坑　[古墳時代]住居　土坑　道路　溝　土師器焼成工房　製鉄工房　[中世][近世]土坑　溝","縄文土器　石器　土師器　須恵器　鉄鎌　刀子　釘　鉄鏃　鉄滓　石製品　羽口　勾玉　管玉　陶磁器",139.5602214,35.6443852,"1"
1320804900,13208,"49","そめちいせき","染地遺跡","調布市 染地二丁目　 染地三丁目","[縄文時代（晩期）][弥生時代（後期）][古墳時代][奈良時代][平安時代]","集落","[弥生時代]住居　炉　[古墳時代]土坑　生産工房　[古墳時代][奈良時代][平安時代]住居　道路　溝　鍛冶工房　[中世]溝　濠　[近世]土葬墓","縄文土器　石器　石製品　弥生土器　土師器　須恵器　墨書土器　陶器（灰釉・緑釉）　紡錘車　勾玉　臼玉　ガラス玉　金属製品　陶磁器　板碑　小鉄仏　瓦　銭貨　木製品",139.5573796,35.64174287,"1"
1320805000,13208,"50","とびたきゅうきたいせき","飛田給北遺跡","調布市 西町　 飛田給一丁目","[旧石器時代][縄文時代（中期）][奈良時代][平安時代][近世]","集落","[旧石器時代]礫群　[縄文時代]土坑　陥穴　[古墳時代]住居　竪穴状遺構　竈　土坑　竪穴住居　[近世]ピット列　土坑　溝","ナイフ形石器　細石刃　掻器　敲石　磨石　石核　剥片　砕片　縄文土器　打斧　礫器　石槍　石皿　磨石　土玉　土師器　須恵器　砥石　帯金具　陶磁器　打製石斧　墨書土器",139.5240667,35.66610443,"1"
1321000100,13210,"1","ぬくいいせき","貫井遺跡","小金井市 貫井南町三丁目","[旧石器時代][縄文時代（早期～後期）]","集落","[縄文時代]住居 集石 土坑群","剥片 縄文土器 磨斧 石斧 石鏃 石匙 石皿 磨石 耳栓 硬玉製大珠 土製垂飾",139.4939,35.69959,"1"
1321000200,13210,"2","はけうえいせき","はけうえ遺跡","小金井市 貫井南町三丁目 前原町三丁目","[旧石器時代][縄文時代（草創期～後期）]","集落","[旧石器時代]礫群 [縄文時代]住居 集石 土坑","ナイフ形石器 尖頭器 細石刃 局部磨斧 縄文土器 石斧 石鏃 石皿 スタンプ形石器",139.4983,35.69911,"1"
1321000301,13210,"3-1","へいたいさかいせき","平代坂遺跡","小金井市 前原町三丁目","[旧石器時代][縄文時代（中期）][中世]","集落","[旧石器時代]礫群 [縄文時代]住居 [中世]地下式土坑","ナイフ形石器 尖頭器 礫器 磨石 石核 縄文土器 陶器",139.5012,35.69879,"1"
1321000400,13210,"4","にしのだいいせき","西之台遺跡","小金井市 前原町三丁目 中町四丁目","[旧石器時代][縄文時代（草創期～後期）]","集落","[旧石器時代]礫群 [縄文時代]集石 炉穴 土坑","ナイフ形石器 尖頭器 有舌尖頭器 細石刃 細石核 掻器 石核 縄文土器 石斧 スタンプ形石器",139.5062,35.69861,"1"
1321000500,13210,"5","なかざんやいせき","中山谷遺跡","小金井市 中町一丁目 中町二丁目 中町三丁目","[旧石器時代][縄文時代（早期～後期）]","集落","[縄文時代]住居 集石土坑 土坑","細石刃 細石核 礫器 錐状石器 石核 剥片 縄文土器 石斧 石鏃 石匙 石皿 磨石 土器片錘 土製円板",139.5119,35.69695,"1"
1321000600,13210,"6","くりやまいせき","栗山遺跡","小金井市 中町一丁目 東町五丁目","[旧石器時代][縄文時代（中期）]","集落","[旧石器時代]礫群 [縄文時代]住居 土坑群","ナイフ形石器 細石核 剥片 縄文土器 石斧 石鏃 石皿 磨石 土器片錘 土製円板 土偶",139.519,35.69282,"1"
1321000700,13210,"7","あいしーゆーろけーしょん15いせき","ICULoc.15遺跡","小金井市 東町一丁目 東町五丁目","[旧石器時代][縄文時代（中期）]","集落","[旧石器時代]礫群 [縄文時代]土坑","ナイフ形石器 掻器 削器 石核 剥片 縄文土器",139.5235,35.68939,"1"
1321000800,13210,"8","あらまきいせき","荒牧遺跡","小金井市 貫井南町四丁目","[旧石器時代][縄文時代（前期～後期）][近世]","集落","[縄文時代]住居 土坑 [近世]掘立柱穴列 井戸","石核 剥片 縄文土器 石斧 石鏃 土製円板 陶磁器 鉄製品 板碑",139.4948,35.69673,"1"
1321000900,13210,"9","ぬくいみなみいせき","貫井南遺跡","小金井市 貫井南二丁目","[旧石器時代][縄文時代（早期～後期）]","集落","[縄文時代]住居 集石 土坑群","ナイフ形石器 尖頭器 縄文土器 打斧 磨斧 石鏃 石皿 磨石 けつ状耳飾",139.4985,35.69394,"1"
1321001000,13210,"10","","小金井市№10遺跡","小金井市 前原町五丁目","[縄文時代（前期～中期）]","包蔵地","","縄文土器",139.502,35.69305,"1"
1321001100,13210,"11","","小金井市№11遺跡","小金井市 前原町三丁目","[縄文時代][中世]","包蔵地","","縄文土器 石棒 蔵骨器",139.5023,35.69508,"1"
1321001200,13210,"12","まえはらいせき","前原遺跡","小金井市 前原町一丁目 前原町二丁目","[旧石器時代][縄文時代（草創期～後期）][近世]","集落","[旧石器時代]礫群 配石 [縄文時代]住居 集石 土坑","ナイフ形石器 尖頭器 剥片 縄文土器 打斧 有舌尖頭器 石鏃 磨石",139.5071,35.69322,"1"
1321001300,13210,"13","","小金井市№13遺跡","小金井市 中町四丁目","[縄文時代]","包蔵地","","縄文土器",139.5091,35.69528,"1"
1321001400,13210,"14","しんばしいせき","新橋遺跡","小金井市 中町一丁目","[旧石器時代][縄文時代（後期）]","集落","[旧石器時代]礫群 [縄文時代]住居 土坑","ナイフ形石器 尖頭器 細石刃 細石核 剥片 縄文土器 石斧 石錘",139.5121,35.69427,"1"
1321001500,13210,"15","","小金井市№15遺跡","小金井市 前原町二丁目","[縄文時代]","包蔵地","","縄文土器",139.5117,35.69218,"1"
1321001600,13210,"16","しちけんやいせき","七軒家遺跡","小金井市 前原町二丁目","[旧石器時代][縄文時代（草創期～後期）][古墳時代][中世][近世]","包蔵地","[時代不明]土坑 溝状遺構","有舌尖頭器 削器 剥片 縄文土器 打斧 磨石 土師器 陶磁器 カワラケ",139.5142,35.69129,"1"
1321001700,13210,"17","のがわなかすいせき","野川中洲遺跡","小金井市 前原町二丁目","[旧石器時代][縄文時代（後期）]","包蔵地","","ナイフ形石器 槍先形尖頭器 有茎尖頭器 礫器 剥片 縄文土器 打斧",139.5157,35.69202,"1"
1321001800,13210,"18","のがわなかすきたいせき","野川中洲北遺跡","小金井市 中町一丁目","[旧石器時代][縄文時代（草創期～早期・後期）][古墳時代][平安時代][中世][近世]","集落","[旧石器時代]ブロック 礫群 配石 炭化物集中 [縄文時代]住居 集石 土坑 ピット [平安時代]土坑 [中世]掘立柱建物 ピット 土坑 溝 [近世]ピット 土坑","ナイフ形石器 尖頭器 細石刃 打斧 局部磨斧 礫器 縄文土器 打斧 磨斧 石槍 有舌尖頭器 石鏃 石錘 石皿 磨石 敲石 木製品 土師器 刀子 陶磁器",139.5162,35.69313,"1"
1321001900,13210,"19","むさしのこうえんていしっちいせき","武蔵野公園低湿地遺跡","小金井市 東町五丁目","[旧石器時代][縄文時代（前期～後期）][古墳時代][中世][近世]","包蔵地","[時代不明]河道 土坑 丸木橋状遺構","石器 縄文土器 石斧 石鏃 石皿 磨石 木製品 漆塗りくし 土師器 板碑 銭貨 陶磁器",139.5198,35.69087,"1"
1321002000,13210,"20","","小金井市№20遺跡","小金井市 東町一丁目","[旧石器時代][縄文時代（中期～後期）]","包蔵地","","縄文土器",139.5227,35.68884,"1"
1321002100,13210,"21","のがわこうえんさくいせき","野川公園柵遺跡","小金井市 東町一丁目","[縄文時代（中期～後期）]","集落","[縄文時代]住居","縄文土器",139.5256,35.68753,"1"
1321002200,13210,"22","","小金井市№22遺跡","小金井市 本町五丁目","[旧石器時代][縄文時代（早期）]","包蔵地","","剥片 縄文土器",139.5015,35.70646,"1"
1321100300,13211,"3","すずきいせき","鈴木遺跡","小平市 鈴木町 回田町 御幸町","[旧石器時代][縄文時代（前期～中期）][近世]","包蔵地・集落","[旧石器時代]ユニット 礫群 炭化物集中箇所 炉 土坑 [縄文時代]土坑 [近世]水車 水路 暗渠","ナイフ形石器 尖頭器 尖頭状石器 細石刃 台形様石器 掻器 彫器 石斧 礫器 敲石 磨石 台石 石核 縄文土器 打斧 石鏃 陶磁器 鉄製品 簪",139.499,35.71788,"1"
1321400100,13214,"1","くまのごういせき","熊ノ郷遺跡","国分寺市 西恋ヶ窪三丁目 西恋ヶ窪四丁目","[旧石器時代][縄文時代]","集落","[旧石器時代]石器集中部 礫群","尖頭器 石刃 礫器 剥片",139.4669101,35.70531943,"1"
1321400200,13214,"2","こいがくぼいせき","恋ヶ窪遺跡","国分寺市 西恋ヶ窪一丁目　 東恋ヶ窪一丁目　 東恋ヶ窪三丁目","[旧石器時代][縄文時代（早期・中期～後期）][奈良時代][平安時代][中世]","集落","[縄文時代]住居　敷石住居　集石　土坑　屋外埋甕　[中世]溝","(縄文)縄文土器　打斧　磨斧　石槍　石鏃　掻器　彫器　石匙　石錐　ピエス・エスキーユ　スタンプ形石器　敲石　砥石　土錘　土製円板　耳飾　硬玉製大珠　器台　(中世)陶器",139.4705243,35.70254176,"1"
1321400300,13214,"3","こいがくぼみなみいせき","恋ヶ窪南遺跡","国分寺市 西恋ヶ窪一丁目 東恋ヶ窪一丁目 泉町一丁目","[旧石器時代][縄文時代（早期・中期）]","集落","[縄文時代]住居 集石土坑 土坑","縄文土器",139.4736221,35.69993871,"1"
1321400500,13214,"5","はねざわいせき","羽根沢遺跡","国分寺市 東恋ヶ窪一丁目、三丁目","[縄文時代（早期・中期）][奈良時代][平安時代]","集落","[縄文時代]住居　敷石住居　集石　土坑　埋甕　[古代]井戸","縄文土器　打斧　磨斧　石鏃　石匙　石皿　磨石　土製円板　耳飾",139.4739233,35.70318815,"1"
1321400600,13214,"6","","国分寺市№6遺跡","国分寺市 本町一丁目 本町二丁目 本多一丁目","[縄文時代（中期）]","包蔵地","","縄文土器",139.4843142,35.70241947,"1"
1321400700,13214,"7","たまらんざかいせき","多摩蘭坂遺跡","国分寺市 内藤一丁目 内藤二丁目","[旧石器時代][縄文時代][奈良時代]","集落","[旧石器時代]ユニット礫群","(旧石器時代)ナイフ形石器 尖頭器 角錐状石器 掻器 彫器 打斧 礫器 敲石 (奈良時代)銭貨 須恵器",139.4577268,35.69368698,"1"
1321400800,13214,"8","はなざわにしいせき","花沢西遺跡","国分寺市 本町四丁目 南町三丁目 泉町一丁目 東恋ヶ窪一丁目","[旧石器時代][縄文時代][弥生時代]","集落","[縄文時代]住居 土坑 埋甕","縄文土器 打斧 磨斧 石鏃 石匙 石錐 スタンプ形石器 石棒 弥生土器",139.4680368,35.69935258,"1"
1321400900,13214,"9","ひかげやまいせき","日影山遺跡","国分寺市 泉町二丁目 西恋ヶ窪一丁目","[旧石器時代][縄文時代（中期）][奈良時代][平安時代][中世]","包蔵地","[旧石器時代]石器集中部 集石 ユニット 礫群 [縄文時代]竪穴住居 [歴史時代]掘立柱建物 柵列 井戸 火葬墓 土壙墓 井戸 道路跡（鎌倉街道） 溝 土坑 集石 特殊遺構","(旧石器時代)尖頭器 ナイフ形石器 スクレイパー 剥片遺物 石核 (縄文時代)土器 打製石斧 (歴史時代)土師質土器 瓦質土器 土器（在地土器） 陶磁器 銭貨 金属製品（刀子） 砥石 板碑 銭貨 鉄製品（鉄釘） 瓦",139.4717981,35.69264697,"1"
1321401100,13214,"11","たきくぼいせき","多喜窪遺跡","国分寺市 西元町二丁目 西元町四丁目","[旧石器時代][縄文時代（中期）]","集落","[縄文時代]住居 土壙","縄文土器 打斧 磨斧 石鏃 掻器 石皿 磨石 スタンプ形石器",139.4674663,35.69221292,"1"
1321401800,13214,"18","はちまんまえいせき","八幡前遺跡","国分寺市 東元町三丁目","[縄文時代（中期～後期）]","包蔵地","","縄文土器 石錐 浮石",139.4848388,35.69845044,"1"
1321401900,13214,"19","むさしこくぶんじあと","武蔵国分寺跡","国分寺市 東元町二丁目 東元町三丁目 東元町四丁目 西元町一丁目 西元町二丁目 西元町三丁目 西元町四丁目 泉町一丁目 泉町二丁目 泉町三丁目 西恋ヶ窪一丁目","[旧石器時代][縄文時代][奈良時代][平安時代][中世][近世]","集落","[縄文時代]住居 [奈良時代][平安時代]住居 掘立柱建物 道路 溝 [中世]門 土坑 地下式横穴","縄文土器 陶磁器 土製品 石製品 鉄製品 青銅製品 瓦 <U+587C>",139.4662512,35.6985094,"1"
1321402000,13214,"20","とのがやときたいせき","殿ヶ谷戸北遺跡","国分寺市 南町一丁目","[旧石器時代][縄文時代（早期・中期）]","集落","[旧石器時代]礫群","ナイフ形石器 尖頭器 掻器 石核 縄文土器",139.4827089,35.69219995,"1"
1321402100,13214,"21","とのがやといせき","殿ヶ谷戸遺跡","国分寺市 南町二丁目 東元町一丁目 二丁目","[旧石器時代][縄文時代（早期・中期）]","集落","[旧石器時代]礫群 [縄文時代]土坑","ナイフ形石器 尖頭器 掻器 石核 縄文土器",139.4854196,35.69257342,"1"
1321402200,13214,"22","こいがくぼはいじあと","恋ヶ窪廃寺跡","国分寺市 泉町三丁目","[縄文時代][平安時代][中世]","社寺","[平安時代][中世]礎石建物 掘立柱建物 土坑 溝 火葬墓 土壙墓","土師器 須恵器 陶器（灰釉） 瓦 板碑 宝筐印塔 銭貨 人骨",139.4853228,35.69644562,"1"
1321402300,13214,"23","","国分寺市№23遺跡","国分寺市 東元町二丁目","[縄文時代][奈良時代][平安時代]","包蔵地","[縄文時代]集石土坑","縄文土器 石器",139.4837496,35.6961901,"1"
1321402400,13214,"24","","国分寺市№24遺跡","国分寺市 東元町一丁目","[縄文時代][奈良時代][平安時代]","包蔵地","","縄文土器",139.4823459,35.69642596,"1"
1321402500,13214,"25","","国分寺市№25遺跡","国分寺市 東元町一丁目","[縄文時代][奈良時代][平安時代]","包蔵地","","縄文土器",139.4765747,35.70015531,"1"
1321402600,13214,"26","","国分寺市№26遺跡","国分寺市 東元町二丁目","[縄文時代][奈良時代][平安時代]","包蔵地","","縄文土器",139.4720246,35.69197866,"1"
1321402700,13214,"27","","国分寺市№27遺跡","国分寺市 東元町二丁目","[縄文時代（中期）]","包蔵地","","縄文土器",139.4682732,35.69298113,"1"
1321402800,13214,"28","ほんちょう（こくぶんじむらせっきじだい）いせき","本町（国分寺村石器時代）遺跡","国分寺市 南町二丁目 本町二丁目","[旧石器時代][縄文時代（中期）][奈良時代][平安時代]","集落","[縄文時代]住居 土坑 埋甕","縄文土器 打斧 磨斧 石鏃 敲石",139.483665,35.70079777,"1"
1321402900,13214,"29","","国分寺市№29遺跡","国分寺市 南町一丁目 本町一丁目","[旧石器時代][縄文時代][奈良時代][平安時代]","包蔵地","","縄文土器",139.4851149,35.70016943,"1"
1321403000,13214,"30","","国分寺市№30遺跡","国分寺市 本多一丁目 本町二丁目","[縄文時代][奈良時代][平安時代]","包蔵地","","縄文土器",139.481922,35.70351503,"1"
1321403200,13214,"32","ながやといせき","長谷戸遺跡","国分寺市 東元町一丁目","[縄文時代（早期・中期～後期）]","包蔵地","","縄文土器 磨斧",139.4889865,35.6973684,"1"
1321403400,13214,"34","","国分寺市№34遺跡","国分寺市 西恋ヶ窪二丁目","[縄文時代][奈良時代][平安時代]","包蔵地","","縄文土器",139.4651256,35.70043532,"1"
1321403500,13214,"35","","国分寺市№35遺跡","国分寺市 日吉町一丁目","[縄文時代（中期）]","包蔵地","","縄文土器",139.4611774,35.70118809,"1"
1321403600,13214,"36","","国分寺市№36遺跡","国分寺市 日吉町一丁目","[縄文時代]","包蔵地","","縄文土器",139.4608684,35.70386455,"1"
1321403700,13214,"37","","国分寺市№37遺跡","国分寺市 西恋ヶ窪三丁目","[旧石器時代][縄文時代][奈良時代][平安時代]","包蔵地","[旧石器時代]ユニット 土坑 [縄文時代]土坑 [奈良時代][平安時代]土坑 溝","ナイフ形石器 尖頭器 細石刃 台形石器 楔形石器 掻器 錐 打斧 磨石 石核 縄文土器 石器",139.464439,35.70336272,"1"
1321403800,13214,"38","","国分寺市№38遺跡","国分寺市 西恋ヶ窪一丁目","[縄文時代][奈良時代][平安時代]","包蔵地","","縄文土器",139.4679335,35.70524044,"1"
1321403900,13214,"39","","国分寺市№39遺跡","国分寺市 西恋ヶ窪一丁目","[縄文時代][奈良時代][平安時代]","包蔵地","","縄文土器",139.4666632,35.70128155,"1"
1321404000,13214,"40","","国分寺市№40遺跡","国分寺市 内藤二丁目","[縄文時代][奈良時代][平安時代]","包蔵地","","縄文土器",139.4559932,35.69806544,"1"
1321404700,13214,"47","","国分寺市№47遺跡","国分寺市 日吉町一丁目","[縄文時代（中期）][奈良時代][平安時代]","包蔵地","","縄文土器",139.4582592,35.70274937,"1"
1321404800,13214,"48","","国分寺市№48遺跡","国分寺市 日吉町二丁目","[縄文時代]","包蔵地","","縄文土器",139.4529377,35.7004632,"1"
1321405300,13214,"53","とうきょうけいざいだいがくこうないいせき","東京経済大学構内遺跡","国分寺市 南町一丁目","[旧石器時代][縄文時代（早期・中期）]","包蔵地","","尖頭器 掻器 彫器 打斧 剥片 縄文土器",139.4901274,35.69927724,"1"
1321405400,13214,"54","はなざわひがしいせき","花沢東遺跡","国分寺市 南町二丁目 南町三丁目","[旧石器時代][縄文時代]","集落","[旧石器時代]礫群 [縄文時代]住居 土坑","ナイフ形石器 尖頭器 角錐状石器 掻器 敲石 打斧 石匙 石皿 スタンプ形石器 台石 砥石",139.4816738,35.69817697,"1"
1321405600,13214,"56","","国分寺市№56遺跡","国分寺市 光町一丁目","[旧石器時代][縄文時代]","包蔵地","[縄文時代]土坑","",139.4486461,35.70160629,"1"
1321405700,13214,"57","こいがくぼひがしいせき","恋ヶ窪東遺跡","国分寺市 本町四丁目 東恋ヶ窪一丁目 東恋ヶ窪二丁目","[旧石器時代][縄文時代（中期）][奈良時代][平安時代]","集落","[縄文時代]掘立柱建物跡 敷石住居 集石土坑 土坑 屋外埋甕 炉穴 陥穴 特殊遺構","(旧石器時代)細石刃 尖頭器 ナイフ形石器 (縄文時代)縄文土器 ミニチュア土器 耳栓 器台 打製石斧 石鏃 掻器 石匙 石錐 石皿 磨石 土製円板 尖頭器 石棒 硬玉製原石 (奈良・平安時代)土師器 瓦",139.4770468,35.70348715,"1"
1321500100,13215,"1","","国立市№1遺跡","国立市 富士見台四丁目","[縄文時代][平安時代]","包蔵地","","縄文土器 黒曜石 土師器",139.430145,35.688156,"1"
1321500200,13215,"2","みねうえいせき","峰上遺跡","国立市 富士見台三丁目","[旧石器時代][縄文時代][平安時代]","集落","[旧石器時代]ブロック 礫群 配石 [縄文時代]土坑","ナイフ形石器 尖頭器 スクレイパー 敲石 石核 剥片 縄文土器 土師器",139.4363187,35.68552263,"1"
1321500500,13215,"5","かりやうえにしいせき","仮屋上西遺跡","国立市 谷保","[旧石器時代][縄文時代（中期）][平安時代][中世]","集落","[奈良時代]住居跡 溝状遺構 [平安時代]住居跡 土坑 ピット","土師器 須恵器 陶器 須恵器質陶器 刀子 紡錘車 古銭(隆平永寶) 風字硯",139.4417242,35.6828501,"1"
1321500600,13215,"6","かりやうえいせき","仮屋上遺跡","国立市 谷保 富士見台二丁目","[縄文時代（中期）][奈良時代][平安時代][中世]","集落","[平安時代]住居跡 土坑 配石 溝状遺構 柱穴 [中世]地下式土坑","縄文土器 石鏃 土師器 須恵器 砥石 鉄製品 紡錘車 土錘 円面硯 瓦",139.4435438,35.68276644,"1"
1321500700,13215,"7","ひがしのはらいせき","東之原遺跡","国立市 谷保 富士見台一丁目","[縄文時代（中期）][平安時代]","包蔵地","[縄文時代]集石 柱穴","土師器 須恵器",139.4503416,35.68137209,"1"
1321500800,13215,"8","みどりかわひがしいせき","緑川東遺跡","国立市 青柳一丁目 青柳三丁目","[旧石器時代][縄文時代（早期～後期）][奈良時代][平安時代][近世]","集落","[旧石器時代]ブロック 礫群 配石 [縄文時代]住居跡 竪穴状遺構 集石 炉穴 土坑 ピット 焼土跡 [奈良時代][平安時代]溝 [近世]溝状遺構 土坑","ナイフ形石器 尖頭器 石核 細石刃核 スクレイパー 縄文土器 打斧 石匙 土偶 打製石斧 有舌尖頭器 石鏃 スタンプ形石器 礫器 扶入磨石 磨石 石皿 石錘 石棒 耳栓 垂飾",139.423645,35.686913,"1"
1321500900,13215,"9","あおやぎいせき","青柳遺跡","国立市 青柳","[旧石器時代][縄文時代（中期）][平安時代]","包蔵地","","尖頭器 打斧 縄文土器 石斧 土師器",139.4220708,35.6823436,"1"
1321501200,13215,"12","しけんざけいせき","四軒在家遺跡","国立市 矢川三丁目","[旧石器時代][縄文時代（中期）][古墳時代][平安時代][近世]","集落","[縄文時代]敷石住居 住居跡 集石 土坑 ピット 埋設土器[中世][近世]溝状遺構 土坑 柱穴","縄文土器 剥片 円筒埴輪 打製石斧 異形土器（ミニチュア土器） ナイフ形石器 有舌尖頭器 石鏃 掻器 石匙 スタンプ形石器 土師器 坏 須恵器 陶磁器",139.4274159,35.6809353,"1"
1321501300,13215,"13","なんようじいせき","南養寺遺跡","国立市 谷保","[縄文時代（早期～後期）][奈良時代][平安時代][中世][近世]","集落","[縄文時代]住居 敷石住居 集石 土坑 ピット [平安時代]住居 土坑 石組遺構 [近世]土坑 井戸 溝状遺構","縄文土器 打斧 磨斧 石鏃 掻器 石匙 石錘 楔形石器 石皿 磨石 スタンプ形石器 凹石 敲石 土錘 土製円板 石棒 土偶 土師器 須恵器 刀子 羽口 瓦 鉄滓 陶磁器 板碑 銭貨",139.4324542,35.68022068,"1"
1321501500,13215,"15","じょうやまいせき","城山遺跡","国立市 谷保","[縄文時代（早期・中期）][奈良時代][平安時代][中世][近世]","包蔵地","[中世][近世]石組粘土敷土坑 集礫遺構 土坑 ピット 道状遺構","縄文土器 打斧 石皿 土師器 須恵器 瓦 須恵器系土師質土器 陶器 磁器 かわらけ 石臼 砥石 スラグ 石製品",139.436334,35.67944785,"1"
1321502100,13215,"21","ばいりんいせき","梅林遺跡","国立市 谷保","[縄文時代（中期）][奈良時代][平安時代][中世][近世]","包蔵地","[中世]溝状遺構","縄文土器 石斧 土師器 須恵器 鋳型 坩堝 三又状土製品 羽口 陶磁器",139.4453291,35.67894587,"1"
1321502200,13215,"22","しもやぼいせき","下谷保遺跡","国立市 谷保","[縄文時代（早期・中期）][古墳時代][平安時代][中世]","集落","[縄文時代]住居 竪穴状遺構 集石 土坑 [古墳時代]住居 土坑","縄文土器 打斧 局部磨製石斧 礫器 石槍 石鏃 掻器 楔形石器 石皿 磨石 スタンプ形石器 凹石 敲石 砥石 土師器 須恵器 管玉 陶磁器",139.4485839,35.6773761,"1"
1321502400,13215,"24","やぼとうほういせき","谷保東方遺跡","国立市 谷保","[縄文時代（中期）][古墳時代][平安時代][近世]","集落","[縄文時代]住居 敷石住居 焼土 ピット 埋甕 [古墳時代]土坑 [平安時代]土坑 [近世]溝状遺構","縄文土器 打斧 磨斧 礫器 石鏃 石匙 石皿 磨石 石棒 三角柱状土製品 土師器 陶磁器",139.4500774,35.67593982,"1"
1321502600,13215,"26","","国立市№26遺跡","国立市 谷保","[縄文時代][平安時代]","包蔵地","","縄文土器 土師器 須恵器",139.4391254,35.67688805,"1"
1321800100,13218,"1","","福生市№1遺跡","福生市 加美平三丁目","[縄文時代（前期～後期）]","包蔵地","","縄文土器 打斧 礫器 土師器",139.3202321,35.75024378,"1"
1321800200,13218,"2","","福生市№2遺跡","福生市 福生","[縄文時代（中期）]","その他","単独出土地","石棒",139.3209875,35.74174508,"1"
1321800300,13218,"3","","福生市№3遺跡","福生市 福生","[縄文時代（後期）][平安時代?]","集落","[縄文時代]敷石住居?","縄文土器 石鏃 土師器",139.3245237,35.73937643,"1"
1321800400,13218,"4","ながさわいせき","長沢遺跡","福生市 福生","[縄文時代（前期～後期）]［近世？］","集落","[縄文時代]住居 土坑 配石 [時代不明]敷石遺構","縄文土器 打斧 石槍 石鏃 石匙 石皿 凹石 土製円板 土偶",139.3253133,35.74358422,"1"
1321800500,13218,"5","ふっさふどうそんいせき","福生不動尊遺跡","福生市 福生","[縄文時代（早期・中期～後期）]","集落","[縄文時代]集石土坑","縄文土器 打斧 礫器 石鏃 石皿 磨石 スタンプ形石器",139.3325231,35.74386288,"1"
1321800600,13218,"6","しもいせき","志茂遺跡","福生市 志茂","[縄文時代（後期）][平安時代？]","包蔵地","","縄文土器 石錘 土師器",139.3283689,35.73324548,"1"
1321800700,13218,"7","","福生市№7遺跡","福生市 武蔵野台二丁目","[縄文時代（中期）][平安時代]","包蔵地","","縄文土器 剥片 土師器",139.3283075,35.75070337,"1"
1321800800,13218,"8","","福生市№8遺跡","福生市 武蔵野台一丁目","[縄文時代]","包蔵地","","石鏃",139.3335087,35.74949147,"1"
1321800900,13218,"9","","福生市№9遺跡","福生市 福生","[縄文時代]","包蔵地","","石鏃",139.3375356,35.74138282,"1"
1321801000,13218,"10","","福生市№10遺跡","福生市 福生","[縄文時代]","包蔵地","","石鏃",139.3415868,35.73834535,"1"
1321801100,13218,"11","","福生市№11遺跡","福生市 福生","[縄文時代（早期・中期）]","包蔵地","[縄文時代]集石土坑?","縄文土器 石鏃 土師器",139.336128,35.73789947,"1"
1321801200,13218,"12","","福生市№12遺跡","福生市 牛浜","[縄文時代]","包蔵地","","打斧",139.336917,35.73523342,"1"
1321801300,13218,"13","","福生市№13遺跡","福生市 熊川","[縄文時代（前期～中期）][平安時代]","包蔵地","","縄文土器 打斧 剥片 土師器",139.3390456,35.72968826,"1"
1321801400,13218,"14","","福生市№14遺跡","福生市 熊川","[縄文時代][古墳時代]","包蔵地","","剥片 土師器",139.3486929,35.72266464,"1"
1321801600,13218,"16","","福生市№16遺跡","福生市 熊川","[縄文時代（中期）]","包蔵地","","縄文土器 土師器",139.3331187,35.71633926,"1"
1321801700,13218,"17","","福生市№17遺跡","福生市 武蔵野台一丁目","[縄文時代]","包蔵地","","石鏃",139.3354313,35.74539545,"1"
1321900500,13219,"5","みのわだ・きたくぼいせき","箕和田・北久保遺跡","狛江市 西野川二丁目 和泉本町三丁目","[縄文時代（中期）][弥生時代][古墳時代][奈良時代][平安時代][近世]","集落","[近世]溝状遺構 墓地","縄文土器 弥生土器 土師器 須恵器 陶磁器 鉄製品 銅製品 煙管 銭貨",139.5741074,35.64335636,"1"
1321900700,13219,"7","こあだちなかむらきたいせき","小足立中村北遺跡","狛江市 東野川二丁目 東野川三丁目 西野川一丁目","[縄文時代（中期）][古墳時代][奈良時代][平安時代][近世]","集落","[奈良時代][平安時代]住居 [近世]建物 竪穴状遺構 土坑 井戸 溝 集石","縄文土器 石斧 石鏃 砥石 土師器 須恵器 陶磁器 硯 釘 木製品 銭貨",139.578934,35.644489,"1"
1321900900,13219,"9","みつおさにしいせき","三長西遺跡","狛江市 東野川一丁目 東野川三丁目 東野川四丁目","[縄文時代][奈良時代]","集落・墳墓","[縄文時代]土坑 [古墳時代]方形周溝 墓 [古墳時代][奈良時代]住居","土師器 須恵器",139.5822613,35.64547676,"1"
1321901800,13219,"18","はらきたいせき","原北遺跡","狛江市 和泉本町一丁目","[縄文時代（中期）][弥生時代][古墳時代][奈良時代][平安時代][近世]","集落","[古墳時代]住居","縄文土器 弥生土器 土師器 須恵器 陶器 カワラケ",139.5774313,35.63893222,"1"
1321901900,13219,"19","いずみいせき","和泉遺跡","狛江市 和泉本町一丁目","[縄文時代][古墳時代][中世]","集落","[古墳時代]住居 [時代不明]竪穴状遺構 土坑 地下式土坑","縄文土器 土師器 須恵器",139.576985,35.63739759,"1"
1321902000,13219,"20","はらみなみいせき","原南遺跡","狛江市 和泉本町一丁目","[縄文時代][奈良時代][平安時代][近世]","集落","[時代不明]住居 掘立柱建物","縄文土器 土師器 須恵器 陶器",139.5784269,35.63628148,"1"
1321902200,13219,"22","しゅくやしきにしいせき","宿屋敷西遺跡","狛江市 岩戸北一丁目 岩戸北三丁目","[縄文時代（中期）][古墳時代][奈良時代][近世]","集落","[縄文時代]土坑 [古墳時代]住居","縄文土器 土師器 須恵器 陶器",139.5809614,35.63543563,"1"
1321902900,13219,"29","ふるやしき・あいのはらいせき","古屋敷・相之原遺跡","狛江市 岩戸南二丁目 岩戸南三丁目","[縄文時代（草創期・中期～後期）][弥生時代][古墳時代][奈良時代][平安時代][近世]","集落","[弥生時代]住居 [古墳時代][奈良時代][平安時代]住居 [時代不明]土師器窯 土坑","縄文土器 有舌尖頭器 石鏃 弥生土器 土師器 須恵器 鉄鎌 鉄鏃 刀子 石製模造品 陶磁器",139.5904667,35.62996028,"1"
1321903600,13219,"36","てらまえひがしいせき","寺前東遺跡","狛江市 東和泉一丁目 東和泉二丁目 猪方一丁目","[縄文時代（早期～前期）][弥生時代][古墳時代][奈良時代][平安時代][中世][近世]","集落","[縄文時代]住居 [平安時代]住居 [時代不明]掘立柱建物 土坑 溝状遺構","縄文土器 打斧 石鏃 石皿 磨石 弥生土器 土師器 須恵器 陶器 カワラケ 釘 銭貨",139.5796233,35.62964658,"1"
1321904000,13219,"40","たなか・てらまえいせき","田中・寺前遺跡","狛江市 東和泉一丁目 東和泉二丁目 元和泉一丁目 元和泉二丁目","[縄文時代（中期）][古墳時代][奈良時代][平安時代][中世][近世]","集落","[縄文時代]集石土坑 [古墳時代][奈良時代]住居 [近世]井戸 [時代不明]掘立柱建物 周溝状遺構","縄文土器 打斧 土師器 須恵器 陶磁器",139.5750064,35.63116728,"1"
1321904201,13219,"42-1","べんてんいけいせき","弁財天池遺跡","狛江市 中和泉一丁目","[旧石器時代][縄文時代（中期～後期）][弥生時代（後期）][古墳時代][奈良時代][平安時代][中世][近世]","集落","[旧石器時代]ブロック [縄文時代]住居 集石 土坑 [弥生時代][古墳時代]方形周溝墓 [古墳時代][奈良時代]住居 [奈良時代][平安時代]掘立柱建物 [中世][近世]土坑","ナイフ形石器 尖頭器 細石刃 縄文土器 打斧 石鏃 石皿 土製円板 石棒 弥生土器 槍先形鉄製品 鉄釧 銅釧 土師器 須恵器 紡錘車 銀製穂積具",139.575899,35.63310663,"1"
1321904300,13219,"43","いずみだぐらいせき","和泉駄倉遺跡","狛江市 東和泉一丁目","[縄文時代（中期～後期）][弥生時代（後期）][古墳時代][奈良時代][平安時代][近世]","集落","[縄文時代]住居 [弥生時代][古墳時代]住居 [奈良時代][平安時代]住居 掘立柱建物","縄文土器 弥生土器 土師器 須恵器 陶磁器",139.5794181,35.6316277,"1"
1321904401,13219,"44-1","だぐらづかこふん","駄倉塚古墳","狛江市 中和泉一丁目","[縄文時代（中期）][古墳時代][中世][近世]","包蔵地・古墳","円墳","円筒埴輪",139.5778903,35.63406932,"1"
1321904500,13219,"45","ひがしづかいせき","東塚遺跡","狛江市 中和泉一丁目","[縄文時代（中期）][奈良時代][平安時代]","集落","[縄文時代][平安時代]住居 [時代不明]土坑 溝","縄文土器 打斧 土師器 須恵器",139.5766532,35.63500744,"1"
1321905000,13219,"50","きょうづかいせき","経塚遺跡","狛江市 中和泉一丁目","[縄文時代（中期）][古墳時代][奈良時代][平安時代]［中世］[近世]","集落","[縄文時代][古墳時代]住居 [奈良時代][平安時代]住居 [中世][近世]ビット群","縄文土器 石鏃 土師器 須恵器 鉄製品 陶器 カワラケ",139.574354,35.63372052,"1"
1321905400,13219,"54","はしばいせき","橋場遺跡","狛江市 元和泉二丁目 中和泉三丁目","[縄文時代（中期）][古墳時代][近世]","集落","[古墳時代]住居","縄文土器 土師器 須恵器 土製模造品 陶器 カワラケ",139.569778,35.632286,"1"
1321905600,13219,"56","みやまえいせき","宮前遺跡","狛江市 中和泉一丁目 中和泉二丁目 中和泉三丁目","[縄文時代（中期）][弥生時代][古墳時代][奈良時代][近世]","集落","[古墳時代]住居","縄文土器 弥生土器 土師器 須恵器 カワラケ",139.570732,35.63620392,"1"
1321905900,13219,"59","まつばらいせき","松原遺跡","狛江市 中和泉一丁目 中和泉二丁目 和泉本町一丁目 和泉本町三丁目","[縄文時代（中期）][古墳時代][奈良時代][平安時代][近世]","包蔵地","","縄文土器 土師器 須恵器 陶器 カワラケ",139.5733241,35.63785018,"1"
1321906200,13219,"62","いなりまえいせき","稲荷前遺跡","狛江市 中和泉五丁目","[縄文時代（中期）][古墳時代][奈良時代][平安時代][近世]","包蔵地","","縄文土器 土師器 須恵器 陶器 カワラケ",139.5664751,35.64206392,"1"
1321906300,13219,"63","おばらいせき","小原遺跡","狛江市 中和泉二丁目 中和泉五丁目","[縄文時代（中期）][古墳時代][奈良時代][平安時代][近世]","包蔵地","","縄文土器 土師器 須恵器 陶器",139.5680071,35.63953211,"1"
1321906400,13219,"64","いりうえきたいせき","圦上北遺跡","狛江市 中和泉三丁目 中和泉四丁目","[縄文時代（中期）][古墳時代][奈良時代][近世]","集落","[古墳時代][奈良時代]住居","縄文土器 土師器 須恵器 陶器 墓石",139.5668685,35.63716992,"1"
1321906500,13219,"65","いりうえいせき","圦上遺跡","狛江市 中和泉三丁目 中和泉四丁目","[縄文時代（中期～晩期）][弥生時代][古墳時代][奈良時代][中世]","集落","[縄文時代]住居 [古墳時代]住居 [奈良時代]住居 [中世]地下式土坑","縄文土器 打斧 石鏃 石匙 石錐 凹石 耳飾 土製勾玉 石剣 岩版 土偶 弥生土器 土師器 須恵器 銭貨 陶磁器",139.5672118,35.63463074,"1"
1322700100,13227,"1","しょうじんばけいせき","精進バケ遺跡","羽村市 羽西一丁目 羽西二丁目","[縄文時代（中期）]","集落","","縄文土器 打斧 磨斧 石棒",139.299062,35.76848948,"1"
1322700200,13227,"2","はやしのうえいせき","林の上遺跡","羽村市 羽加美四丁目 羽中二丁目","[縄文時代（中期）]","包蔵地","","縄文土器 打斧 石鏃 石皿",139.3045895,35.76436658,"1"
1322700500,13227,"5","やまねさかうえいせき","山根坂上遺跡","羽村市 羽東二丁目","[縄文時代（中期～期）]","集落","[縄文時代]住居 集石土坑","縄文土器 打斧 磨斧 石鏃 石匙 土製円板 石製垂飾",139.3131593,35.7576718,"1"
1322700600,13227,"6","はけたうえいせき","羽ケ田上遺跡","羽村市 羽東一丁目 羽東三丁目","[縄文時代（中期～後期）]","集落","[縄文時代]住居 集石土坑 埋甕 配石","縄文土器 打斧 磨斧 礫器 石鏃 掻器 削器 石錐 石皿 磨石 凹石 敲石 砥石 石棒",139.3152879,35.7541613,"1"
1322700800,13227,"8","","羽村市№8遺跡","羽村市 川崎二丁目","[縄文時代（前期）]","包蔵地","","縄文土器",139.3188109,35.75217143,"1"
1322700900,13227,"9","","羽村市№9遺跡","羽村市 川崎二丁目","[縄文時代（中期）][古墳時代][奈良時代][平安時代]","包蔵地","","縄文土器 打斧 土師器",139.3204245,35.75052753,"1"
1322701000,13227,"10","てんのうだいいせき","天王台遺跡","羽村市 羽東","[縄文時代（中期）]","集落","[縄文時代]住居 集石土坑 土坑","縄文土器 石器",139.3100007,35.76104285,"1"
1322701100,13227,"11","はけしたいせき","羽ヶ下遺跡","羽村市 羽中一丁目","[縄文時代（中期）]","包蔵地","","縄文土器",139.3091424,35.76388445,"1"
1322900100,13229,"1","きたみやのわきいせき","北宮ノ脇遺跡","西東京市 北町五丁目","[旧石器時代][縄文時代(早期・中期)][近世]","集落","[旧石器時代]ブロック 礫群 [縄文時代]土坑 ピット 焼土跡 [近世]溝","石器 剥片 焼礫 縄文土器 陶磁器",139.5624,35.75549,"1"
1322900200,13229,"2","かみまえいせき","上前遺跡","西東京市 北町六丁目","[縄文時代]","包蔵地","","縄文土器 黒曜石",139.5605,35.75471,"1"
1322900300,13229,"3","なかあらやしきいせき","中荒屋敷遺跡","西東京市 下保谷三丁目","[旧石器時代][縄文時代(前期)][弥生時代]","包蔵地","[旧石器時代]ブロック","縄文土器 弥生土器 剥片",139.5646,35.75364,"1"
1322900700,13229,"7","したのやいせき","下野谷遺跡","西東京市 東伏見二丁目 東伏見三丁目 東伏見六丁目","[旧石器時代][縄文時代(早期～後期)][弥生時代（後期）][古墳時代][平安時代][近世]","集落","[旧石器時代]ブロック 礫群 炭化物集中 [縄文時代]住居跡 掘立柱建物跡 竪穴 炉穴 陥し穴 集石土坑 土坑 ピット ピット列 埋設土器 [近世]竪穴 溝 道路 集石 配石 柵列 土坑 硬化面 畑 ピット","石器 剥片 焼礫 縄文土器 土錘 土製円盤 垂飾 耳栓 炭化物 矢柄研磨器 砥石 陶磁器 土師質土器 瓦質土器 銭貨 煙管 須恵器 管状土錘 土鈴 刀子 釘 弥生土器 土師器",139.5611,35.7257,"1"
1322900800,13229,"8","さかしたいせき","坂下遺跡","西東京市 東伏見五丁目 柳沢二丁目","[旧石器時代][縄文時代(早期～中期)][平安時代][近世]","集落","[旧石器時代]礫群 ブロック 炭化物集中 土坑 [縄文時代]土坑 ピット [平安時代]住居跡 [近世]溝 土坑 ピット","石器 剥片 焼礫 縄文土器 粘土塊 土師器 須恵器 陶磁器 土師質土器 瓦質土器 銭貨 煙管 石臼",139.5576,35.72376,"1"
1322901000,13229,"10","ひがしふしみいなりじんじゃいせき","東伏見稲荷神社遺跡","西東京市 東伏見一丁目","[旧石器時代][縄文時代(中期)]","包蔵地","","尖頭器 縄文土器",139.5582,35.72677,"1"
1322901100,13229,"11","しもやぎさわいせき","下柳沢遺跡","西東京市 東伏見二丁目 東伏見三丁目","[旧石器時代][縄文時代(草創期～後期)][中世][近世]","集落・その他の墓","[旧石器時代]ブロック 礫群 [縄文時代]住居 土坑 ピット [中]井戸 地下式土坑 [近世]土坑 井戸 溝 水車 畑 水田","縄文土器 石器 剥片 焼礫 陶磁器 土師質土器 瓦質土器 茶臼 板碑 銭貨",139.5642,35.72665,"1"
1322901200,13229,"12","かみむこうだいきたいせき","上向台北遺跡","西東京市 南町三丁目","[縄文時代(早期)]","包蔵地","","縄文土器",139.5421,35.72595,"1"
1322901300,13229,"13","しもじゅくいせき","下宿遺跡","西東京市 南町五丁目","[縄文時代][平安時代]","包蔵地","","石鏃 土師器",139.5387,35.72626,"1"
1322901400,13229,"14","しもじゅくみなみいせき","下宿南遺跡","西東京市 南町五丁目","[縄文時代]","包蔵地","","石鏃",139.5369,35.72309,"1"
1322901500,13229,"15","かみむこうだいにしいせき","上向台西遺跡","西東京市 向台町三丁目","[縄文時代]","包蔵地","","石鏃",139.5377,35.72157,"1"
1322901600,13229,"16","たなしみなみちょういせき","田無南町遺跡","西東京市 南町五丁目","[旧石器時代][縄文時代(草創期～早期)][近世]","包蔵地","[旧石器時代]ブロック 礫群 [縄文時代]陥し穴 [近世]溝","ナイフ形石器 細石刃 掻器 削器 彫器 局部磨製石斧 敲石 磨石 縄文土器 打斧 石槍 石鏃 陶磁器 瓦 煙管 泥面子",139.5344,35.72371,"1"
1330300100,13303,"1","まつばらいせき","松原遺跡","瑞穂町 箱根ヶ崎","[旧石器時代][縄文時代（前期）]","包蔵地","[旧石器時代]礫群 [縄文時代]土坑","縄文土器 石鏃 石器 打製石斧",139.3442205,35.77458789,"1"
1330300200,13303,"2","さやまいせき","狭山遺跡","瑞穂町 箱根ヶ崎","[旧石器時代][縄文時代（前期～中期）][弥生時代][古墳時代][平安時代]","集落","［時代不明］住居跡 炉 土坑 溝状遺構 溝","ナイフ形石器 尖頭器 細石刃 細石刃核 掻器 削器 石錐 旧石器 縄文土器 打斧 磨斧 有茎尖頭器 石鏃 石皿 磨石 凹石 敲石 土製円板 石器 弥生土器 土師器 須恵器 陶磁器 ガラス製品 金属製品 銭貨",139.3498167,35.77550709,"1"
1330300300,13303,"3","せんげんやついせき","浅間谷遺跡","瑞穂町 箱根ヶ崎","[旧石器時代][縄文時代（早期・中期～後期）]［弥生時代］","包蔵地","[縄文時代]炉","尖頭器 細石刃核 掻器 縄文",139.3540739,35.776287,"1"
1330300400,13303,"4","","瑞穂町№4遺跡","瑞穂町 石畑","[縄文時代]","包蔵地","","縄文土器",139.3563055,35.77550709,"1"
1330300500,13303,"5","","瑞穂町№5遺跡","瑞穂町 石畑","[縄文時代（早期～前期）]","包蔵地","","縄文土器 打製石器",139.3568811,35.77251852,"1"
1330300600,13303,"6","","瑞穂町№6遺跡","瑞穂町 石畑","[縄文時代（中期）]","包蔵地","","縄文土器",139.3631033,35.77584134,"1"
1330300700,13303,"7","","瑞穂町№7遺跡","瑞穂町 石畑","[縄文時代（早期～前期）]","包蔵地","","縄文土器",139.3581251,35.77199737,"1"
1330300800,13303,"8","","瑞穂町№8遺跡","瑞穂町 石畑","[縄文時代（早期～前期）]","包蔵地","","縄文土器",139.3597902,35.77082322,"1"
1330300900,13303,"9","ろくどうやまいせき","六道山遺跡","瑞穂町 石畑","[旧石器時代][縄文時代（早期～中期）]","集落","[縄文時代]炉穴群 土坑","尖頭器 縄文土器 打斧 磨斧 礫器 掻器 削器 石錐 石皿 磨石 有孔石器 有孔土製円板",139.3661932,35.77542352,"1"
1330301000,13303,"10","ろくどうやませいほくいせき","六道山西北遺跡","瑞穂町 石畑","[縄文時代（前期）]","包蔵地","","縄文土器",139.3634466,35.77762398,"1"
1330301200,13303,"12","みねたいせき","峰田遺跡","瑞穂町 殿ヶ谷","[縄文時代（中期）]","包蔵地","","縄文土器 石器",139.3620514,35.77046311,"1"
1330301400,13303,"14","","瑞穂町№14遺跡","瑞穂町 石畑","[縄文時代（中期）]","包蔵地","","縄文土器",139.3625933,35.76994806,"1"
1330301500,13303,"15","","瑞穂町№15遺跡","瑞穂町 殿ヶ谷","[縄文時代（中期）][古墳時代][奈良時代]","包蔵地","土坑","縄文土器 土師器 陶器 石皿",139.363253,35.76779775,"1"
1330301900,13303,"19","","瑞穂町№19遺跡","瑞穂町 石畑","[縄文時代（中期）]","包蔵地","","縄文土器 打斧 石鏃 石皿 磨石",139.3614946,35.77596477,"1"
1330302100,13303,"21","いしはたさやまみねいせき","石畑狭山嶺遺跡","瑞穂町 石畑","[縄文時代（前期～中期）][奈良時代][平安時代][近世]","包蔵地","[縄文時代]集石 土坑","縄文土器 打斧 礫器 石槍 石鏃 掻器 ピエス・エスキーユ トランシェ様石器 石皿 磨石 凹石 敲石 須恵器 陶磁器 素焼土器 擂鉢 砥石",139.3649965,35.77744102,"1"
1330302200,13303,"22","たきたひがしいせき","滝田東遺跡","瑞穂町 殿ヶ谷","[縄文時代（中期）][奈良時代]","集落","[縄文時代]住居 配石炉 [奈]住居","縄文土器 石斧 土師器 須恵器",139.3629307,35.77104957,"1"
