"JASID","自治体コード","遺跡番号","ふりがな","遺跡名","所在地","時代","種別","主な遺構/概要","主な出土品","経度","緯度","弥生時代"
1310100300,13101,"3","","千代田区№3遺跡","千代田区 千代田","[弥生時代]","包蔵地","","弥生土器",139.7568012,35.6844541,"1"
1310100800,13101,"8","うしがふちかいづか","牛ヶ淵貝塚","千代田区 九段南一丁目","[縄文時代（中期）][弥生時代][古墳時代][奈良時代][平安時代]","貝塚","","縄文土器　弥生土器　土師器",139.7510672,35.69479204,"1"
1310100900,13101,"9","くだんざかうえかいづか","九段坂上貝塚","千代田区 九段北一丁目","[縄文時代（中期）][弥生時代][平安時代]","貝塚","[弥生時代]V字溝　住居","縄文土器　弥生土器　土師器　須恵器",139.7491794,35.69628581,"1"
1310101000,13101,"10","ながたちょうにちょうめいせき","永田町二丁目遺跡","千代田区 永田町二丁目","[縄文時代（後期）][弥生時代（中期）][近世]","包蔵地・集落・貝塚・屋敷","[弥生時代]住居跡　土坑　環壕　溝　[近世]土坑　井戸　溝　建物址","石器　弥生土器　陶磁器類　金属　木製品　瓦",139.7438231,35.67281761,"1"
1310102200,13101,"22","とうきょうこくりつきんだいびじゅつかんいせき","東京国立近代美術館遺跡","千代田区 北の丸公園","[旧石器時代][縄文時代（早期～後期）][弥生時代][古墳時代][中世][近世]","集落・城館","[旧石器時代]礫群　[縄文時代][弥生時代][古墳時代]住居　[中世]井戸　土坑群　地下式土坑　溝状遺構　堀　[近世]井戸　石組遺構","縄文土器　弥生土器　土製勾玉　土師器　須恵器　砥石　土錘　石製<U+9299>帯　石製模造品　陶磁器　カワラケ　瓦　鉄鏃　板碑　ガラス製品　焼塩壺　銭貨",139.754735,35.69037522,"1"
1310104100,13101,"41","ひらかわちょういせき","平河町遺跡","千代田区 平河町二丁目","[縄文時代][弥生時代][古墳時代][中世][近世]","包蔵地","[中世]地下式土坑","陶磁器",139.7401839,35.67928786,"1"
1310104200,13101,"42","きおいちょういせき","紀尾井町遺跡","千代田区 紀尾井町","[旧石器時代][縄文時代（早期・中期～後期）][弥生時代（後期）][中世][近世][近代]","包蔵地・集落・屋敷","土坑　盛土　土手　石組溝　土坑　埋桶　柱穴　石垣遺構（紀州和歌山藩屋敷関係）　石垣　溝","縄文土器　弥生土器　陶磁器　瓦　金属製品　泥人形　間知石　石製品",139.7371627,35.68084957,"1"
1310104500,13101,"45","ひらかわちょう1-4いせき","平河町1-4遺跡","千代田区 平河町一丁目","[弥生時代（後期）][近世]","集落・町人地跡","[弥生時代]住居　[近世]土坑","弥生土器　陶磁器　獣骨",139.7386046,35.68238336,"1"
1310104900,13101,"49","いちばんちょういせき","一番町遺跡","千代田区 一番町","[縄文時代][弥生時代][近世]","武家屋敷","[縄文時代]土坑　[弥生時代]方形周溝墓　[近世]建物　土坑　地下室　井戸","縄文土器　弥生土器　陶磁器　瓦　金属製品",139.739685,35.68690979,"1"
1310105600,13101,"56","さんばんちょういせき","三番町遺跡","千代田区 三番町","[縄文時代（前期・後期）][弥生時代（後期）][近世][近代]","集落・貝塚・屋敷","[縄文時代]貝塚　ピット　住居址　[弥生時代]ピット　住居址　[近世]土坑　溝　地下室　井戸　建物跡","縄文土器　石器（縄文）　耳飾り　弥生土器　石器（弥生）　陶磁器　瓦（近世）　石製品　金属製品（近世）",139.7464141,35.69089728,"1"
1310107100,13101,"71","","千代田区№71遺跡","千代田区 千代田","[縄文時代（前期・中期・後期）][弥生時代（後期）][平安時代]","包蔵地","","縄文土器　石器　土錘　土製品　弥生土器　土師器　須恵器",139.7500377,35.68272514,"1"
1310107800,13101,"78","ふじみにちょうめいせき","富士見二丁目遺跡","千代田区 富士見二丁目","[弥生時代（後期）][近世]","集落・屋敷","[弥生時代]住居址　[近世]土坑　溝","弥生土器　陶磁器類",139.7449565,35.70079368,"1"
1310300200,13103,"2","","港区№2遺跡","港区 南青山二丁目","[縄文時代][弥生時代]","包蔵地・貝塚","","縄文土器　石鏃　弥生土器",139.722030334834,35.6649489548031,"1"
1310300500,13103,"5","とうぐうごしょないいせき","東宮御所内遺跡","港区 元赤坂二丁目","[縄文時代][弥生時代]","包蔵地","","縄文土器　弥生土器　土錘",139.727523498897,35.6774997880564,"1"
1310302700,13103,"27","","港区№27遺跡","港区 芝公園四丁目","[弥生時代]","包蔵地","","弥生土器",139.747398697658,35.657847366111,"1"
1310302900,13103,"29","こうようかんないかいづかいせき","紅葉館内貝塚遺跡","港区 芝公園四丁目","[縄文時代][弥生時代][古墳時代]","集落・貝塚","住居跡","縄文土器　磨斧　石鏃",139.745424591496,35.6586563287107,"1"
1310303700,13103,"37","","港区№37遺跡","港区 六本木六丁目","[弥生時代]","包蔵地","","",139.73167995937,35.6576536767863,"1"
1310305600,13103,"56","かめづかこうえんいせき","亀塚公園遺跡","港区 三田四丁目","[弥生時代（中期～後期）]","集落","土坑","弥生土器",139.740589186733,35.6432164644942,"1"
1310306000,13103,"60","いさらごかいづかいせき","伊皿子貝塚遺跡","港区 三田四丁目","[縄文時代（後期）][弥生時代][古墳時代][平安時代][近世]","集落・貝塚・社寺","[縄文時代]住居　土坑　[弥生時代]方形周溝墓　[古墳時代]住居　[平安時代]住居 [近世]礎石　溝状遺構　石垣","縄文土器　弥生土器　土師器　土製品　石製品　貝製品　牛骨　魚骨　陶磁器",139.739954039508,35.6415005633308,"1"
1310306900,13103,"69","","港区№69遺跡","港区 白金台五丁目","[旧石器時代][縄文時代][弥生時代][近世]","武家屋敷","[近世]建物　礎石　土坑　地下室　ピット群　土坑　井戸　溝　溝状遺構　土壙墓　石組","石器　縄文土器　弥生土器　陶磁器　土器　土製品　瓦　石製品　金属製品　木製品　ガラス製品　骨製品　玩具　銭貨　動植物遺体",139.719772,35.639008,"1"
1310307400,13103,"74","がんぎざかうえいせき","雁木坂上遺跡","港区 麻布台一丁目","[弥生時代]","集落","[弥生時代]住居","弥生土器",139.740219,35.661404,"1"
1310307500,13103,"75","みただいまちいせき","三田台町遺跡","港区 三田四丁目","[旧石器時代][縄文時代][弥生時代][古墳時代][奈良時代][平安時代]","集落","[弥生時代]?　住居　[古墳時代]住居","石器　縄文土器　弥生土器　土師器　須恵器",139.739112898499,35.6418772286788,"1"
1310309900,13103,"99","むつはちのへはんなんぶけやしきあとかそういせき","陸奥八戸藩南部家屋敷跡下層遺跡","港区 六本木一丁目","[縄文時代（前期～中期）][弥生時代][古墳時代]","集落","[弥生時代]住居　溝","縄文土器　けつ状耳飾　弥生土器　土師器",139.740760847128,35.6631767884883,"1"
1310310000,13103,"100","","港区№100遺跡","港区 虎ノ門四丁目","[縄文時代（前期～後期）][弥生時代][古墳時代][奈良時代][平安時代]","包蔵地","","縄文土器　打斧　磨斧　磨石　弥生土器　土師器　須恵器",139.74316410706,35.665059580064,"1"
1310315600,13103,"156","いわみつわのはんかめいけやしきあといせき","石見津和野藩亀井家屋敷跡遺跡","港区 南麻布四丁目","[縄文時代][弥生時代][古墳時代][奈良時代][平安時代][中世][近世]","包蔵地・墳墓・屋敷","土坑　礎石　道路状遺構　大型方形区画　井戸　墳墓","[縄文時代]土器　[中世]陶器　[江]陶磁器　土器　瓦",139.727182432146,35.650498164979,"1"
1310315900,13103,"159","みょうげんいんあといせき","妙玄院跡遺跡","港区 高輪三丁目","[弥生時代（後期）][古墳時代][近世]","社寺・集落","土坑　住居跡","[弥生時代]～[古墳時代]土器　[近世]陶磁器　土器　瓦",139.730838820653,35.6315950525258,"1"
1310400100,13104,"1","くずがやごりょうじんじゃいせき","葛ヶ谷御霊神社遺跡","新宿区 西落合二丁目","[縄文時代][弥生時代（後期）]","包蔵地","","土器　石器",139.6763314,35.72162653,"1"
1310400200,13104,"2","おちあいいせき","落合遺跡","新宿区 中落合四丁目　 中井一丁目　 中井二丁目","[旧石器時代][縄文時代（早期?後期）][弥生時代（後期）][古墳時代][奈良時代][平安時代][近世]","包蔵地・集落・屋敷","[旧石器時代]礫群　[縄文時代]竪穴住居　土坑　炉跡　集石　土器焼成坑　ピット　[弥生時代]竪穴住居　掘立柱建物跡　方形周溝墓　[古墳時代]住居　[奈良時代][平安時代]掘立柱建物　竪穴住居跡　土坑　[近世]杭列　焼土　溝状遺構　ピット　[時期不明]建物　住居　ピット　溝","石器　ナイフ形石器　石核　剥片　砕片　縄文土器　打斧　石槍　石鏃　石核　弥生土器　石包丁　土師器　須恵器　鉄製品　陶磁器　刀子　砥石　坏",139.6805457,35.71627471,"1"
1310401000,13104,"10","とやまがはらうえのだいいせき","戸山ヶ原上ノ台遺跡","新宿区 百人町四丁目　 北新宿四丁目","[旧石器時代][縄文時代（中期?後期）][弥生時代（後期）][古墳時代][奈良時代][平安時代]","包蔵地・集落","[旧石器時代]集中地点　[縄文時代]竪穴住居跡　土坑　炉穴　集石　ピット　[古墳時代]竪穴住居跡　住居跡　ピット　[近世]土坑　ピット","ナイフ形石器　角錐状石器　リタッチドフレイク　フレイク　チップ　縄文土器　土偶　土製垂飾品　石器　弥生土器　土師器　　灰釉陶器　鉄器　陶磁器類　煙草吸口　銭貨　笄　ガラス瓶類",139.6947029,35.70849936,"1"
1310401700,13104,"17","いちがやさどはらちょうさんちょうめいせき","市谷砂土原町三丁目遺跡","新宿区 市谷砂土原町三丁目","[縄文時代（前期、中期、後期）][弥生時代（後期）][古墳時代][奈良時代][近世]","包蔵地・集落・屋敷","[近世]ごみ穴 土坑 土取穴 地下室 井戸 植栽痕 溝状遺構 小穴 建物跡 採土坑 井戸跡 厠跡 貝類集中部 石列","磁器 陶器 せっ器 土器 瓦 土製品 金属製品 木製品 骨角製品 ガラス製品 石製品",139.7368646,35.69725793,"1"
1310401800,13104,"18","うしごめじょうあといせき","牛込城跡","新宿区 袋町 北町 中町 若宮町","[縄文時代][弥生時代（後期）][古墳時代][中世][近世]","集落・城館・屋敷・その他の墓","[弥生時代]住居跡 [近世]地下室 土坑 井戸 甕埋納遺構 小穴 大型土坑 墓 植栽痕 溝状遺構 礎石","磁器 陶器 せっ器 土器 瓦 土製品 金属製品 石製品 貝類 骨角製品 ガラス製品",139.7380147,35.70067335,"1"
1310403500,13104,"35","みょうしょうじがわ??1いせき","妙正寺川No.1遺跡","新宿区 西落合二丁目","[旧石器時代][縄文時代（早期?後期）][弥生時代（後期）][古墳時代][奈良時代][平安時代][中世][近世]","包蔵地","[旧石器時代]礫群　[縄文時代]土坑　[近世]水田址　井戸状遺構","材　縄文土器　石器　木製品　弥生土器　陶器　磁器　埴輪　土製品　石製品　金属製品　土師器",139.6748036,35.72067884,"1"
1310404300,13104,"43","ひゃくにんちょうさんちょうめいせき","百人町三丁目遺跡","新宿区 百人町二丁目 百人町三丁目 百人町四丁目 大久保三丁目","[旧石器時代][縄文時代（早期・中期～後期）][弥生時代（後期）][古墳時代][奈良時代][平安時代][近世]","包蔵地・屋敷","[旧石器時代]土坑 [縄文時代]土坑 [奈良時代]ピット [近世]溝 土坑 焼土集中地点 半地下室 土坑 井戸 小穴 溝状遺構 地下室 柱穴 杭穴 胞衣理納遺構・礎石建物跡","石器 礫 縄文土器 石器 弥生土器 土師器 国分寺瓦片 磁器 陶器 土師質土器 金属製品 石製品 動物遺存体 せっ器 近世土器 瓦 土製品 木製品 石製品 自然遺物 ガラス製品 植木鉢 土製品 骨角製品 火縄銃の弾 美濃系陶器志野 内耳付焙烙",139.7008827,35.7061576,"1"
1310404900,13104,"49","しもとつかいせき","下戸塚遺跡","新宿区 西早稲田一丁目　 西早稲田三丁目","[旧石器時代][縄文時代（草創期?後期）][弥生時代（後期）][古墳時代][奈良時代][平安時代][中世][近世]","包蔵地・集落・屋敷","[旧石器時代]石器ブロック　礫群　[縄文時代]土坑　集石遺構　土坑　炉穴　陥坑　[弥生時代]竪穴式住居　環壕　方形周溝墓　土坑　[古墳時代]竪穴式住居跡　土坑　方形周溝墓　円墳　[奈良時代]竪穴式住居　土坑　掘立柱建物跡　溝　[中世]掘立柱建物跡　柵列　井戸　地下式坑　土坑　溝　方形周溝状区画溝　[近世]建物跡　柵列　地下室　井戸　土坑　溝状遺構　竪穴状遺構　畝状遺構　ピット","剥片　礫　縄文土器　石器　弥生土器　ガラス製小玉　青銅製品　土製勾玉　蓑玉　炭化米　金属製品　石製有孔円板　滑石製管玉　石製品　鉄製品　ガラス製品　ベンガラ塊　土師器　須恵器　灰釉　緑釉陶器　砥石　土製品　鉄器　墨書土器　磁器　陶器　瓦器　中世土器　埋納銭貨　青磁　土製品　瓦　木製品　近世土器",139.7169465,35.71088671,"1"
1310405200,13104,"52","とやまいせき","戸山遺跡","新宿区 戸山一丁目","[縄文時代（早期?後期）][弥生時代（後期）][奈良時代]","集落","[縄文時代]炉穴　[弥生時代]住居跡　[奈良時代]住居跡　[近世]井戸　杭列","縄文土器　石器　弥生土器　ガラス小玉　土製品　土器　磁器　陶器　近世土器　瓦　銭貨",139.7167062,35.70472568,"1"
1310406000,13104,"60","あなはちまんじんじゃいせき","穴八幡神社遺跡","新宿区 西早稲田一丁目　 西早稲田二丁目","[旧石器時代][縄文時代（早期?中期）][弥生時代（後期）][近世]","包蔵地・集落・社寺","[縄文時代]礫群　[弥生時代]住居跡","石器　縄文土器　石器　礫　弥生土器　石鏃　棗玉　転用硯　磁器　陶器　銭貨",139.7176675,35.70731839,"1"
1310406500,13104,"65","たかだのばばさんちょうめいせき","高田馬場三丁目遺跡","新宿区 高田馬場三丁目","[旧石器時代][縄文時代（早期?後期）][弥生時代（後期）][古墳時代][奈良時代]","包蔵地・集落","[弥生時代]竪穴住居　竪穴住居跡　[古墳時代]竪穴住居跡　[近世]溝　[時期不明]土坑","剥片　砕片　縄文土器　石器　小銅鐸　管状銅製品　ガラス小玉　土師器　鉄製品　青銅製品",139.6956862,35.7132084,"1"
1310406600,13104,"66","みなみちょういせき","南町遺跡","新宿区 南町 中町 北町 箪笥町","[縄文時代][弥生時代（後期）][古墳時代][近世]","集落・屋敷","[縄文時代]陥し穴 [弥生時代]竪穴住居跡 小穴 [古墳時代]竪穴住居跡 [近世]溝 地割溝 溝状遺構 井戸 地下室 半地下室 礎石 胞衣処理埋納遺構 土坑 小穴 柱穴 生垣 建物跡 段切状遺構","縄文土器 弥生土器 ガラス小玉 炭化米 種子 磁器 陶器 せっ器 近世土器 瓦 土製品 金属製品（銭貨含む） 木製品 骨角製品 ガラス製品 石製品",139.736599,35.69930264,"1"
1310406800,13104,"68","きたしんじゅくさんちょうめいせき","北新宿三丁目遺跡","新宿区 北新宿三丁目","[旧石器時代][縄文時代（前期?中期）][弥生時代（後期）][古墳時代][中世][近世]","包蔵地・集落","[弥生時代]竪穴住居跡　[古墳時代]竪穴住居跡　[中世]地下式壙　土坑　小穴　[近世]地下室　土坑　柱穴　溝","石器　尖頭器　石核　剥片　縄文土器　弥生土器　ガラス小玉　炭化米　古墳土器　ガラス小玉　磁器　陶器　せっ器　近世土器　瓦　金属製品",139.689965,35.70440123,"1"
1310407300,13104,"73","つくどはちまんちょういせき","筑土八幡町遺跡","新宿区 筑土八幡町　 白銀町","[縄文時代（早期?晩期）][弥生時代（後期）][古墳時代][奈良時代][平安時代][中世][近世]","包蔵地・屋敷","[中世]井戸　土坑　[近世]建物跡　井戸　地下室状遺構　ごみ穴　溝状遺構　杭列　土坑　小穴　柱穴　井戸状遺構　桶埋設遺構　礎石　柱穴列　井戸跡　埋桶　胞衣皿埋納遺構　粘土採掘坑　[江戸時代以前]住居跡　溝状遺構　土坑","縄文土器　石器　弥生土器　土師器　須恵器　板碑　磁器　陶器　?b器　近世土器　瓦　土製品　金属製品　木製品　骨角製品　ガラス製品　石製品　中世陶磁器",139.739444,35.70358792,"1"
1310407900,13104,"79","ひゃくにんちょうさんちょうめにしいせき","百人町三丁目西遺跡","新宿区 百人町三丁目 北新宿四丁目","[旧石器時代][縄文時代（草創期～後期）][弥生時代（後期）][古墳時代][奈良時代][平安時代][近世]","包蔵地・集落","[旧石器時代]土坑 炉穴 土坑 石器・礫集中 [縄文時代]土坑 陥し穴 ピット [古墳時代]住居跡 井戸 土坑 ピット 掘立柱建物跡 土師器焼成坑 [平安時代]住居跡 土師器焼成坑 掘立柱建物跡 [古墳時代]～[中世]住居跡・土坑 ピット [近世]畝跡 井戸 土坑 溝 ピット [弥生時代]～[古墳時代]住居跡","礫 石器 縄文土器 弥生土器 土製品 石製品（砥石） ガラス小玉 土師器 須恵器 古墳土器 土師器 土製品（支脚） 鉄製品（刀子・鏃・鉄錐等） 墨書土器 灰釉陶器 磁器 陶器 近世土器 ?器 金属製品 土製品 土器（台付甕・台付甕小・甕・壷・高杯）",139.6947029,35.70590669,"1"
1310408000,13104,"80","にしわせださんちょうめいせき","西早稲田三丁目遺跡","新宿区 西早稲田三丁目 高田馬場二丁目","[旧石器時代][縄文時代（早期～後期）][弥生時代（後期）][古墳時代][近世]","包蔵地・集落・屋敷","[旧石器時代]石器ブロック 礫群 [縄文時代]集石 集石土坑 住居跡 [弥生時代]竪穴住居跡 [弥生時代][古墳時代]住居跡 掘立柱建物跡 方形周溝墓 溝状遺構 土坑 [古墳時代]住居跡 掘立柱建物跡 土坑 竪穴式住居跡 [近世]地下室 溝状遺構 土坑","石器 礫 縄文土器 弥生土器 ガラス製品 壷棺 鉄釧 土師器 須恵器 土製品 石製品 鉄製品 古墳土器 磁器 陶器 金属製品 骨製品 木製品 せっ器 近世土器",139.7115907,35.71294957,"1"
1310408500,13104,"85","おわりとくがわけしもやしきあといせき","尾張徳川家下屋敷跡","新宿区 戸山一丁目　 戸山二丁目　 戸山三丁目","[旧石器時代][縄文時代（早期?後期）][弥生時代（後期）][古墳時代][奈良時代][平安時代][近世]","包蔵地・屋敷","[弥生時代]?[平安時代]畦畔状遺構　木道状遺構　流路跡　[中世][近世]水田跡　丸木橋状遺構　[近世]石組遺構　「御泉水」の土手　溝","石器　縄文土器　土器　須恵器　土師器　磁器　陶器　金属製品　銭貨等　磁器　陶器　金属製品　銭貨　木製品　煙管　板状部材　せっ器　近世土器　瓦",139.7134789,35.7040287,"1"
1310409800,13104,"98","にしわせだいっちょうめいせき","西早稲田一丁目遺跡","新宿区 西早稲田一丁目","[縄文時代][弥生時代（後期）][近世]","包蔵地","","",139.7185258,35.70982738,"1"
1310410100,13104,"101","ぎょうがんじあと","行元寺跡","新宿区 神楽坂五丁目","[旧石器時代][縄文時代（早期?後期）][弥生時代（後期）][古墳時代][平安時代][中世][近世]","包蔵地・社寺","[旧石器時代]礫群　[縄文時代]遺物集中部　[古墳時代]竪穴住居跡　[平安時代]竪穴住居跡　[中世]地点貝塚　[中世][近世]土壙墓　板碑集中壙　方形区画溝・溝状遺構　建物跡　竹樋　地下室・室状遺構　井戸・井戸状遺構　水溜状遺構　池跡?　ごみ穴　方形土坑　石列　埋桶　埋甕　胞衣埋納遺構　胎児埋葬遺構　イヌ埋葬遺構","石器　礫　縄文土器　石器　弥生土器　土師器　須恵器　磁器　陶器　せっ器　土器　瓦　土製品　金属製品　木製品　骨角製品　ガラス製品　石製品（板碑等）",139.7391693,35.70264002,"1"
1310410700,13104,"107","きたしんじゅくにちょうめいせき","北新宿二丁目遺跡","新宿区 北新宿一丁目 北新宿二丁目","[旧石器時代][縄文時代（早期～後期）][弥生時代（後期）][古墳時代]","包蔵地・集落","[旧石器時代]礫群 石器集中部 [縄文時代]炉穴 埋甕 土坑 竪穴住居跡 柱穴 根穴 [弥生時代]竪穴住居跡 炉穴 柱穴 土坑 方形周溝墓 溝跡 住居跡 [弥生～古墳時代]竪穴住居跡 掘立柱建物跡 [古墳時代]竪穴住居跡 [近世]柱穴","ナイフ形石器 石核 剥片 石器 自然遺物 縄文土器 石器 弥生土器 土製品 石製品（砥石） 銅製品（銅釧） 土師器 磁器 陶器 ?器 土器 瓦 金属製品 ガラス玉 銭貨",139.6900837,35.70114116,"1"
1310413800,13104,"138","しろがねちょうにしいせき","白銀町西遺跡","新宿区 白銀町 赤城元町","[縄文時代][弥生時代（後期）][古墳時代][奈良時代][中世][近世]","集落・屋敷","[弥生時代]～[古墳時代]住居跡 溝状遺構 方形周溝墓 土坑 [奈良時代]住居跡 [近世]地下室 土坑 井戸 溝 柱穴 甕棺 蔵骨器","弥生土器 土師器 須恵器 磁器 陶器 ?器 近世土器 瓦 土製品 金属製品 骨角製品 石製品 古墳土器",139.7374699,35.70457764,"1"
1310415200,13104,"152","たかだのばばさんちょうめみなみいせき","高田馬場三丁目南遺跡","新宿区 高田馬場三丁目","[弥生時代（後期）][近世]","包蔵地・集落","[弥生時代]竪穴住居　[不明]土坑　[近世]溝","弥生土器",139.6955489,35.71175883,"1"
1310415800,13104,"158","しもおちあいにちょうめいせき","下落合二丁目遺跡","新宿区 下落合二丁目","[旧石器時代][縄文時代][弥生時代][古墳時代]","包蔵地","","",139.7039383,35.71780997,"1"
1310500900,13105,"9","きたのじんじゃいせき","北野神社遺跡","文京区 春日一丁目","[弥生時代][近世]","包蔵地","","墓石　陶磁器類",139.74685,35.70742747,"1"
1310501000,13105,"10","かすがにちょうめいせき","春日二丁目遺跡","文京区 春日二丁目","[弥生時代][近世]","包蔵地・屋敷","[近世]地下室　土坑","弥生土器　近世陶磁器",139.7415629,35.71266837,"1"
1310501100,13105,"11","でんづういんうらかいづか","伝通院裏貝塚","文京区 小石川三丁目","[縄文時代][弥生時代][古墳時代][近世]","包蔵地・集落・貝塚?・社寺・屋敷","[弥生時代]?[古墳時代]堅穴住居跡　土坑　ピット　[近世]地下室　土坑　井戸　溝　焼土集中部　小穴","（縄文?古代）土器　（古墳）土師器　（近世）陶磁器・?b器・土器・土製品・瓦・木製品",139.7466784,35.71247324,"1"
1310501400,13105,"14","どうざかいせき","動坂遺跡","文京区 本駒込三丁目　本駒込四丁目","[旧石器時代][縄文時代（中期?晩期）][弥生時代][近世]","包蔵地・集落・貝塚・屋敷","[縄文時代]貝塚　堅穴住居跡　集石跡　土坑　溝　[近世]地下室　溝　柱穴","（縄文）土器・石器（打製石器・磨製石器・石鏃・石皿・）　（弥生）土器　（近世）陶磁器・土器・瓦・金属製品・土製品・石製品など",139.7560854,35.72972681,"1"
1310501600,13105,"16","かみふじまえちょういせき","上富士前町遺跡","文京区 本駒込五丁目　本駒込六丁目","[縄文時代][弥生時代][古墳時代][奈良時代][平安時代][近世]","包蔵地・集落","[縄文時代]陥穴　[弥生時代]竪穴住居跡　[古墳時代]?[古代]住居跡　[近世]植物痕　土坑　地下室　井戸","縄文土器　弥生土器　瓦　金属器　近世陶磁器",139.7500408,35.73322968,"1"
1310501800,13105,"18","さすがやちょういせき","指ヶ谷町遺跡","文京区 白山二丁目","[縄文時代][弥生時代][近世]","包蔵地・屋敷","[近世]地下坑　地下室　井戸　土坑","磨製石斧　（縄文?弥生）土器　（近世）磁器・陶器・土器・陶磁器",139.7501116,35.71754657,"1"
1310502500,13105,"25","せんだぎかいづか","千駄木貝塚","文京区 千駄木一丁目","[旧石器時代][縄文時代][弥生時代（後期）][近世]","集落・貝塚・その他の墓・屋敷","[縄文時代]炉　土坑　住居　集石　炉　廃屋跡　[弥生時代]住居","（縄文）土器・石器・石製品・人骨　（弥生）土器　（近）陶磁器",139.758987,35.722748,"1"
1310502600,13105,"26","はやしちょういせき","林町遺跡","文京区 千石二丁目","[旧石器時代][縄文時代（中期）][弥生時代][奈良時代][近世]","包蔵地・集落・屋敷","[縄文時代]炉穴 土坑 ピット　[近世]地下室 地下坑 井戸 溝状遺構 土坑 植栽痕 柱穴ピット","（旧石器）石器（剥片）（縄文）縄文土器・石器　（弥生）弥生土器　（近世）陶磁器類・?b器・土器・土製品・木製品・金属製品・石製品",139.7412882,35.72300979,"1"
1310502800,13105,"28","やよいちょういせきぐん","弥生町遺跡群","文京区 弥生二丁目　根津一丁目","[縄文時代][弥生時代][近世]","貝塚","","",139.7641535,35.71590195,"1"
1310502801,13105,"28-101","やよいちょうかいづか","弥生町貝塚","文京区 弥生二丁目","[縄文時代][弥生時代]","貝塚","","縄文土器　打斧　磨斧　石鏃　土製耳飾　石棒　弥生土器",139.7618189,35.7184943,"1"
1310502803,13105,"28-103","やよいにちょうめいせき","弥生二丁目遺跡","文京区 弥生二丁目","[縄文時代（早期?晩期）][弥生時代][近世]","貝塚","※一部、国指定史跡弥生二丁目遺跡となっています。 [弥生時代]溝","縄文土器　弥生土器　燈明皿　砥石　灼骨",139.7645655,35.7167382,"1"
1310502804,13105,"28-104","","文京区№28-D遺跡","文京区 弥生二丁目","[弥生時代]","包蔵地","","弥生土器",139.7656641,35.71489844,"1"
1310503200,13105,"32","ほんごうもとまちきたいせき","本郷元町北遺跡","文京区 本郷一丁目","[縄文時代][弥生時代（中期）][近世]","包蔵地・集落・屋敷","","縄文土器",139.7560854,35.70383111,"1"
1310503300,13105,"33","ゆみちょういせき","弓町遺跡","文京区 本郷一丁目","[旧石器時代][縄文時代][弥生時代（後期）][奈良時代][平安時代][中世][近世]","包蔵地・集落・屋敷","[奈良時代]堅穴住居　[近世]地下室　井戸　土坑","縄文土器・敲石　土器・陶磁器・金属器　（奈良）土師器・須恵器　（近世）陶磁器・土器",139.7564631,35.70617294,"1"
1310504700,13105,"47","ほんごうだいいせきぐん","本郷台遺跡群","文京区 本郷五丁目　本郷七丁目　弥生二丁目","[旧石器時代][縄文時代][弥生時代][古墳時代][平安時代][近世]","包蔵地・集落・貝塚・その他の墓・社寺・屋敷・その他（町屋）","[旧石器時代]石器ブロック　礫群　[縄文時代]遺物集中部　陥穴　[古墳時代]住居跡　[平安時代]住居跡　井戸　[近（近世）]地下式坑　建物跡　組石遺構　土坑　溝　庭園址　井戸　道路状遺構など","（旧石器）ナイフ形石器・石核・剥片・石屑　砕片　（縄文）土器・石器　（弥生）土器　（古墳）土師器・土製品・須恵器　（奈良）土師器・須恵器　（平安）土師器・須恵器・灰釉陶器・緑釉陶器・土錘　（近世）陶磁器・土器・瓦・土製品・石製品・金属製品・古銭・骨角製品・動物遺存体・?b器・瓦器・ガラス製品・木製品",139.7634819,35.71205684,"1"
1310504800,13105,"48","かすがちょう（こいしかわこうらくえん）いせき","春日町（小石川後楽園）遺跡","文京区 後楽一丁目　 春日一丁目","[旧石器時代][縄文時代][弥生時代][平安時代][近世]","包蔵地・集落・屋敷","井戸　道路　木樋　柱穴　上水道　土坑　屋敷跡","縄文土器　石器　弥生土器　土師器　須恵器　近世陶磁器類",139.7507982,35.70558749,"1"
1310505000,13105,"50","","文京区№50遺跡","文京区 春日一丁目","[旧石器時代][弥生時代（後期）][近世]","包蔵地・屋敷・その他（町屋）","[近世]井戸跡　地下室　土坑　ピット　胞衣皿埋納遺構　植栽痕　井戸","（旧石器）石器　（弥生）土器　（近世）陶磁器・土器・瓦・金属製品など",139.7468157,35.70915589,"1"
1310505100,13105,"51","まさごちょう（まさご）いせき","真砂町（真砂）遺跡","文京区 本郷四丁目","[旧石器時代][縄文時代（早期?後期）][弥生時代][古墳時代][奈良時代][平安時代][中世][近世]","集落・屋敷","[縄文時代]炉穴　[奈良平安時代]住居跡　柱穴　土坑　[近世]上水道　井戸　地下室","縄文土器　土師器　須恵器　陶磁器類",139.7560167,35.70843107,"1"
1310507300,13105,"73","こひなただいまちみなみいせき","小日向台町南遺跡","文京区 小日向一丁目","[旧石器時代][縄文時代][弥生時代][奈良時代][中世][近世]","包蔵地・集落・屋敷","[縄文時代]陥穴　[弥生時代]竪穴住居跡　[奈良時代]竪穴住居跡　[中世]井戸 土坑墓　[近世]地下室 井戸","(旧石器)石器　(縄文)土器　(弥生)土器　(奈良)土師器 須恵器　(近世)陶磁器 土器",139.7361727,35.71261262,"1"
1310507400,13105,"74","たつおかちょういせき","龍岡町遺跡","文京区 湯島四丁目　本郷七丁目","[縄文時代（前期・後期）][弥生時代][平安時代][近世]","集落・屋敷","[平安時代]住居　[近世]土坑　地下室　井戸","縄文土器　弥生土器　土師器　須恵器　陶磁器　土器　瓦　土錘",139.7655954,35.70937891,"1"
1310508400,13105,"84","はくさんごてんまちいせき","白山御殿町遺跡","文京区 白山四丁目","[縄文時代][弥生時代][近世]","集落・屋敷","住居跡　土坑　溝跡","土器　陶磁器類",139.7480173,35.71907965,"1"
1310508600,13105,"86","おおつかまちいせき","大塚町遺跡","文京区 大塚一丁目　大塚二丁目","[縄文時代][弥生時代][近世]","包蔵地・集落・社寺・屋敷・その他（町屋）","[縄文時代]土坑　[古墳時代]溝　[近世]溝　土坑（一部墓壙）　植栽痕　土坑　溝状遺構　地下室","（縄文）土器・石器　（弥生）土器　（古代）土師器・須恵器　（近世）人骨・陶磁器・?b器・土器・金属製品・銭貨・瓦・瓦器・土製品・石製品など",139.7316065,35.7184943,"1"
1310509100,13105,"91","はらまちひがしいせき","原町東遺跡","文京区 白山五丁目","[弥生時代（後期）][古墳時代][近世]","包蔵地・屋敷","竪穴式住居跡","弥生式土器　土師器　近世陶磁器",139.749557,35.723492,"1"
1310509500,13105,"95","かなとみちょうきたいせき","金富町北遺跡","文京区 春日二丁目","[縄文時代（早期・後期）][弥生時代（後期）][近世]","屋敷","[近世]地下室・土坑・井戸","縄文土器　弥生土器　近世陶磁器",139.7420778,35.71194359,"1"
1310509700,13105,"97","だんござかうえいせき","団子坂上遺跡","文京区 千駄木一丁目　千駄木三丁目　千駄木五丁目","[旧石器時代][縄文時代（中期）][弥生時代（中期）][平安時代][近世]","包蔵地・集落・社寺・屋敷・その他（町屋）","[旧石器時代]遺物集中部　[縄文時代]堅穴住居跡　土坑　溝　埋甕　[弥生時代]堅穴住居跡　溝　溝状遺構　環濠　[平安]竪穴住居跡　溝　[近世]地下室　土坑　礎石　大型土坑　ピット　[近世以降]版築基礎建物跡　掘立柱建物跡　礎石　地下室　土坑　ピット群","（旧石器）ナイフ形石器・石核　（縄文）土器・土製品・石器・炉石　（弥生）土器・石器　（平安）土師器・須恵器・鉄製品・鉄滓　（近世）陶磁器・?b器・土器・瓦・土製品・銅製品・鉄製品・貝・金属製品・木製品・石製品など",139.7612503,35.72554791,"1"
1310510100,13105,"101","","文京区№101遺跡","文京区 春日二丁目","[弥生時代][近世]","包蔵地・屋敷","[近世]地下室　土坑　溝","縄文土器　弥生土器　近世陶磁器",139.7416659,35.71314227,"1"
1310510200,13105,"102","","文京区№102遺跡","文京区 本駒込五丁目","[縄文時代][弥生時代][近世]","包蔵地・屋敷","[近世]地下室　土坑","縄文土器　近世陶磁器",139.7498026,35.73220723,"1"
1310510300,13105,"103","ほんごういっちょうめみなみいせき","本郷一丁目南遺跡","文京区 本郷一丁目","[旧石器時代][縄文時代][弥生時代][古墳時代][奈良時代][平安時代][近世]","包蔵地・集落・屋敷","[縄文時代]住居　[弥生時代]住居　[古墳時代]住居　[近世]地下室　溝　井戸","石器　縄文土器　弥生土器　須恵器　土師器　近世陶磁器",139.7564974,35.70341292,"1"
1310511500,13105,"115","かすがにちょうめにしいせき","春日二丁目西遺跡","文京区 春日二丁目","[旧石器時代][縄文時代][弥生時代][古墳時代][奈良時代][中世][近世]","包蔵地・集落・屋敷","[旧石器時代]遺物集中部　[縄文時代]炉穴　集石　陥穴　土坑　[弥生時代]土坑　[古墳時代]土坑　[中世]溝　道路状遺構（溝）　土塁状盛土　[近世]谷埋立造成　土手状遺構　溝　砂利敷き　井戸　礎石　礎石跡　地下室　土坑","（旧石器）剥片　（縄文）土器・石製装身具　（弥生）土器　（古墳?古代）土師器・須恵器　（中世）陶磁器・土器・板碑・銭貨　（近世以降）陶磁器・土器・土製品・金属製品・銭貨・石製品・瓦・ガラス製品",139.7410479,35.71146969,"1"
1310511700,13105,"117","せんだぎごちょうめいせき","千駄木五丁目遺跡","文京区 千駄木五丁目","[縄文時代（中期）][弥生時代（後期）][近世]","その他（町屋）","[近世]大型土坑　土坑　ピット","（縄文）土器　（弥生）土器　（近世）陶磁器・瓦",139.7595337,35.72526919,"1"
1310512600,13105,"126","こいしかわしょくぶつえんみなみいせき","小石川植物園南遺跡","文京区 白山三丁目","[旧石器時代][縄文時代][弥生時代][中世][近世]","包蔵地","[近世]地下室　土取り穴　土坑　井戸　溝状遺構","石器　縄文土器　弥生土器　陶器　磁器　近世土器　土製品　瓦　金属製品　石製品",139.747262,35.71802044,"1"
1310512900,13105,"129","こひなたいっちょうめひがしいせき","小日向一丁目東遺跡","文京区 小日向一丁目","［縄文時代］［弥生時代］［古墳時代］［奈良時代］［平安時代］［中世］［近世］","包蔵地・集落・その他の墓・屋敷","［縄文時代］ファイヤーピット?　［弥生時代］?［古墳時代］竪穴住居跡　［奈良時代］［平安時代］竪穴住居跡　土坑　［近世］地下室　溝状遺構　土坑　柱穴","［縄文時代］土器片　［弥生時代］土器片　［奈良時代］［平安時代］土師器　須恵器　石製品　［近世］陶磁器　土器　瓦　石製品　金属製品　土製品　炉器",139.7382326,35.71367191,"1"
1310513100,13105,"131","こいしかわさんちょうめひがしいせき","小石川三丁目東遺跡","文京区 小石川三丁目","［縄文時代（早期・中期）］［弥生時代］[古墳時代][奈良時代]［近世］","包蔵地・集落・その他の墓・社寺・町家","[古墳?奈良時代]竪穴建物跡 溝 小穴［近世］埋甕 土坑 溝 井戸 植栽痕 小穴 土坑 根石 杭 埋桶 筏地業木組み","［縄文時代］土器　黒曜石剥片　［弥生時代］土器　［奈良時代］［平安時代］土師器 須恵器 土製品　［近世］陶磁器　土器　炉器 瓦 土製品 金属製品",139.7500773,35.71286351,"1"
1310900400,13109,"4","いけだやまきたいせき","池田山北遺跡","品川区 東五反田五丁目","[縄文時代（早期～中期）][弥生時代（後期）]","包蔵地・貝塚・集落","[縄文時代（早期～前期）]住居址　炉跡　貝層　[縄文時代]住居跡　炉跡　土坑　[縄文時代（前期）]～[弥生時代（後期）]竪穴式住居　土坑　[弥生時代]住居跡　炉跡　土坑　溝　[古墳時代]住居跡　土坑","縄文土器　打斧　磨斧　石皿　けつ状耳飾　弥生土器　磁器　燈明皿　擂鉢　動物遺体　打製石斧　耳飾　土器　土師器　石製耳飾",139.7229069,35.63109445,"1"
1310900800,13109,"8","ごてんやまいせき","御殿山遺跡","品川区 北品川五丁目","[縄文時代（前期）][弥生時代]","包蔵地","[弥生時代]住居跡　土坑　[古墳時代]住居跡　土坑　住居跡　炉穴","縄文土器　弥生土器　古墳土師器　須恵器",139.7337182,35.62050855,"1"
1310901000,13109,"10","いるきばしいせき","居木橋遺跡","品川区 大崎二丁目","[縄文時代（早期～後期）][弥生時代][中世]","集落跡・貝塚","[縄文時代]住居　土坑　ピット　[中世]溝","縄文土器　打斧　磨斧　石皿　耳飾　石棒　骨角製釣針　鯨骨製棒状骨角器　獣魚骨　弥生土器　抉入石斧　陶磁器　動物遺体",139.7245685,35.61720399,"1"
1311000300,13110,"3","ひかわいせき","氷川遺跡","目黒区 大橋二丁目","［旧石器時代］[縄文時代（早期～後期）][弥生時代（前期～後期）][古墳時代][奈良時代][平安時代][中世][近世]［近代］","集落 その他（軍施設）","[縄文時代]土坑　小穴　炉穴　陥穴　[弥生時代～古墳時代]竪穴住居跡　堀立柱建物跡　土坑　小穴　[平安時代]火葬墓　溝　[近世]溝　土坑　小穴　［近代］煉瓦構造物","縄文土器　剥片　打製石斧　石鏃　スタンプ形石器　磨石　石皿　弥生土器　弥生時代末～古墳時代初期土器　金属製品　土製品　奈良時代須恵器　平安時代土器　瓦　板状鉄製品　中近世陶磁器　釘　鎹　銭貨　近代陶磁器　ガラス製品　金属製品　銭貨　?　煉瓦",139.6875316,35.65337917,"1"
1311000800,13110,"8","ひがしやまかいづかいせき","東山貝塚遺跡","目黒区 東山二丁目　東山三丁目","[旧石器時代][縄文時代（早期～晩期）][弥生時代（後期）][古墳時代][平安時代][中世][近世][近代]","集落　貝塚　その他（軍施設）","[旧石器時代]礫群　石器ブロック　[縄文時代]竪穴住居跡　土坑　土壙　土器埋設遺構　落し穴　木杭列　植物遺存体集中　小穴　柱穴群　[弥生時代]竪穴住居跡　溝　土坑　[古墳時代]土坑　[中世]溝　[近世]溝　土坑　［近代］地下式遺構　煉瓦構造物　溝","縄文土器　土偶　土製円盤　土器片錘　打製石斧　磨製石斧　弥生土器　古墳時代土器　陶磁器　細石刃　尖頭器　剥片　角錐状石器　削器　石鏃　敲石　石皿　垂飾　掻器　凹石　磨石　砥石　スタンプ形石器　石剣　石錐　石棒　土版　土製勾玉　耳栓　土錘　土玉　弭形角製品　ヤス状刺突具　骨針　浮子 （平安時代）　瓦　（近代）陶磁器　ガラス製品　鉄製品",139.6866739,35.64782322,"1"
1311000900,13110,"9","からすもりいせき","烏森遺跡","目黒区 上目黒三丁目","[縄文時代（中期～後期）][弥生時代（後期）]","集落","[縄文時代]竪穴住居跡　[弥生時代]環濠","縄文土器　打製石斧　磨製石斧　石槍　石錐　石錘　石槌　石皿　凹石　石鏃　敲石　弥生土器　土製品　軽石　被熱粘土塊",139.6915834,35.64333137,"1"
1311001100,13110,"11","しょうがくじまえいせき","正覚寺前遺跡","目黒区 中目黒一丁目　中目黒三丁目　上目黒一丁目　上目黒二丁目","[弥生時代（後期）]","包蔵地","","弥生土器",139.7008531,35.64288496,"1"
1311001200,13110,"12","しんふじいせき","新富士遺跡","目黒区 中目黒一丁目　中目黒二丁目","[縄文時代（早期～前期）][弥生時代（中期）]［近世］","集落","[弥生時代]住居　[近世]富士講胎内遺構　溝　道路状遺構","縄文土器　弥生土器　面子　銭貨　石製大日如来像　磨製石斧　陶磁器",139.7051446,35.64402888,"1"
1311002000,13110,"20","めぐろふどういせき","目黒不動遺跡","目黒区 下目黒三丁目　下目黒四丁目","[縄文時代（早期～後期）][弥生時代（後期）]","集落","[縄文時代]住居　集石　土坑　[弥生時代]住居","縄文土器　土器片錘　打製石斧　石鏃　石錘　土版　弥生土器",139.7075822,35.62857065,"1"
1311004700,13110,"47","おおはしいせき","大橋遺跡","目黒区 大橋二丁目","[旧石器時代][縄文時代（草創期～晩期）][弥生時代（後期）][古墳時代][平安時代][中世][近世][近代]","集落　その他（軍施設）","[旧石器時代]石器集中　礫集中部　[縄文時代]住居　集石　炉穴　土坑　小穴　埋甕　土器敷き遺構　[弥生時代][古墳時代]住居　[平安時代]火葬墓　[中世]土坑　[近世]溝　小穴　[近代]煉瓦構造物","ナイフ形石器　角錐状石器　剥片　礫器　縄文土器　打斧　磨斧　耳栓　有舌尖頭器　石鏃　掻器　石匙　石皿　石棒　磨石　敲石　土製円盤　けつ状耳飾　土偶　弥生土器　陶磁器　銭貨　彫刻刀形石器　管状土錘　土師器　中世土器　瓦　（近世）陶磁器　金属製品　銭貨　(近代)陶磁器　金属製品　ガラス製品　煉瓦",139.684373,35.65446715,"1"
1311005100,13110,"51","えびすいせき","恵比寿遺跡","目黒区 三田一丁目","[旧石器時代][縄文時代（前期～後期）][弥生時代（後期）][近世]","集落","[弥生時代]住居　[近世]溝状遺構","ナイフ形石器　角錐状石器　剥片　縄文土器　弥生土器　陶磁器",139.713776,35.640392,"1"
1311005300,13110,"53","かわらけづかいせき","土器塚遺跡","目黒区 大橋二丁目　駒場一丁目　駒場二丁目","[旧石器時代][縄文時代（中期）][弥生時代（後期）][近世][近代]","集落　その他（軍施設）","[縄文時代]土坑　落とし穴　小穴　焼土　[弥生時代]住居　掘立柱建物跡　環濠　道路状遺構　[近世]土壙　溝状遺構　小穴　区画溝　土坑・柱穴列　[近代]煉瓦構造物　地下式遺構","[旧石器時代]石刃　ナイフ形石器　剥片 [縄文時代]縄文土器　打製石斧　土器片錘　石鏃　スタンプ形石器　石錘 [弥生時代]弥生土器　土製品　砥石　土製品　石鏃　双角有孔土製品　土製勾玉　土玉　ガラス小玉　炭化種子 [近世]陶磁器　火打ち石 [近代]陶磁器　ガラス製品　金属製品　銭貨",139.6816957,35.65566243,"1"
1311005400,13110,"54","はちやまちょう・さるがくちょう17ばんいせき","鉢山町・猿楽町17番遺跡","目黒区 青葉台一丁目","[旧石器時代][縄文時代（早期～中期・晩期）][弥生時代（後期）][近世]","集落","[旧石器時代]石器集中部　 [縄文時代]住居　土坑　小穴　集石　 [弥生時代]住居　環濠　小穴　 [近世]溝","掻器　ナイフ形石器　角錐状石器　尖頭器　抉入石器　剥片　縄文土器　石鏃　打製石斧　スタンプ形石器　磨石　石皿　弥生土器　土師器　陶磁器　煙管　銭貨",139.6977975,35.64944134,"1"
1311100200,13111,"2","せんげんじんじゃこふん","浅間神社古墳","大田区 田園調布一丁目","[縄文時代][弥生時代（後期）][古墳時代]","古墳・集落","前方後円墳　[縄文時代]炉穴　[弥生時代]住居　炉　柱穴","縄文土器　打斧　剥片　弥生土器　土師器　円筒埴輪　人物埴輪　動物埴輪",139.6687695,35.58743962,"1"
1311104800,13111,"48","しもぬまべかいづか","下沼部貝塚","大田区 田園調布本町","[縄文時代（早期～晩期）][弥生時代][近世]","集落・貝塚","[縄文時代]住居　集石　炉　炉穴　焼土　[弥生時代]住居　[近世]墓壙","縄文土器　打斧　磨斧　礫器　石槍　石鏃　掻器　石箆　石錘　石皿　磨石　凹石　敲石　石核　剥片　梵字形石器　耳飾　石棒　石剣　岩版　土版　昆虫形土製品　筒形土製品　獣骨　弥生土器　須恵器　埴輪　銭貨　人骨",139.6724802,35.58533812,"1"
1311105700,13111,"57","ゆきがやかいづか","雪ヶ谷貝塚","大田区 南雪谷二丁目　 南雪谷三丁目　 南雪谷四丁目　 南雪谷五丁目","[旧石器時代][縄文時代（早期～前期）][弥生時代（後期）][古墳時代][平安時代]","集落・貝塚・その他の墓","","縄文土器　縄文石器　石鏃　石槍　弥生土器",139.6844687,35.58976951,"1"
1311106500,13111,"65","ちょうおんじかいづか","長遠寺貝塚","大田区 南馬込五丁目　 西馬込一丁目","[縄文時代（前期）][弥生時代]","包蔵地・貝塚","","縄文土器　打斧　弥生土器",139.7096019,35.59124845,"1"
1311106600,13111,"66","かみいけがみ（こやすはちまんじんじゃうら）いせき","上池上（子安八幡神社裏）遺跡","大田区 仲池上一丁目","[弥生時代]","包蔵地","","弥生土器",139.6986138,35.58900204,"1"
1311107200,13111,"72","くまのじんじゃいせき","熊野神社遺跡","大田区 山王三丁目　山王四丁目","[弥生時代]","包蔵地","","弥生土器",139.7214663,35.58542479,"1"
1311107300,13111,"73","さんのういせき・さんのういせきないよこあなぼぐん","山王遺跡・山王遺跡内横穴墓群","大田区 山王二丁目　 山王三丁目","[弥生時代（中期～後期）][古墳時代][奈良時代]","集落・貝塚・横穴墓","[弥生時代]環濠　住居　方形周溝墓　[古墳時代]住居　[奈良時代]横穴墓3基　[時期不明]地下式土坑","弥生土器　石器　土師器　須恵器　鉄鏃　刀子　直刀　人骨",139.7252696,35.58752753,"1"
1311107400,13111,"74","きりさとまちかいづか","桐里町貝塚","大田区 池上一丁目","[縄文時代（前期）][弥生時代]","貝塚","","縄文土器　弥生土器",139.7069823,35.57945652,"1"
1311107500,13111,"75","ほんもんじうらいせき","本門寺裏遺跡","大田区 池上二丁目","[弥生時代]","集落","[弥生時代]住居","弥生土器",139.7042143,35.57996262,"1"
1311108100,13111,"81","くがはらいせき","久ヶ原遺跡","大田区 久が原四丁目　 久が原五丁目　 久が原六丁目　 千鳥一丁目","[弥生時代（中期～後期）][古墳時代][中世]","集落","竪穴住居跡","弥生土器　縄文土器　磨斧　軽石製品　土錘　勾玉　獣骨　土師器",139.6939146,35.57641986,"1"
1311108400,13111,"84","みねいせき","嶺遺跡","大田区 南久が原一丁目　 千鳥三丁目","[弥生時代（後期）]","集落","[弥生時代]住居跡","弥生土器",139.6882283,35.57483168,"1"
1311109001,13111,"90-1","こうみょうじいせき","光明寺遺跡","大田区 鵜の木一丁目","[旧石器時代][縄文時代（早期）][弥生時代][古墳時代][奈良時代][中世][近世]","集落・その他（墓地）","[旧石器時代]石器集中　礫群　[縄文時代]陥し穴　[弥生時代]住居　方形周溝墓　[中世][近世]竪穴状遺構　墓地　集石土坑　集石","石器　礫　縄文土器　弥生土器　陶磁器　蔵骨器　板碑",139.684314,35.57385397,"1"
1311109300,13111,"93","おなづかかいづか","女塚貝塚","大田区 西蒲田四丁目　 西蒲田五丁目","[弥生時代（後期）][奈良時代][平安時代]","貝塚・その他（祭祀遺構）","井戸","土師器　砥石　鉄器　滑石製紡錘車　石製品",139.717035,35.56813481,"1"
1311111000,13111,"110","さくらばしふきんいせき","桜橋付近遺跡","大田区 田園調布本町","[縄文時代（草創期～前期）][弥生時代（後期）][近世]","集落","[縄文時代]住居跡　土坑　[弥生時代]住居跡　土坑　[近世]竪穴状遺構　土坑","縄文土器　縄文石器　弥生土器",139.6744099,35.58633184,"1"
1311112200,13111,"122","まるやまいせき","丸山遺跡","大田区 田園調布一丁目","[弥生時代（後期）]","集落","[弥生時代]住居","弥生土器",139.6715993,35.58720731,"1"
1311113400,13111,"134","おおもりほてるいせき","大森ホテル遺跡","大田区 山王三丁目　 山王四丁目","[弥生時代]","包蔵地","","弥生土器",139.7230898,35.58637395,"1"
1311113500,13111,"135","きりさといせき","桐里遺跡","大田区 中央五丁目　 南馬込六丁目","[縄文時代][弥生時代]","包蔵地","","",139.7088204,35.58256971,"1"
1311113600,13111,"136","みねいっちょうめいせき","嶺一丁目遺跡","大田区 東嶺町 南久が原二丁目","[弥生時代]","包蔵地","","弥生土器",139.6835514,35.57929885,"1"
1311113800,13111,"138","しょうぐんづか","将軍塚","大田区 田園調布四丁目","[弥生時代]","包蔵地","","弥生土器",139.6618158,35.5956925,"1"
1311114300,13111,"143","くがはらしょうがっこうないいせき","久原小学校内遺跡","大田区 久が原四丁目","[弥生時代（後期）]","集落","[旧石器時代]礫群　炉　[縄文時代]住居　建物跡　土坑　[弥生時代]住居　[古墳時代]住居　溝　[奈良・平安時代]火葬墓　土坑","掻器　人骨　敲石　石核　剥片　焼礫　縄文土器　打斧　磨斧　石鏃　石皿　磨石　凹石　弥生土器　土師器　須恵器",139.6936816,35.58045523,"1"
1311117300,13111,"173","とりつでんえんちょうふこうとうがっこうないいせき","都立田園調布高等学校内遺跡","大田区 田園調布南","[縄文時代（前期][弥生時代（後期）]","集落","[縄文時代]土坑　[弥生時代]住居　集石炉　貯蔵穴　柱穴　配石　方形周溝墓","縄文土器　打斧　磨斧　礫器　石槍　石鏃　石錐　楔形石器　石皿　磨石　土製円板　孔雀石製装飾品　真珠　弥生土器　敲石　玉類",139.6765192,35.58252941,"1"
1311123300,13111,"233","えいじゅいんふきんいせき","永寿院付近遺跡","大田区 池上一丁目","[弥生時代（中期～後期）]","集落","","土器　石器",139.7077954,35.5768848,"1"
1311200300,13112,"3","そしがやおおみちきたいせき","祖師谷大道北遺跡","世田谷区 上祖師谷六丁目　上祖師谷七丁目　給田一丁目","[旧石器時代][縄文時代（中期～後期）][弥生時代（後期）][古墳時代][奈良時代][平安時代][中世][近世]","集落","[旧石器時代]ブロック　[縄文時代]住居　竪穴　[古墳時代]住居　[中世][近世]井戸　地下式土坑　[時期不明]ピット　溝","ナイフ形石器　削器　縄文土器　石器　土師器　鉄鏃　陶器　カワラケ　土師質土器　羽釜　内耳鍋　鉄片　石臼　板碑　漆器　桶",139.596436,35.659981,"1"
1311200900,13112,"9","きぬたちゅうがっこういせき","砧中学校遺跡","世田谷区 成城一丁目　 成城三丁目","[旧石器時代][縄文時代（早期～晩期）][弥生時代][古墳時代][平安時代][近世]","集落","[縄文時代]住居址　土坑　集石　ピット　礫群　[弥生時代]住居址　[古墳時代]住居址　古墳周溝　[古（以降）]集石土坑　土坑　ピット　溝　[近世]竪穴　土坑　ピット　溝","（縄文）縄文土器・石器　（弥生）土器、　（古墳）土師器・須恵器・石器・刀子　（近世）陶器",139.6006734,35.63379948,"1"
1311201800,13112,"18","しものしんめいいせき","下神明遺跡","世田谷区 成城一丁目　成城三丁目","[旧石器時代][縄文時代（早期・中期～後期）][弥生時代][古墳時代][奈良時代][平安時代][中世][近世]","集落","[旧石器時代]ブロック　ブロック　礫群　[縄文時代]土坑　ピット　土坑　[古墳時代]住居址　[平安時代]住居址　[近世]溝　土坑　ピット　溝","（旧石器）石器・剥片　（縄文）縄文土器・石器　（古墳）土師器・石器　（平安）土師器・須恵器・砥石　（近世）煙管",139.5990011,35.63509307,"1"
1311201900,13112,"19","かみのしんめいいせき","上神明遺跡","世田谷区 成城四丁目　 成城五丁目","[旧石器時代][縄文時代（早期～晩期）][弥生時代][古墳時代][平安時代][中世][近世]","集落","[縄文時代]住居　土坑　[弥生時代][古墳時代]住居　ピット群　方形周溝墓","石器　縄文土器　弥生土器　土師器　須恵器　鉄製品　土製品",139.5923661,35.6414265,"1"
1311204800,13112,"48","うえのだいいせき","上之台遺跡","世田谷区 砧八丁目　 祖師谷三丁目","[旧石器時代][縄文時代（早期～中期）][弥生時代（後期）][古墳時代][奈良時代][中世]","集落","[縄文時代]住居　集石　集石土坑　土坑　[古墳時代]住居　[時期不明]溝　段状遺溝","石器　縄文土器　石器　焼礫　弥生土器　土師器　須恵器　鉄鏃　鉄製品　青銅製品　泥人形",139.604996,35.64027,"1"
1311205200,13112,"52","どうがやといせき","堂ヶ谷戸遺跡","世田谷区 岡本一丁目　 岡本二丁目　 岡本三丁目","[旧石器時代][縄文時代（早期～晩期）][弥生時代（後期）][古墳時代][奈良時代][平安時代][中世][近世]","集落","[縄文時代]住居　集石　集石土坑　土坑　ピット　[弥生時代][古墳時代][奈良時代][平安時代]住居　竪穴　[近世]溝","石器　縄文土器　弥生土器　土製品　土師器　須恵器　鉄製品　銅鏃　玉類　陶磁器　砥石　煙管",139.620575,35.624981,"1"
1311206400,13112,"64","まえやといせき・あかつつみじんやあと","前谷戸遺跡・赤堤陣屋跡","世田谷区 赤堤一丁目　 赤堤二丁目　 豪徳寺一丁目","[旧石器時代][縄文時代（中期）][弥生時代][近世]","包蔵地・その他（陣屋）","","石器　縄文土器　弥生土器",139.641525,35.655247,"1"
1311206500,13112,"65","みやまいせき","宮前遺跡","世田谷区 赤堤二丁目","[縄文時代（中期）][弥生時代]","包蔵地","","縄文土器　石器　弥生土器",139.645782,35.658005,"1"
1311206600,13112,"66","うしろやといせき","後谷戸遺跡","世田谷区 赤堤三丁目","[縄文時代（中期）][弥生時代][近世]","集落","[近世]溝","縄文土器　陶磁器　土師質土器　弥生土器",139.638824,35.658394,"1"
1311206700,13112,"67","あかつつみじんやいせき","赤堤陣屋遺跡","世田谷区 赤堤一丁目　 赤堤三丁目","[弥生時代]","包蔵地","","弥生土器",139.641525,35.655247,"1"
1311206800,13112,"68","えんじょういんいせき","円乗院遺跡","世田谷区 代田二丁目","[縄文時代（早期）][弥生時代（後期）][古墳時代]","集落","[弥生時代]住居 竪穴 [弥生時代][古墳時代]住居 溝","縄文土器 弥生土器 石器 土師器",139.6633,35.65531,"1"
1311207400,13112,"74","まもりやまいせき","守山遺跡","世田谷区 代田六丁目","[縄文時代（中期）][弥生時代]","包蔵地","","縄文土器 石器 弥生土器",139.6617,35.66532,"1"
1311208600,13112,"86","さくらぎいせき","桜木遺跡","世田谷区 桜一丁目","[旧石器時代][縄文時代（早期～後期）][弥生時代（中期）][古墳時代][平安][その他（近代）]","集落","","縄文土器 石器 貝斧",139.6412,35.64488,"1"
1311208900,13112,"89","おおとりやまいせき","大鶏山遺跡","世田谷区 豪徳寺二丁目","[縄文時代（中期）][弥生時代]","包蔵地","","縄文土器 石器 弥生土器",139.6485,35.64927,"1"
1311210500,13112,"105","せたいせき・せたじょうせき","瀬田遺跡・瀬田城跡","世田谷区 瀬田一丁目 瀬田二丁目","[旧石器時代][縄文時代（早期～後期）][弥生時代（後期）][古墳時代][奈良時代][平安時代][中世][近世]","集落・城館","[旧石器時代]ブロック 礫群 [縄文時代]住居 土坑 ピット [弥生時代～古墳時代]住居 [奈良～平安時代]住居 [近世]ピット 土坑 井戸 溝 配石","石器 縄文土器 石器 礫 けつ状耳飾 弥生土器 土師器 須恵器 陶器 灰釉陶器 土製品 陶磁器",139.6318,35.61599,"1"
1311210700,13112,"107","しもやまいせき","下山遺跡","世田谷区 瀬田四丁目 瀬田五丁目","[旧石器時代][縄文時代（早期～晩期）][弥生時代（後期）][古墳時代][奈良時代][平安時代][中世][近世]","集落","[旧石器時代]ブロック 礫群 [縄文時代]住居 集石 炉穴 土坑 ピット [弥生時代]環濠 住居 方形周溝墓 墓壙 甕棺 溝状遺構 [古墳時代]住居 円形周溝墓 [奈良時代][平安時代]住居","ナイフ形石器 尖頭器 礫器 縄文土器 打斧 石鏃 土錘 けつ状耳飾 弥生土器 抉入石斧 石包丁 石皿 土師器 須恵器 土製紡錘車 土製勾玉 ソロバン玉状土製品 石櫃 陶磁器 カワラケ 瓦質土器 煙管 銭貨",139.6244,35.62158,"1"
1311211200,13112,"112","しもやまきたいせき","下山北遺跡","世田谷区 岡本一丁目","[旧石器時代][縄文時代（早期～前期）][弥生時代][古墳時代][中世][近世]","集落","[旧石器時代]ブロック [縄文時代]住居 集石 土坑 [弥生時代]住居 溝 [古墳時代]住居 [中世]掘立柱建物 井戸 [近世]建物 門","石器 縄文土器 石器 弥生土器 土師器 ガラス玉",139.6227,35.62252,"1"
1311211700,13112,"117","かまがやいせき","鎌ヶ谷遺跡","世田谷区 瀬田一丁目","[旧石器時代][縄文時代（早期～中期）][弥生時代（後期）][古墳時代][奈良時代][平安時代][中世][近世]","集落","[旧石器時代]ブロック 礫群 [縄文時代]土坑 ピット [弥生時代][古墳時代]V字溝 溝状遺構","縄文土器 石器 弥生土器 土師器 須恵器 陶器",139.6336,35.6134,"1"
1311214300,13112,"143","すわやまいせき","諏訪山遺跡","世田谷区 奥沢一丁目 奥沢三丁目","[旧石器時代][縄文時代（早期～後期）][弥生時代（後期）][平安時代][中世][近世]","集落","[縄文時代]住居 竪穴 集石 集石土坑 焼土 土坑 ピット [平安時代]土坑 火葬墓 [中世]焼土 溝 [近世]溝","縄文土器 石器 土錘 耳栓 土製品 礫 土師器 須恵器 土師質土器 陶器 陶磁器 鉄板 人骨",139.6748,35.60334,"1"
1311214500,13112,"145","おくさわだいいせき","奥沢台遺跡","世田谷区 奥沢六丁目 玉川田園調布二丁目","[旧石器時代][縄文時代（前期～後期）][弥生時代（後期）][古墳時代][近世]","集落","[縄文時代]住居 竪穴 炉 屋外炉 土坑 ピット [弥生時代]住居 [古墳時代]竪穴 [近世]ピット 土坑 井戸 溝","縄文土器 石器 けつ状耳飾 石棒 石製品 土製品 礫 弥生土器 陶磁器",139.6635,35.6037,"1"
1311215900,13112,"159","きたみじんやいせき","喜多見陣屋遺跡","世田谷区 喜多見一丁目 喜多見三丁目 喜多見四丁目","[旧石器時代][縄文時代（早期～晩期）][弥生時代（中期～後期][古墳時代][奈良時代][平安時代][中世][近世]","集落","[旧石器時代]ブロック [縄文時代]住居 炉穴 土坑 [弥生時代]住居 溝 [古墳時代]住居 竪穴 方形周溝墓 周溝 棺 墓壙 [奈良～平安時代]住居 地下式土坑 [中世～近世]掘立柱建物 ピット 礎石 土坑 井戸 溝 堀 池","石器 縄文土器 弥生土器 土師器 須恵器 埴輪 臼玉 ガラス玉 灰釉 緑釉 陶磁器 土師質土器 鉄製品 鉄鏃 釘 茶臼 羽口 瓦 板碑 銭貨 胞衣容器 人骨 灰釉陶器 円筒埴輪 土製品 鉱滓",139.5966,35.6261,"1"
1311220000,13112,"200","かわらけづかいせき","土器塚遺跡","世田谷区 代沢一丁目 池尻四丁目","[旧石器時代][縄文時代（中期）][弥生時代（後期）][古墳時代]","集落","[弥生時代]後期住居跡 [近世以降]溝","縄文土器 弥生土器 石器 陶磁器類",139.6803853,35.65597217,"1"
1311223300,13112,"233","みしまのやしき・しもがくとうみなみいせき","三島野屋敷・下覚東南遺跡","世田谷区 喜多見九丁目","[縄文時代（草創期～中期）][弥生時代][古墳時代][奈良時代][平安時代][近世]","集落","","縄文土器 弥生土器 土師器 陶磁器",139.585719,35.64107299,"1"
1311228800,13112,"288","おかもとまえこうちいせき","岡本前耕地遺跡","世田谷区 岡本二丁目","[縄文時代（早期～晩期）][弥生時代][古墳時代][奈良時代][平安時代][中世][近世]","集落","[縄文時代]集石 杭列 [近世]溝","縄文土器 石器 土製品 石製品 木製品 浮子 弥生土器 土師器 須恵器 灰釉 陶磁器",139.6192162,35.62029178,"1"
1311229400,13112,"294","ひがしやまいせき","東山遺跡","世田谷区 池尻一丁目 池尻二丁目","[旧石器時代][縄文時代（中期）][弥生時代][古墳時代]","集落","[縄文時代]竪穴 土坑","縄文土器 石器",139.6837499,35.647854,"1"
1311229600,13112,"296","とどろきはらいせき","等々力原遺跡","世田谷区 等々力一丁目","[旧石器時代][縄文時代（早期～後期）][弥生時代（後期）][古墳時代][中世][近世]","集落","[縄文時代]住居 土坑 [弥生時代]住居","石器 縄文土器 石器 弥生土器 陶磁器 銭貨",139.6479353,35.60406427,"1"
1311302600,13113,"26","","渋谷区№26遺跡","渋谷区 代々木神園町","[縄文時代（中期）][弥生時代][奈良時代][平安時代]","包蔵地","","縄文土器　弥生土器　土師器　須恵器",139.69809,35.66961276,"1"
1311304200,13113,"42","","渋谷区№42遺跡","渋谷区 桜丘町","[縄文時代（中期）][弥生時代]","包蔵地","","縄文土器　打斧　石皿　弥生土器",139.7007763,35.65499869,"1"
1311305200,13113,"52","さるがくいせき","猿楽遺跡","渋谷区 猿楽町","[旧石器時代][弥生時代]","集落","[旧石器時代]礫群　[弥生時代]住居　溝","弥生土器　ナイフ形石器",139.7021153,35.65131628,"1"
1311305800,13113,"58","とよさわかいづか","豊沢貝塚","渋谷区 恵比寿二丁目","[縄文時代（早期～晩期）][弥生時代（後期）][古墳時代][平安時代]","集落・貝塚","[縄文時代]住居　土坑　埋甕　陥穴　墓壙　掘立柱建物　[平安時代]掘立柱建物","縄文土器　打製石斧　磨製石斧　石鏃　石皿　磨石　石剣　土偶　砥石　土師器　弥生土器　須恵器　縄文人骨",139.720998,35.64621084,"1"
1311307500,13113,"75","","渋谷区№75遺跡","渋谷区 東四丁目","[縄文時代（中期）][弥生時代]","集落","[弥生時代]住居","縄文土器　打斧　弥生土器",139.7106443,35.65513018,"1"
1311309600,13113,"96","はちやまちょう・さるがくちょう17ばんいせき","鉢山町・猿楽町17番遺跡","渋谷区 鉢山町　 猿楽町","[旧石器時代][縄文時代][弥生時代][中世][近世]","集落","[旧石器時代]土坑　[縄文時代]住居　土坑　[弥生時代]環濠　住居　土坑　[中世]溝　[近世]掘立柱建物　溝","掻器　剥片　縄文土器　打斧　石鏃　削器　弥生土器　陶磁器",139.6984231,35.65017962,"1"
1311310400,13113,"104","せんだがやきたのわきいせき","千駄ヶ谷北ノ脇遺跡","渋谷区 千駄ヶ谷一丁目　 千駄ヶ谷二丁目","[縄文時代][弥生時代][近世]","包蔵地","[縄文時代]～[弥生時代]自然流路　[近世]杭跡　土坑","縄文土器　弥生土器　陶磁器",139.7131918,35.67816183,"1"
1311401000,13114,"10","","中野区№10遺跡","中野区 若宮二丁目","[弥生時代]","包蔵地","","弥生土器",139.6450046,35.71508925,"1"
1311401700,13114,"17","きたはらいせき","北原遺跡","中野区 野方三丁目","[弥生時代]","包蔵地","","弥生土器",139.6547564,35.71857042,"1"
1311401800,13114,"18","","中野区№18遺跡","中野区 野方五丁目","[縄文時代（中期）][弥生時代]","包蔵地","","縄文土器　弥生土器",139.6532787,35.71835061,"1"
1311402500,13114,"25","みたけいせき","御嶽遺跡","中野区 江古田一丁目","[縄文時代（前期・後期）][弥生時代][近世]","集落","[時代不明]竪穴住居跡","縄文土器　打製石斧　磨製石斧　石鏃　石皿　弥生土器　石棒　勾玉　寛永通宝",139.6718367,35.72523207,"1"
1311402700,13114,"27","えごた（ほんたやま・てらやま・きたえごた・てらやまほくぶ・てらやまなんぶ）いせき","江古田（本田山・寺山・北江古田・寺山北部・寺山南部）遺跡","中野区 江古田二丁目　 江古田三丁目","[縄文時代（早期～後期）][弥生時代]","集落","[縄文時代]竪穴住居址　集石　土坑　ピット状遺構　木道","縄文土器　打製石斧　磨製石斧　石鏃　石匙　石皿　磨石　凹石　敲石　耳飾　石棒　櫂　編籠",139.6661404,35.72901701,"1"
1311404400,13114,"44","かたやまいせき","片山遺跡","中野区 松が丘二丁目","[縄文時代（早期・後期）][弥生時代][中世][近世]","集落","[弥生時代][古墳時代]竪穴住居跡　土坑　溝状遺構","縄文土器　打製石斧　磨製石斧　礫器　石鏃　砥石　弥生土器",139.6697081,35.72252846,"1"
1311404700,13114,"47","ぬまぶくろちょうひかわじんじゃふきんいせき","沼袋町氷川神社付近遺跡","中野区 沼袋一丁目","[縄文時代（中期～後期）][弥生時代][古墳時代][奈良時代]","集落","[時代不明]竪穴住居跡","縄文土器　石器　弥生土器　土師器　須恵器　蔵骨器　鉄滓",139.6667898,35.71985262,"1"
1311405300,13114,"53","へいわのもりこうえんきたいせき","平和の森公園北遺跡","中野区 新井三丁目　 新井四丁目","[旧石器時代][縄文時代（早期～後期）][弥生時代][古墳時代][近世]","集落","[縄文時代]竪穴住居跡　土坑　小形円形竪穴　[弥生時代]竪穴住居跡　土坑　[古墳時代]竪穴住居跡　溝　[近世]空堀　方形竪穴","縄文土器　弥生土器　炭化物　土師器　滑石製紡錘車　陶磁器　高田徳利　キセル　燈明皿　擂り鉢　寛永通宝　ミニチュア製品",139.6622065,35.71639621,"1"
1311407300,13114,"73","","東郷町遺跡","中野区 本町三丁目","[弥生時代]","包蔵地","","弥生土器",139.6771138,35.69492845,"1"
1311407400,13114,"74","どうげんちょう","道玄町遺跡","中野区 本町三丁目","[弥生時代]","包蔵地","","弥生土器",139.6758092,35.69593221,"1"
1311407500,13114,"75","みやさとちょうひかわじんじゃ","宮里町氷川神社遺跡","中野区 本町四丁目","[弥生時代][奈良時代][平安時代]","包蔵地","","弥生土器　土師器　須恵器　鈴　鏡破片　刀剣　鉄滓",139.6740239,35.69423138,"1"
1311407600,13114,"76","みやさとちょう","宮里町遺跡","中野区 本町四丁目","[弥生時代]","包蔵地","","弥生土器",139.6723073,35.69431503,"1"
1311408300,13114,"83","かわしまちょう","川島町遺跡","中野区 弥生町三丁目　 弥生町四丁目","[縄文時代（後期）][弥生時代][古墳時代]","集落","[弥生時代]竪穴住居跡","縄文土器　石斧　弥生土器　土師器",139.6739896,35.68935176,"1"
1311408600,13114,"86","ふじみだい（だいごこうとうじょしこう）（とりつふじこうこう）いせき","富士見台（第五高等女子校）（都立富士高校内）遺跡","中野区 弥生町五丁目","[縄文時代（早期～中期）][弥生時代][古墳時代]","集落","[縄文時代]竪穴住居跡　[古墳時代]環濠　5軒","縄文土器　打製石斧　石鏃　石皿　凹石　石棒　弥生土器　土師器　鉄製品　瑪瑙製勾玉　土製品　紡錘車　砥石　鉄滓",139.6678098,35.68988157,"1"
1311409300,13114,"93","むかいだい（ひろまち）せき","向田（広町）遺跡","中野区 弥生町六丁目　 南台五丁目","[旧石器時代][縄文時代（後期）][弥生時代][古墳時代]","集落","[古墳時代]竪穴住居跡","土師器　須恵器　支脚形土製品　玉類　縄文土器　石掻　弥生土器　土錘　獣魚骨",139.6613553,35.6853642,"1"
1311500700,13115,"7","","杉並区№7遺跡","杉並区 下井草一丁目","[縄文時代（中期）][弥生時代][古墳時代]","包蔵地","","縄文土器　弥生土器　土師器",139.63108689648,35.7173483488927,"1"
1311500800,13115,"8","","杉並区№8遺跡","杉並区 下井草二丁目","[縄文時代（後期）][弥生時代]","包蔵地","","縄文土器　弥生土器",139.627790995947,35.7172647263011,"1"
1311502300,13115,"23","","杉並区№23遺跡","杉並区 本天沼三丁目","[縄文時代（前期）][弥生時代]","包蔵地","","縄文土器　打斧　石錘　けつ状土製品?",139.621473856751,35.7136130634659,"1"
1311503500,13115,"35","にしだしょうがっこうきたいせき","西田小学校北遺跡","杉並区 荻窪一丁目","[縄文時代（中期）][弥生時代]","集落","[縄文時代]住居跡　土坑　溝状遺構　[弥生時代]住居","縄文土器　打斧　弥生土器　土製品　石鏃",139.62283807595,35.6952595226836,"1"
1311504500,13115,"45","くまのじんじゃいせき","熊野神社遺跡","杉並区 成田西三丁目","[縄文時代（早期～後期）][弥生時代][古墳時代]","集落","[縄文時代]住居　[古墳時代]住居","縄文土器　打斧　磨斧　石槍　石鏃　土師器",139.632374532812,35.6940839933574,"1"
1311504700,13115,"47","やくらだいみなみいせき","矢倉台南遺跡","杉並区 成田西四丁目　 荻窪一丁目","[縄文時代（草創期～後期）][弥生時代][古墳時代][中世]","集落","[古墳時代]住居　[縄文時代]住居跡　[中世]溝状遺構","縄文土器　打斧　石鏃　石匙　石皿　弥生土器　土錘　土師器　有舌尖頭器　翡翠製石製品　須恵器　陶器　礫石器",139.626538045996,35.6936099850923,"1"
1311505000,13115,"50","","杉並区№50遺跡","杉並区 成田東二丁目","[縄文時代（中期）][弥生時代]","包蔵地","","縄文土器　弥生土器",139.63408920323,35.6880278833687,"1"
1311505300,13115,"53","どうかくいせき","道角遺跡","杉並区 大宮二丁目　成田西一丁目","[縄文時代（草創期～中期）][弥生時代（後期）][近世]","集落","[弥生時代]住居跡　[近世]溝状道構","縄文土器　石斧　尖頭器　スクレイパー",139.638003082493,35.6847931743494,"1"
1311505400,13115,"54","おおみや（わだぼり）いせき","大宮(和田堀)遺跡","杉並区 大宮二丁目","[旧石器時代][縄文時代（草創期～後期）][弥生時代]","集落（方形周溝墓）","[弥生時代]方形周溝墓　都指定史跡-大宮遺跡　（昭和54.3.31）","縄文土器　礫器　石鏃　石匙　弥生土器　勾玉　ガラス小玉　土師器",139.639582367292,35.683398862586,"1"
1311505900,13115,"59","まつのきいせき","松ノ木遺跡","杉並区 松ノ木一丁目","[縄文時代（中期）][弥生時代][古墳時代]","集落","[不]住居","縄文土器　石斧　石鏃　凹石　土錘　土偶　炭化米　炭化材　弥生土器　土師器　支脚",139.641127319685,35.6864105452541,"1"
1311506000,13115,"60","ほうなんちょうみねいせきぐん（ほうなんみね・みねみなみ・ほうなん・みね・かまでらひがし・かまでら）いせき","方南町峰遺跡群（方南峰・峰南・方南・峯・釜寺東・釜寺）遺跡","杉並区 堀ノ内一丁目　 方南二丁目","[旧石器時代][縄文時代（早期～後期）][弥生時代（後期）][古墳時代][奈良時代][近世]","集落","[旧石器時代]ブロック　礫群　[縄文時代]住居　炉穴　遺物集中部　炉跡　[弥生時代]住居　環濠　[古墳時代]住居　[近世]溝状遺構　地下室　地下坑","ナイフ形石器　彫器　スクレイパー　敲石　石核　剥片　縄文土器　土製蓋　ミニチュア土器　土偶　打製石斧　磨製石斧石鏃　石錘　石皿　磨石　凹石　石棒　炭化材　炭化米　弥生土器　ガラス小玉　砥石　土師器　須恵器　支脚　紡錘車　鉄環　磁器　陶器",139.657343921961,35.6835046375596,"1"
1311506200,13115,"62","せいびだいいせき","済美台遺跡","杉並区 大宮一丁目　 堀ノ内一丁目","[旧石器時代][縄文時代（草創期～後期）][弥生時代][古墳時代][奈良時代]","集落","[旧石器時代]礫群　[縄文時代]住居　[弥生時代]周溝(方形周溝墓?)　杉並125参照","剥片　縄文土器　打斧　石鏃　石槍　石匙　土錘　土偶　弥生土器　滑石製勾玉　土師器　須恵器　炭化物",139.647187343126,35.6877839189564,"1"
1311506500,13115,"65","ほりのうちなかどおりいせき","堀ノ内中通遺跡","杉並区 堀ノ内二丁目","[縄文時代（中期）][弥生時代][古墳時代][奈良時代][平安時代]","包蔵地","[縄文時代]住居","縄文土器　土師器　須恵器",139.651267110265,35.6872134473887,"1"
1311506700,13115,"67","","杉並区№67遺跡","杉並区 和田一丁目","[縄文時代（後期）][弥生時代]","包蔵地","","縄文土器　弥生土器",139.660622760437,35.6909394077771,"1"
1311506800,13115,"68","ほんむらはらいせきしーちてん","本村原遺跡C地点","杉並区 和田一丁目","[縄文時代（早期～後期）][弥生時代（後期）][古墳時代][平安時代][近世]","包蔵地・集落","[縄文時代]陥穴　[弥生時代]住居　[平安時代]住居　[近世]土坑　溝　植栽跡　段切り状遺構","縄文土器　弥生土器　埴輪　土師器　須恵器　陶磁器　炉器　土器　瓦　土製品　石製品　金属製品　銭貨　ガラス製品",139.662614032148,35.6936162124348,"1"
1311507200,13115,"72","ほんじんやまいせき","本陣山遺跡","杉並区 堀ノ内二丁目　和田二丁目","[縄文時代（早期～中期）][弥生時代（後期）][古墳時代][中世][近世]","集落","[縄文時代]炉穴　集石　土坑　ピット　[弥生時代]住居跡　[中世][近世]掘立柱建物","（旧石器）敲石　剥片類　（縄文）土器　土製円板　（弥生）土器　ガラス小玉　（古墳時代以降）土師器　砥石　鉄環　カワラケ　陶磁器　鉄器など",139.653824,35.685158,"1"
1311508100,13115,"81","どうのしたいせき","堂の下遺跡","杉並区 高井戸東一丁目","[旧石器時代][縄文時代（早期～中期）][弥生時代（後期）][近世]","包蔵地・集落","[旧石器時代]礫群　ブロック　[縄文時代]竪穴式遺構　炉穴　ピット　焼土跡　集石　集石土坑　陥し穴　土坑　[弥生時代]方形周溝墓　[近世]溝　炭焼窯　地下室","ナイフ型石器　角錐状石器　スクレイパー　彫器　楔形石器　石斧　敲石　石核　剥片　削石　縄文土器　石鏃　有舌尖頭器　打製石斧　磨製石斧　　礫斧　磨石　スタンプ型石器　石皿　弥生土器　陶磁器",139.623514862017,35.6796898759574,"1"
1311510800,13115,"108","","杉並区№108遺跡","杉並区 久我山五丁目","[縄文時代（早期・中期）][弥生時代]","包蔵地","","縄文土器　弥生土器",139.600752564022,35.6885855789032,"1"
1311512900,13115,"129","にっしょうじいせきびーちてん","日性寺遺跡B地点","杉並区 成田西二丁目","[旧石器時代][縄文時代（中期）][弥生時代][古墳時代][近世]","集落","[縄文時代]土坑　[古墳時代]住居　[不]ピット群","掻器　縄文土器　石皿　磨石　弥生土器　土師器　土玉　陶磁器",139.62892596413,35.6885784433969,"1"
1311513100,13115,"131","","杉並区№131遺跡","杉並区 下高井戸五丁目","[弥生時代]","包蔵地","","弥生土器",139.622862548915,35.6770126050461,"1"
1311517400,13115,"174","ほんむらはらいせき","本村原遺跡","杉並区 和田一丁目","[縄文時代（早期～前期・後期）][弥生時代（後期）][古墳時代][中世][近世]","包蔵地","[縄文時代]ユニット　集石　土坑","縄文土器　打斧　石鏃　磨石　弥生土器　土師器　須恵器　円筒埴輪　陶磁器",139.662476702522,35.6927239541975,"1"
1311517500,13115,"175","ほんむらはらいせきびーちてん","本村原遺跡B地点","杉並区 和田一丁目","[縄文時代（早期～中期）][弥生時代（後期）][近世]","集落","[弥生時代]住居","縄文土器　弥生土器",139.66292302184,35.6919711035123,"1"
1311517600,13115,"176","かまくらばしうえいせき","鎌倉橋上遺跡","杉並区 浜田山一丁目　 浜田山二丁目","[旧石器時代][縄文時代（早期～後期）]　[弥生時代（後期）][古墳時代][中世][近世]","集落","[旧石器時代]礫群　ブロック　[縄文時代]住居　土坑　[弥生時代]住居　環濠","細石器　細石刃　ナイフ形石器　角錐状石器　スクレイパー　石刃　石核　細石核　縄文土器　尖頭器　打製石斧　石匙　磨石　土偶　弥生土器　石器　ミニチュア土器　被熱粘土塊　陶磁器　銭貨　鉄鏃　土師器",139.627432480931,35.6771411057286,"1"
1311518500,13115,"185","ねがわらいせきびーちてん","根河原遺跡B地点","杉並区 和泉四丁目","[旧石器時代][縄文時代（早期～後期）][弥生時代][中世][近世]","包蔵地","[縄文時代]礫集中部","縄文土器　弥生土器　土師器　石器　陶器　土製品　ガラス製品",139.649241505493,35.6784291440134,"1"
1311518700,13115,"187","せいびだいいせきびーちてん","済美台遺跡B地点","杉並区 大宮一丁目","[縄文時代（中期～晩期）]［弥生時代（後期）］","包蔵地","溝、落ち込み、木列に伴う遺物集中部、ピット、土坑","縄文土器　打製石斧　弥生土器　種子　礫　陶器　不明土器",139.645281525793,35.6888086565039,"1"
1311600100,13116,"1","ひかわじんじゃうらかいづか","氷川神社裏貝塚","豊島区 池袋本町二丁目　 池袋本町三丁目","[縄文時代（前期～晩期）][弥生時代][平安時代][近世]","包蔵地・貝塚","[近世]土坑　生垣　溝　道　掘立柱建物　作物貯蔵孔　動物埋葬墓　畝状遺構","縄文土器　石斧　石鏃　玉類　土偶　弥生土器　土師器　須恵器　陶磁器　土器　土製品　石製品　金属製品　渡来銭　硝子製品　動物遺体",139.7105424,35.74290873,"1"
1311600500,13116,"5","そめいいせき","染井遺跡","豊島区 巣鴨一丁目　 巣鴨二丁目　 巣鴨三丁目　 巣鴨四丁目　 巣鴨五丁目　 駒込一丁目　 駒込二丁目　 駒込三丁目　 駒込四丁目　 駒込五丁目　 駒込六丁目　 駒込七丁目","[縄文時代（早期～後期）][弥生時代（後期）][古墳時代][中世][近世]","包蔵地・集落・貝塚・屋敷（大名屋敷）・その他（町屋）","[縄]住居　陥し穴　[弥生時代]方形周溝墓　[中世]道路　[近世]掘立柱建物　方形竪穴　土坑　地下室　門　井戸　畝　溝　柵列　地鎮址　ピット　畝状遺構","縄文土器　石器　弥生土器　土師器　須恵器　陶磁器　舶載磁器　土製品　石製品　硝子製品　金属製品",139.7413728,35.73716819,"1"
1311600600,13116,"6","すがもいせき","巣鴨遺跡","豊島区 巣鴨一丁目　 巣鴨二丁目　 巣鴨三丁目　 巣鴨四丁目","[縄文時代（中期～後期）][弥生時代（後期）][近世]","包蔵地・集落・屋敷（武家屋敷）・その他（町屋）","[近世]溝状遺構　道路跡　礎石　柱穴列　ピット　土間状遺構　砂利面　埋桶埋設遺構　地下室　焼土整理土坑　ゴミ穴　植栽痕　井戸　土坑　方形竪穴　花壇　掘立柱建物　埋甕　堀　生垣　塀　小穴　硬化面","縄文土器　弥生土器　須恵器　陶磁器　近世土器　近世陶磁器　舶載磁器　国産陶磁器　土製品　石製品　金属製品　木製品　ガラス製品　銭貨　フイゴの羽口　貝　骨角製品　樹脂製品　土器　瓦　磁製品　陶製品　動物遺体",139.735708,35.73549611,"1"
1311600800,13116,"8","こまごめいっちょうめいせき","駒込一丁目遺跡","豊島区 駒込一丁目","[縄文時代（中期）][弥生時代（後期）][近世]","包蔵地・集落・その他（町屋）","[縄]土坑　[弥生時代]竪穴住居址　[近世]ピット群　塀　生垣　溝状遺構　堀　区画施設　畠畝　ゴミ穴　礎石建物列　廃棄坑　防空壕　雨水処理　溝　鍛冶関係遺構　胞衣埋納遺構　地鎮遺構　地下室　貯蔵穴　池　井戸　埋設管　煉瓦枡　甕埋設遺構","縄文土器　打製石斧　磨製石斧　弥生土器　土師器　須恵器　中世陶器　磁器　陶器　土器　土製品　瓦　石製品　金属製品　銭貨　硝子製品　動物遺体",139.7494409,35.73394593,"1"
1320403100,13204,"31","しりつだいごちゅうがっこういせき","市立第五中学校遺跡","三鷹市 新川一丁目 新川四丁目","[旧石器時代][縄文時代（早期～中期）][弥生時代][古墳時代][奈良時代][平安時代][中世][近世]","集落","[旧石器時代]ユニット 礫群 [縄文時代]住居 集石 集石 土坑 [時代不明]土坑 溝状遺構","縄文土器 石器 土錘 土製円板 耳栓 土偶 弥生土器 土師器 須恵器 陶磁器 カワラケ 玉類 銭貨",139.576872061371,35.6710462028253,"1"
1320404300,13204,"43","たきさかいせき","滝坂遺跡","三鷹市 中原一丁目 中原二丁目","[旧石器時代][縄文時代（早期～後期）][弥生時代][古墳時代][奈良時代][平安時代][近世]","集落","[旧石器時代]ユニット 礫群 [縄文時代]住居 集石 炉穴 土坑 [時代不明]ピット 溝状遺構","石器 縄文土器 石器 弥生土器 土師器 陶器 泥人形 泥面子 銭貨 骨片",139.575636098671,35.664854205792,"1"
1320404800,13204,"48","いのかしらいせきぐんえーいせき","井の頭池遺跡群A遺跡","三鷹市 井の頭四丁目 井の頭五丁目","[旧石器時代][縄草][縄文時代（早期～後期）][弥生時代][古墳時代][奈良時代][平安時代][中世][近世]","集落","[旧石器時代]ユニット 礫群 [縄文時代]住居 小竪穴 集石 集石土坑 炉穴 土坑 ピット 配石 溝状 遺構","石器 縄文土器 石器 弥生土器 土師器 須恵器 板碑 陶磁器",139.575481754201,35.6984233956942,"1"
1320508600,13205,"86","さくまかいと（てぃー51）いせき","作馬街道(T-51)遺跡","青梅市 西分町三丁目","[縄文時代（前期）][弥生時代]","包蔵地","","縄文土器　弥生土器",139.267366191976,35.7880175124864,"1"
1320510900,13205,"109","ばば（けー-6・7）いせき","馬場(K-6・7)遺跡","青梅市 師岡町一丁目　 師岡町二丁目","[旧石器時代][縄文時代（早期～後期）][弥生時代（中期～後期）][古墳時代][奈良時代][平安時代][中世]","集落","[旧石器時代]ユニット　[縄文時代]集石　土坑　[弥生時代]住居　方形周溝墓　[奈良時代][平安時代]土坑　井戸状遺構　鍛冶工房","細石刃　細石刃核　掻器　縄文土器　石器　弥生土器　抉入石斧　片刃石斧　石鏃　土師器　須恵器　陶磁器(青磁)　木器　鉄器",139.282403730464,35.7959543308157,"1"
1320511600,13205,"116","かすみだい（けー-27・28・29）いせき","霞台(K-27・28・29)遺跡","青梅市 大門二丁目　 今寺三丁目　 野上町二丁目","[旧石器時代][縄文時代（前期～中期）]［弥生時代（後期）］[古墳時代][奈良時代][平安時代][中世]","集落","[縄文時代]土坑　ピット　[弥生時代][古墳時代]住居　ピット　輪土坑　[奈良時代]住居","ナイフ形石器　尖頭器　縄文土器　石槍　石鏃　掻器　炭化材　弥生土器　土師器　須恵器　砥石　滑石製管玉　木器　炭化米",139.293115400648,35.7965391170108,"1"
1320512100,13205,"121","けー-15いせき","K-15遺跡","青梅市 塩船","[縄文時代（中期）][弥生時代][古墳時代][奈良時代][平安時代]","包蔵地","","縄文土器　弥生土器　土師器　須恵器",139.281957411146,35.804113105255,"1"
1320513100,13205,"131","けー-24いせき","K-24遺跡","青梅市 木野下一丁目","[弥生時代][古墳時代]","包蔵地","","弥生土器　土師器",139.297166607736,35.8068417924496,"1"
1320513500,13205,"135","けー-31いせき","K-31遺跡","青梅市 今寺一丁目","[縄文時代（中期）][弥生時代][古墳時代][奈良時代][平安時代]","包蔵地","","縄文土器　土師器　須恵器",139.297887584995,35.8002983549364,"1"
1320513700,13205,"137","ふじはしじょうしろのこし（けー-32）いせき","藤橋城城の腰(K-32)遺跡","青梅市 藤橋","[縄文時代（中期～後期）][弥生時代][古墳時代][奈良時代][平安時代]","集落","[弥生時代]住居","縄文土器　石斧　弥生土器　土師器　須恵器",139.301046154593,35.8033613071544,"1"
1320514800,13205,"148","いまいばば（けー-37）いせき","今井馬場（K-37）遺跡","青梅市 今井","[縄文時代（中期）]［弥生時代］[古墳時代]","包蔵地","","縄文土器　土師器　須恵器",139.309217234564,35.8064241407375,"1"
1320600200,13206,"2","むさしこくふかんれんいせき","武蔵国府関連遺跡","府中市 日鋼町、片町一丁目、片町二丁目、片町三丁目 寿町一丁目、寿町二丁目、寿町三丁目、小柳町一丁目、小柳町二丁目 清水が丘一丁目、清水が丘二丁目、清水が丘三丁目 白糸台一丁目、白糸台二丁目、白糸台三丁目、白糸台四丁目、白糸台五丁目、白糸台六丁目 八幡町一丁目、八幡町二丁目、八幡町三丁目 府中町一丁目、府中町二丁目、府中町三丁目 分梅町一丁目、分梅町二丁目、分梅町三丁目 本宿町一丁目、本宿町二丁目、本宿町三丁目、本宿町四丁目 緑町一丁目、緑町二丁目、緑町三丁目 宮西町一丁目、宮西町二丁目、宮西町三丁目、宮西町四丁目、宮西町五丁目 宮町一丁目、宮町二丁目、宮町三丁目 美好町一丁目、美好町二丁目、美好町三丁目 若松町一丁目、若松町二丁目、若松町三丁目、日吉町 西府町一丁目、西府町二丁目、西府町三丁目、西府町四丁目、西府町五丁目、日新町二丁目","[旧石器時代][縄文時代][弥生時代][古墳時代][奈良時代][平安時代][中世][近世]","官衙・集落","奈良時代][平安時代]住居　掘立柱建物　土坑　柵　道路　溝　井戸　土壙墓　地下式横穴墓　火葬墓　火葬遺構","須恵器　土師器　二彩　緑釉　刀子　鉄鏃　鉄斧　紡錘車　石帯　土錘　瓦",139.4847811,35.67019899,"1"
1320601800,13206,"18","むさしのこうえんいせき","武蔵野公園遺跡","府中市 多磨町三丁目","[旧石器時代][縄文時代（早期～後期）][弥生時代]","集落","[旧石器時代]礫群 [縄文時代]住居 土坑 配石","細石刃核 石核 縄文土器 打斧 土錘 磨斧 石鏃 石匙 石錘 磨石 敲石 弥生土器",139.517895555656,35.6906828099053,"1"
1320800500,13208,"5","せんがわいせき","仙川遺跡","調布市 仙川町二丁目　 仙川町三丁目","[旧石器時代][縄文時代（早期～中期）][弥生時代][古墳時代][近世]","包蔵地・集落","[旧石器時代]礫群　[縄文時代]集石　土坑　[古墳時代]住居　[近世]溝","ナイフ形石器　尖頭器　掻器　石核　剥片　縄文土器　打斧　弥生土器　土師器　須恵器　鉄製品　陶磁器",139.584402,35.66485111,"1"
1320801100,13208,"11","じゃくぼいせき","蛇久保遺跡","調布市 西つつじヶ丘一丁目","[旧石器時代][縄文時代（中期）][弥生時代][古墳時代][奈良時代][近世]","包蔵地・集落","[旧石器時代]石器集中箇所　炭化物集中箇所　[縄文時代]住居　集石　炉　焼土　土坑　土壙墓　埋甕　[古墳時代]住居　[近世]溝","ナイフ形石器　尖頭器　縄文土器　打斧　磨石　耳飾　勾玉　土師器　陶磁器",139.5649612,35.66571255,"1"
1320801700,13208,"17","どうやまいせき","堂山遺跡","調布市 深大寺元町五丁目　 深大寺北町一丁目　 深大寺北町二丁目","[旧石器時代][縄文時代（草創期・前期～中期）][弥生時代]","包蔵地","[縄文時代]集石　土坑　[近世]溝","ナイフ形石器　尖頭器　縄文土器　弥生土器　土師器　須恵器　陶磁器　銭貨",139.5485285,35.67118026,"1"
1320802200,13208,"22","におうづかいせき","仁王塚遺跡","調布市 深大寺元町三丁目","[旧石器時代][縄文時代（早期～中期）][弥生時代][奈良時代][平安時代][中世]","集落","[縄文時代]炉穴　土坑　[弥生時代][古墳時代][奈良時代]住居　[中世]地下式土坑　[時代不明]溝","縄文土器　石器　土師器　須恵器　陶磁器　カワラケ",139.5463482,35.66730348,"1"
1320802300,13208,"23","じんだいじしろやまいせき","深大寺城山遺跡","調布市 深大寺元町二丁目","[縄文時代（早期～中期）][弥生時代][古墳時代][奈良時代][平安時代][中世]","包蔵地・集落・城館","[縄文時代]炉穴　陥し穴　[弥生時代]～[平安時代]住居　[中世]掘立柱建物　地下式坑　堀　土塁","縄文土器　石器　弥生土器　土師器　須恵器　鉄製品　カワラケ　銭貨　陶磁器　舶載陶磁器　鉄製品　銭貨",139.5504021,35.66519745,"1"
1320802700,13208,"27","のがわいせき","野川遺跡","調布市 野水一丁目　野水二丁目","[旧石器時代][縄文時代（早期～後期）][弥生時代]","包蔵地","[旧石器時代]礫群　配石　[縄文時代]住居　三鷹2に接続","ナイフ形石器　尖頭器　細石器　礫器　縄文土器　石器　弥生土器",139.5248308,35.68457177,"1"
1320804900,13208,"49","そめちいせき","染地遺跡","調布市 染地二丁目　 染地三丁目","[縄文時代（晩期）][弥生時代（後期）][古墳時代][奈良時代][平安時代]","集落","[弥生時代]住居　炉　[古墳時代]土坑　生産工房　[古墳時代][奈良時代][平安時代]住居　道路　溝　鍛冶工房　[中世]溝　濠　[近世]土葬墓","縄文土器　石器　石製品　弥生土器　土師器　須恵器　墨書土器　陶器（灰釉・緑釉）　紡錘車　勾玉　臼玉　ガラス玉　金属製品　陶磁器　板碑　小鉄仏　瓦　銭貨　木製品",139.5573796,35.64174287,"1"
1321200600,13212,"6","しんめいうえいせき","神明上遺跡","日野市 神明一丁目 神明二丁目 神明三丁目 神明四丁目 大坂上三丁目 大坂上四丁目 多摩平七丁目","[旧石器時代][縄文時代（早期～中期）][弥生時代][古墳時代][奈良時代][平安時代][近世]","集落","住居 掘建柱建物跡 土坑 集石 溝","石器 縄文土器 土師器 須恵器ほか",139.3932299,35.67174888,"1"
1321201800,13212,"18","ふきあげいせき","吹上遺跡","日野市 東豊田三丁目","[縄文時代（中期）][弥生時代][古墳時代][奈良時代][平安時代]","集落","","",139.3894416,35.665114,"1"
1321203800,13212,"38","おちかわ・いちのみやいせき","落川・一の宮遺跡","日野市 落川","[縄文時代（晩期）][弥生時代（中期）][古墳時代][奈良時代][平安時代][中世][近世]","集落","[古墳時代]住居 土坑 [奈良時代]住居 掘立柱建物 土坑 溝 [古墳時代]?～[近世]水田 [奈良時代]～[中世]石敷遺構 [平安時代]住居 掘立柱建物 土坑 溝 粘土採掘坑 [中世]掘立柱建物 竪穴状遺構 地下炉 土坑 溝 道路 流路 [近世]礎石建物 畑 溝 墓壙","縄文土器 打斧 石鏃 弥生土器 土師器 須恵器 管玉 子持勾玉 勾玉 金環 石製模造品 砥石 刀子 鎚 釘 鉄鏃 石製・鉄製紡錘車 鉄錘 土錘 鉄鈴 門金具 陶硯 馬具 鍔 飾金具 墨書土器 磨石 石製・青銅製帯飾 馬歯 陶磁器 カワラケ 舶載陶磁器 瓦 板碑 銭貨 木杯 木蓋 くし 木杭",139.4368986,35.65469381,"1"
1321400800,13214,"8","はなざわにしいせき","花沢西遺跡","国分寺市 本町四丁目 南町三丁目 泉町一丁目 東恋ヶ窪一丁目","[旧石器時代][縄文時代][弥生時代]","集落","[縄文時代]住居 土坑 埋甕","縄文土器 打斧 磨斧 石鏃 石匙 石錐 スタンプ形石器 石棒 弥生土器",139.4680368,35.69935258,"1"
1321900200,13219,"2","こあだちまえはらみなみいせき","小足立前原南遺跡","狛江市 西野川三丁目 西野川四丁目 和泉本町四丁目","[弥生時代][古墳時代][奈良時代][平安時代][近世]","集落","[古墳時代]住居","弥生土器 土師器 須恵器 陶器",139.5717728,35.64557441,"1"
1321900300,13219,"3","こあだちまえはらひがしいせき","小足立前原東遺跡","狛江市 西野川二丁目 西野川四丁目","[弥生時代][古墳時代][奈良時代]","包蔵地","[奈良時代]住居 土坑","弥生土器 土師器 須恵器",139.5735409,35.64782031,"1"
1321900400,13219,"4","みのわいせき","箕和遺跡","狛江市 西野川二丁目 西野川四丁目","[弥生時代][古墳時代]［奈良時代］[近世]","集落","[縄文時代]土坑 [古墳時代]住居 [奈良時代]住居","弥生土器 土師器 石製模造品 陶器",139.5743992,35.64949422,"1"
1321900500,13219,"5","みのわだ・きたくぼいせき","箕和田・北久保遺跡","狛江市 西野川二丁目 和泉本町三丁目","[縄文時代（中期）][弥生時代][古墳時代][奈良時代][平安時代][近世]","集落","[近世]溝状遺構 墓地","縄文土器 弥生土器 土師器 須恵器 陶磁器 鉄製品 銅製品 煙管 銭貨",139.5741074,35.64335636,"1"
1321900800,13219,"8","こあだちなかむらみなみいせき","小足立中村南遺跡","狛江市 東野川二丁目 西野川一丁目","[弥生時代][古墳時代][奈良時代][平安時代]","集落","[平安時代]住居 掘立柱建物","弥生土器 土師器 須恵器",139.578934,35.644489,"1"
1321901300,13219,"13","がくとうみしまひがしいせき","覚東三島東遺跡","狛江市 東野川四丁目","[弥生時代][古墳時代]","包蔵地","","弥生土器 土師器",139.5852482,35.64222638,"1"
1321901800,13219,"18","はらきたいせき","原北遺跡","狛江市 和泉本町一丁目","[縄文時代（中期）][弥生時代][古墳時代][奈良時代][平安時代][近世]","集落","[古墳時代]住居","縄文土器 弥生土器 土師器 須恵器 陶器 カワラケ",139.5774313,35.63893222,"1"
1321902300,13219,"23","しゅくやしきひがしいせき","宿屋敷東遺跡","狛江市 岩戸北一丁目 岩戸北三丁目","[弥生時代][古墳時代][近世]","包蔵地","[中世][近世]竪穴状遺構 [時代不明]溝","弥生土器 土師器 須恵器 陶器",139.5834677,35.63511474,"1"
1321902900,13219,"29","ふるやしき・あいのはらいせき","古屋敷・相之原遺跡","狛江市 岩戸南二丁目 岩戸南三丁目","[縄文時代（草創期・中期～後期）][弥生時代][古墳時代][奈良時代][平安時代][近世]","集落","[弥生時代]住居 [古墳時代][奈良時代][平安時代]住居 [時代不明]土師器窯 土坑","縄文土器 有舌尖頭器 石鏃 弥生土器 土師器 須恵器 鉄鎌 鉄鏃 刀子 石製模造品 陶磁器",139.5904667,35.62996028,"1"
1321903200,13219,"32","やざきやまいせき","矢崎山遺跡","狛江市 猪方一丁目","[弥生時代（後期）][古墳時代]","集落","[弥生時代][古墳時代]住居","弥生土器 土師器 円筒埴輪",139.5840006,35.62841874,"1"
1321903600,13219,"36","てらまえひがしいせき","寺前東遺跡","狛江市 東和泉一丁目 東和泉二丁目 猪方一丁目","[縄文時代（早期～前期）][弥生時代][古墳時代][奈良時代][平安時代][中世][近世]","集落","[縄文時代]住居 [平安時代]住居 [時代不明]掘立柱建物 土坑 溝状遺構","縄文土器 打斧 石鏃 石皿 磨石 弥生土器 土師器 須恵器 陶器 カワラケ 釘 銭貨",139.5796233,35.62964658,"1"
1321904201,13219,"42-1","べんてんいけいせき","弁財天池遺跡","狛江市 中和泉一丁目","[旧石器時代][縄文時代（中期～後期）][弥生時代（後期）][古墳時代][奈良時代][平安時代][中世][近世]","集落","[旧石器時代]ブロック [縄文時代]住居 集石 土坑 [弥生時代][古墳時代]方形周溝墓 [古墳時代][奈良時代]住居 [奈良時代][平安時代]掘立柱建物 [中世][近世]土坑","ナイフ形石器 尖頭器 細石刃 縄文土器 打斧 石鏃 石皿 土製円板 石棒 弥生土器 槍先形鉄製品 鉄釧 銅釧 土師器 須恵器 紡錘車 銀製穂積具",139.575899,35.63310663,"1"
1321904300,13219,"43","いずみだぐらいせき","和泉駄倉遺跡","狛江市 東和泉一丁目","[縄文時代（中期～後期）][弥生時代（後期）][古墳時代][奈良時代][平安時代][近世]","集落","[縄文時代]住居 [弥生時代][古墳時代]住居 [奈良時代][平安時代]住居 掘立柱建物","縄文土器 弥生土器 土師器 須恵器 陶磁器",139.5794181,35.6316277,"1"
1321905600,13219,"56","みやまえいせき","宮前遺跡","狛江市 中和泉一丁目 中和泉二丁目 中和泉三丁目","[縄文時代（中期）][弥生時代][古墳時代][奈良時代][近世]","集落","[古墳時代]住居","縄文土器 弥生土器 土師器 須恵器 カワラケ",139.570732,35.63620392,"1"
1321906500,13219,"65","いりうえいせき","圦上遺跡","狛江市 中和泉三丁目 中和泉四丁目","[縄文時代（中期～晩期）][弥生時代][古墳時代][奈良時代][中世]","集落","[縄文時代]住居 [古墳時代]住居 [奈良時代]住居 [中世]地下式土坑","縄文土器 打斧 石鏃 石匙 石錐 凹石 耳飾 土製勾玉 石剣 岩版 土偶 弥生土器 土師器 須恵器 銭貨 陶磁器",139.5672118,35.63463074,"1"
1322300800,13223,"8","のやまだい5いせき","野山第5遺跡","武蔵村山市 本町五丁目","[縄文時代（早期～後期）][弥生時代][古墳時代][奈良時代][平安時代][近世？]","集落","[縄文時代]集石土坑　集石炉　溝　配石　[弥]住居　[古墳時代]住居　[奈良時代]住居　[平安時代]住居　[近]炭窯　[時代不明]土坑　溝","尖頭器　縄文土器　打斧　磨斧　石鏃　掻器　楔形石器　磨石　スタンプ形石器　敲石　石核　土製円板　土師器　須恵器　手捏土器　支脚　砥石　紡錘車　土玉",139.3851431,35.76217173,"1"
1322301300,13223,"13","きちじょうやまいせき","吉祥山遺跡","武蔵村山市 本町四丁目","[旧石器時代][縄文時代（早期～晩期）][弥生時代（後期）][古墳時代][平安時代]","集落","[縄文時代]住居　炉穴　野外炉　土坑　[弥生時代]住居　[古墳時代]住居","ナイフ形石器　尖頭器　縄文土器　打斧　石鏃　石刃　弥生土器　土師器　須恵器　瓦",139.387821,35.75868928,"1"
1322301800,13223,"18","やしきやまいせき","屋敷山遺跡","武蔵村山市 中藤一丁目","[旧石器時代][縄文時代（草創期～晩期）][弥生時代（後期）][古墳時代][平安時代][中世]","集落","[縄文時代]住居　竪穴状遺構　ピット","縄文土器　打斧　スタンプ形石器　弥生土器　土師器　瓦",139.3980655,35.75746344,"1"
1322303800,13223,"38","うしろがやといせき","後ヶ谷戸遺跡","武蔵村山市 岸三丁目","[縄文時代（中期）][弥生時代（後期）][古墳時代][近世]","包蔵地","[弥生時代]集石","縄文土器　弥生土器　須恵器　陶磁器　木片",139.3727331,35.76496954,"1"
1322803000,13228,"30","あじろべんてんどうけついせき","網代弁天洞穴遺跡","あきる野市 網代","[縄文時代][弥生時代][平安時代][中世][近世]","洞穴（祭祀）","","縄文土器　打斧　磨斧　礫器　石鏃　凹石　管玉　弥生土器　有孔円板　須恵器　鉄刀子　経石　石像　銭貨",139.246692,35.720572,"1"
1322803100,13228,"31","しょうがんじいせき","松岩寺遺跡","あきる野市 北伊奈","[弥生時代][中世]","城館","","須恵器",139.2521165,35.73534358,"1"
1322807500,13228,"75","よつぎいせき","代継遺跡","あきる野市 上代継","[縄文時代（前期～中期）][弥生時代][古墳時代]","集落","[縄文時代]住居跡　土坑　集石土坑　炉跡　[古墳時代]住居跡　掘立柱建物跡　土坑　[中世][近世]地下室　配石列　溝　[近世]土坑","石核　剥片　縄文土器　打斧　磨斧　石鏃　石匙　石皿　石器　弥生土器　土師器　須恵器　石器　鉄製品　鉄滓　金環　石製品　金属製品　土製品　陶磁器　銭貨",139.2811787,35.72528945,"1"
1322808200,13228,"82","よだいせき","余田遺跡","あきる野市 平沢　 二宮　 秋留三丁目","[縄文時代（中期）][弥生時代][古墳時代]","集落","[弥生時代]住居跡　[古墳時代]住居跡　土坑","縄文土器　石器　弥生土器　土師器　鉄製品　石製品　国産陶磁器",139.296783,35.725471,"1"
1322808900,13228,"89","まえだこうちいせき","前田耕地遺跡","あきる野市 二宮　 野辺　 小川","[旧石器時代][縄文時代（草創期～後期）][弥生時代][古墳時代][平安時代][中世][近世]","集落","[縄文時代]住居跡　集石土坑　炉　土坑　石器製作址　配石","尖頭器　細石刃核　掻器　削器　縄文土器　打斧　磨斧　礫器　石鏃　石匙　石皿　磨石　台石　有溝砥石　剥片　土錘　土偶　弥生土器　土師器　須恵器　陶器（灰釉)　鎌　刀子　陶磁器　瓦　杭　焼礫",139.3154045,35.72418002,"1"
1322809100,13228,"91","にのみや・にのみやもりこしいせき","二宮・二宮森腰遺跡","あきる野市 二宮　 平沢","[旧石器時代][縄文時代（草創期～後期）][弥生時代][古墳時代][奈良時代][平安時代][中世][近世]","集落・経塚・社寺・城館","[縄文時代]住居跡　敷石住居　炉　土坑　柱穴群　埋甕　[平安時代]経塚　[中世]地下式土坑","細石刃核　縄文土器　打斧　磨斧　礫器　石鏃　石匙　石錐　石箆　石皿　磨石　スタンプ形石器　凹石　剥片石器　弥生土器　土師器　須恵器　鉄釘　鉄製品　鍔　柄頭鞘尻　瓦　陶磁器　金銅仏　銭貨",139.3128296,35.72886241,"1"
1322900300,13229,"3","なかあらやしきいせき","中荒屋敷遺跡","西東京市 下保谷三丁目","[旧石器時代][縄文時代(前期)][弥生時代]","包蔵地","[旧石器時代]ブロック","縄文土器 弥生土器 剥片",139.5646,35.75364,"1"
1322900700,13229,"7","したのやいせき","下野谷遺跡","西東京市 東伏見二丁目 東伏見三丁目 東伏見六丁目","[旧石器時代][縄文時代(早期～後期)][弥生時代（後期）][古墳時代][平安時代][近世]","集落","[旧石器時代]ブロック 礫群 炭化物集中 [縄文時代]住居跡 掘立柱建物跡 竪穴 炉穴 陥し穴 集石土坑 土坑 ピット ピット列 埋設土器 [近世]竪穴 溝 道路 集石 配石 柵列 土坑 硬化面 畑 ピット","石器 剥片 焼礫 縄文土器 土錘 土製円盤 垂飾 耳栓 炭化物 矢柄研磨器 砥石 陶磁器 土師質土器 瓦質土器 銭貨 煙管 須恵器 管状土錘 土鈴 刀子 釘 弥生土器 土師器",139.5611,35.7257,"1"
1330300200,13303,"2","さやまいせき","狭山遺跡","瑞穂町 箱根ヶ崎","[旧石器時代][縄文時代（前期～中期）][弥生時代][古墳時代][平安時代]","集落","［時代不明］住居跡 炉 土坑 溝状遺構 溝","ナイフ形石器 尖頭器 細石刃 細石刃核 掻器 削器 石錐 旧石器 縄文土器 打斧 磨斧 有茎尖頭器 石鏃 石皿 磨石 凹石 敲石 土製円板 石器 弥生土器 土師器 須恵器 陶磁器 ガラス製品 金属製品 銭貨",139.3498167,35.77550709,"1"
1330300300,13303,"3","せんげんやついせき","浅間谷遺跡","瑞穂町 箱根ヶ崎","[旧石器時代][縄文時代（早期・中期～後期）]［弥生時代］","包蔵地","[縄文時代]炉","尖頭器 細石刃核 掻器 縄文",139.3540739,35.776287,"1"
1330500900,13305,"9","たけのうえいせき","岳の上遺跡","日の出町 平井","[縄文時代（早期～後期）][弥生時代]","集落","[縄文時代]住居　敷石住居　土坑　埋甕　列石","縄文土器　打斧　磨斧　石鏃　石匙　石錘　石皿　磨石　凹石　石棒　弥生土器",139.2547562,35.73861047,"1"
1330501800,13305,"18","みよしのいせきぐんはけうえ・しももはらちく","三吉野遺跡群欠上・下モ原地区","日の出町 平井","[縄文時代（中期）][弥生時代（後期）][古墳時代][奈良時代][平安時代][中世]","集落","[弥生時代][古墳時代]住居　円形土坑　[中世]?　掘立柱建物　土坑","石斧　敲打器　土師器　刀子　砥石　土製紡錘車　管玉　臼玉",139.2825654,35.73827606,"1"
