"JASID","自治体コード","遺跡番号","ふりがな","遺跡名","所在地","時代","種別","主な遺構/概要","主な出土品","経度","緯度","旧石器時代"
1310102200,13101,"22","とうきょうこくりつきんだいびじゅつかんいせき","東京国立近代美術館遺跡","千代田区 北の丸公園","[旧石器時代][縄文時代（早期～後期）][弥生時代][古墳時代][中世][近世]","集落・城館","[旧石器時代]礫群　[縄文時代][弥生時代][古墳時代]住居　[中世]井戸　土坑群　地下式土坑　溝状遺構　堀　[近世]井戸　石組遺構","縄文土器　弥生土器　土製勾玉　土師器　須恵器　砥石　土錘　石製<U+9299>帯　石製模造品　陶磁器　カワラケ　瓦　鉄鏃　板碑　ガラス製品　焼塩壺　銭貨",139.754735,35.69037522,"1"
1310104200,13101,"42","きおいちょういせき","紀尾井町遺跡","千代田区 紀尾井町","[旧石器時代][縄文時代（早期・中期～後期）][弥生時代（後期）][中世][近世][近代]","包蔵地・集落・屋敷","土坑　盛土　土手　石組溝　土坑　埋桶　柱穴　石垣遺構（紀州和歌山藩屋敷関係）　石垣　溝","縄文土器　弥生土器　陶磁器　瓦　金属製品　泥人形　間知石　石製品",139.7371627,35.68084957,"1"
1310306900,13103,"69","","港区№69遺跡","港区 白金台五丁目","[旧石器時代][縄文時代][弥生時代][近世]","武家屋敷","[近世]建物　礎石　土坑　地下室　ピット群　土坑　井戸　溝　溝状遺構　土壙墓　石組","石器　縄文土器　弥生土器　陶磁器　土器　土製品　瓦　石製品　金属製品　木製品　ガラス製品　骨製品　玩具　銭貨　動植物遺体",139.719772,35.639008,"1"
1310307500,13103,"75","みただいまちいせき","三田台町遺跡","港区 三田四丁目","[旧石器時代][縄文時代][弥生時代][古墳時代][奈良時代][平安時代]","集落","[弥生時代]?　住居　[古墳時代]住居","石器　縄文土器　弥生土器　土師器　須恵器",139.739112898499,35.6418772286788,"1"
1310400200,13104,"2","おちあいいせき","落合遺跡","新宿区 中落合四丁目　 中井一丁目　 中井二丁目","[旧石器時代][縄文時代（早期?後期）][弥生時代（後期）][古墳時代][奈良時代][平安時代][近世]","包蔵地・集落・屋敷","[旧石器時代]礫群　[縄文時代]竪穴住居　土坑　炉跡　集石　土器焼成坑　ピット　[弥生時代]竪穴住居　掘立柱建物跡　方形周溝墓　[古墳時代]住居　[奈良時代][平安時代]掘立柱建物　竪穴住居跡　土坑　[近世]杭列　焼土　溝状遺構　ピット　[時期不明]建物　住居　ピット　溝","石器　ナイフ形石器　石核　剥片　砕片　縄文土器　打斧　石槍　石鏃　石核　弥生土器　石包丁　土師器　須恵器　鉄製品　陶磁器　刀子　砥石　坏",139.6805457,35.71627471,"1"
1310401000,13104,"10","とやまがはらうえのだいいせき","戸山ヶ原上ノ台遺跡","新宿区 百人町四丁目　 北新宿四丁目","[旧石器時代][縄文時代（中期?後期）][弥生時代（後期）][古墳時代][奈良時代][平安時代]","包蔵地・集落","[旧石器時代]集中地点　[縄文時代]竪穴住居跡　土坑　炉穴　集石　ピット　[古墳時代]竪穴住居跡　住居跡　ピット　[近世]土坑　ピット","ナイフ形石器　角錐状石器　リタッチドフレイク　フレイク　チップ　縄文土器　土偶　土製垂飾品　石器　弥生土器　土師器　　灰釉陶器　鉄器　陶磁器類　煙草吸口　銭貨　笄　ガラス瓶類",139.6947029,35.70849936,"1"
1310401500,13104,"15","いちがやこうらちょういせき","市谷甲良町遺跡","新宿区 市谷山伏町 市谷甲良町 二十騎町","[旧石器時代][縄文時代（前期～後期）][近世]","包蔵地・集落・屋敷","[縄文時代]住居跡 竪穴状遺構 屋外埋甕 遺構集中部 土坑 柱穴 小穴 [近世]地下室 土坑 井戸 井戸状遺構 植栽痕 溝状遺構 土取穴 胞衣処理施設 小穴 ピット 建物跡 土取り穴 礎石 硬化面 [近代以降]建物基礎","縄文土器 石器 土製品 磁器 陶器 せっ器 土器 瓦 土製品 金属製品 木製品 骨角製品 ガラス製品 石製品",139.7282492,35.69941572,"1"
1310402700,13104,"27","あらきちょういせき","荒木町遺跡","新宿区 荒木町","[旧石器時代][縄文時代（中期）][近世]","包蔵地・屋敷","[旧石器時代]礫群 [近世]ピット 廃棄土坑 土坑 地下室 半地下室 井戸","[縄文時代]土器 [近世]磁器 陶器 ?器 土器 瓦 土製品 金属製品 石製品 ガラス製品 骨製品 錆釉セミ形掛花生 染付唐草文三島手掛分花生 壷屋焼の擂鉢片 クレイパイプ片 木札 [旧石器時代]ナイフ形石器 石核",139.7235352,35.68920231,"1"
1310403500,13104,"35","みょうしょうじがわ??1いせき","妙正寺川No.1遺跡","新宿区 西落合二丁目","[旧石器時代][縄文時代（早期?後期）][弥生時代（後期）][古墳時代][奈良時代][平安時代][中世][近世]","包蔵地","[旧石器時代]礫群　[縄文時代]土坑　[近世]水田址　井戸状遺構","材　縄文土器　石器　木製品　弥生土器　陶器　磁器　埴輪　土製品　石製品　金属製品　土師器",139.6748036,35.72067884,"1"
1310404300,13104,"43","ひゃくにんちょうさんちょうめいせき","百人町三丁目遺跡","新宿区 百人町二丁目 百人町三丁目 百人町四丁目 大久保三丁目","[旧石器時代][縄文時代（早期・中期～後期）][弥生時代（後期）][古墳時代][奈良時代][平安時代][近世]","包蔵地・屋敷","[旧石器時代]土坑 [縄文時代]土坑 [奈良時代]ピット [近世]溝 土坑 焼土集中地点 半地下室 土坑 井戸 小穴 溝状遺構 地下室 柱穴 杭穴 胞衣理納遺構・礎石建物跡","石器 礫 縄文土器 石器 弥生土器 土師器 国分寺瓦片 磁器 陶器 土師質土器 金属製品 石製品 動物遺存体 せっ器 近世土器 瓦 土製品 木製品 石製品 自然遺物 ガラス製品 植木鉢 土製品 骨角製品 火縄銃の弾 美濃系陶器志野 内耳付焙烙",139.7008827,35.7061576,"1"
1310404500,13104,"45","やらいちょういせき","矢来町遺跡","新宿区 矢来町","[旧石器時代][近世]","包蔵地・屋敷","[奈良・平安時代]小穴　[近世]建物跡　建物基礎　地下室　半地下施設　井戸　ごみ穴　溝　溝状遺構　畝状遺構　土坑　礎石　小穴　柱穴・坑穴　採土坑","フレーク　磁器　陶器　せっ器　ナイフ形石器　近世土器　土師器　須恵器　瓦　土製品　金属製品　木製品　ガラス製品　石製品　自然遺物　ガラス製の小壷　鍋島様式の五寸皿",139.732346,35.702518,"1"
1310404900,13104,"49","しもとつかいせき","下戸塚遺跡","新宿区 西早稲田一丁目　 西早稲田三丁目","[旧石器時代][縄文時代（草創期?後期）][弥生時代（後期）][古墳時代][奈良時代][平安時代][中世][近世]","包蔵地・集落・屋敷","[旧石器時代]石器ブロック　礫群　[縄文時代]土坑　集石遺構　土坑　炉穴　陥坑　[弥生時代]竪穴式住居　環壕　方形周溝墓　土坑　[古墳時代]竪穴式住居跡　土坑　方形周溝墓　円墳　[奈良時代]竪穴式住居　土坑　掘立柱建物跡　溝　[中世]掘立柱建物跡　柵列　井戸　地下式坑　土坑　溝　方形周溝状区画溝　[近世]建物跡　柵列　地下室　井戸　土坑　溝状遺構　竪穴状遺構　畝状遺構　ピット","剥片　礫　縄文土器　石器　弥生土器　ガラス製小玉　青銅製品　土製勾玉　蓑玉　炭化米　金属製品　石製有孔円板　滑石製管玉　石製品　鉄製品　ガラス製品　ベンガラ塊　土師器　須恵器　灰釉　緑釉陶器　砥石　土製品　鉄器　墨書土器　磁器　陶器　瓦器　中世土器　埋納銭貨　青磁　土製品　瓦　木製品　近世土器",139.7169465,35.71088671,"1"
1310406000,13104,"60","あなはちまんじんじゃいせき","穴八幡神社遺跡","新宿区 西早稲田一丁目　 西早稲田二丁目","[旧石器時代][縄文時代（早期?中期）][弥生時代（後期）][近世]","包蔵地・集落・社寺","[縄文時代]礫群　[弥生時代]住居跡","石器　縄文土器　石器　礫　弥生土器　石鏃　棗玉　転用硯　磁器　陶器　銭貨",139.7176675,35.70731839,"1"
1310406100,13104,"61","いちがやほんむらちょういせき","市谷本村町遺跡","新宿区 市谷本村町","[旧石器時代][縄文時代（早期～晩期）][平安時代][近世]","包蔵地・集落・屋敷","[旧石器時代]ブロック 遺物集中地点 [縄文時代]住居跡 集石 土坑 ピット 炉穴 土器埋設 [平安時代]竪穴住居跡 土坑 [近世]石垣 土塁礎石 船渠 石組遺構 地下式土坑 礎石建物跡 掘立柱建物跡 土坑 柱穴乱杭護岸 土蔵基礎 埋桶 井戸 寵跡 池 石櫃遺構 溝 塀 ごみ穴 焼土跡 瓦組 地下室 木組構築 石組構築 土器埋設 杭列 瓦溜 溝状遺構 礎石 塀関係 木桶 道路関係 畝状遺構 大型土坑 地震断層 硬化面 土手状遺構 焼土溜 砂利敷 石組溝 埋甕 植栽痕 ピット [近世][近代]礎石列 水琴窟状 レンガ組遺構 レンガ桝","石器（4層段階石器群） 縄文土器 土師器 須恵器 鉄製品 鉄滓 板碑片? 磁器 陶器 近世土器 瓦 土製品 ミニチュア 金属製品 銭貨 木製品 漆器類 骨角製品 ガラス製品 石製品 石塔 繊維 せっ器 近世陶磁器類 レンガ",139.7290067,35.69304468,"1"
1310406500,13104,"65","たかだのばばさんちょうめいせき","高田馬場三丁目遺跡","新宿区 高田馬場三丁目","[旧石器時代][縄文時代（早期?後期）][弥生時代（後期）][古墳時代][奈良時代]","包蔵地・集落","[弥生時代]竪穴住居　竪穴住居跡　[古墳時代]竪穴住居跡　[近世]溝　[時期不明]土坑","剥片　砕片　縄文土器　石器　小銅鐸　管状銅製品　ガラス小玉　土師器　鉄製品　青銅製品",139.6956862,35.7132084,"1"
1310406800,13104,"68","きたしんじゅくさんちょうめいせき","北新宿三丁目遺跡","新宿区 北新宿三丁目","[旧石器時代][縄文時代（前期?中期）][弥生時代（後期）][古墳時代][中世][近世]","包蔵地・集落","[弥生時代]竪穴住居跡　[古墳時代]竪穴住居跡　[中世]地下式壙　土坑　小穴　[近世]地下室　土坑　柱穴　溝","石器　尖頭器　石核　剥片　縄文土器　弥生土器　ガラス小玉　炭化米　古墳土器　ガラス小玉　磁器　陶器　せっ器　近世土器　瓦　金属製品",139.689965,35.70440123,"1"
1310407400,13104,"74","しんじゅくよんちょうめいせき","新宿四丁目遺跡","新宿区 新宿四丁目","[旧石器時代][近世]","包蔵地・屋敷","","",139.702821,35.68834309,"1"
1310407700,13104,"77","かみおちあいにちょうめいせき","上落合二丁目遺跡","新宿区 上落合一丁目 上落合二丁目","[旧石器時代][縄文時代（前期～中期）][古墳時代][奈良時代][平安時代]","包蔵地・集落","[古墳時代]竪穴住居跡 [奈良時代]竪穴住居跡 土坑 掘立柱建物跡 埋納土坑 [平安時代]埋納土坑","縄文土器 土師器 ガラス小玉 土師器 須恵器 鉄製品 土製品 石製品 羽口",139.690914,35.71507608,"1"
1310407900,13104,"79","ひゃくにんちょうさんちょうめにしいせき","百人町三丁目西遺跡","新宿区 百人町三丁目 北新宿四丁目","[旧石器時代][縄文時代（草創期～後期）][弥生時代（後期）][古墳時代][奈良時代][平安時代][近世]","包蔵地・集落","[旧石器時代]土坑 炉穴 土坑 石器・礫集中 [縄文時代]土坑 陥し穴 ピット [古墳時代]住居跡 井戸 土坑 ピット 掘立柱建物跡 土師器焼成坑 [平安時代]住居跡 土師器焼成坑 掘立柱建物跡 [古墳時代]～[中世]住居跡・土坑 ピット [近世]畝跡 井戸 土坑 溝 ピット [弥生時代]～[古墳時代]住居跡","礫 石器 縄文土器 弥生土器 土製品 石製品（砥石） ガラス小玉 土師器 須恵器 古墳土器 土師器 土製品（支脚） 鉄製品（刀子・鏃・鉄錐等） 墨書土器 灰釉陶器 磁器 陶器 近世土器 ?器 金属製品 土製品 土器（台付甕・台付甕小・甕・壷・高杯）",139.6947029,35.70590669,"1"
1310408000,13104,"80","にしわせださんちょうめいせき","西早稲田三丁目遺跡","新宿区 西早稲田三丁目 高田馬場二丁目","[旧石器時代][縄文時代（早期～後期）][弥生時代（後期）][古墳時代][近世]","包蔵地・集落・屋敷","[旧石器時代]石器ブロック 礫群 [縄文時代]集石 集石土坑 住居跡 [弥生時代]竪穴住居跡 [弥生時代][古墳時代]住居跡 掘立柱建物跡 方形周溝墓 溝状遺構 土坑 [古墳時代]住居跡 掘立柱建物跡 土坑 竪穴式住居跡 [近世]地下室 溝状遺構 土坑","石器 礫 縄文土器 弥生土器 ガラス製品 壷棺 鉄釧 土師器 須恵器 土製品 石製品 鉄製品 古墳土器 磁器 陶器 金属製品 骨製品 木製品 せっ器 近世土器",139.7115907,35.71294957,"1"
1310408400,13104,"84","すみよしちょうにしいせき","住吉町西遺跡","新宿区 住吉町 市谷台町 余丁町","[旧石器時代][縄文時代（中期）][近世]","包蔵地・屋敷","[縄文時代]陥し穴 柱穴 性格不明遺構 [近世]地下室 土坑 井戸 溝 建物跡 飛石 池 胞衣皿埋納遺構 半地下室 道路遺構 柱穴 小穴","石器 縄文土器 磁器 陶器 せっ器 近世土器 瓦 土製品 金属製品 木製品 骨角製品 ガラス製品 石製品",139.71763,35.69486265,"1"
1310408500,13104,"85","おわりとくがわけしもやしきあといせき","尾張徳川家下屋敷跡","新宿区 戸山一丁目　 戸山二丁目　 戸山三丁目","[旧石器時代][縄文時代（早期?後期）][弥生時代（後期）][古墳時代][奈良時代][平安時代][近世]","包蔵地・屋敷","[弥生時代]?[平安時代]畦畔状遺構　木道状遺構　流路跡　[中世][近世]水田跡　丸木橋状遺構　[近世]石組遺構　「御泉水」の土手　溝","石器　縄文土器　土器　須恵器　土師器　磁器　陶器　金属製品　銭貨等　磁器　陶器　金属製品　銭貨　木製品　煙管　板状部材　せっ器　近世土器　瓦",139.7134789,35.7040287,"1"
1310408800,13104,"88","いちがやかがちょうにちょうめいせき","市谷加賀町二丁目遺跡","新宿区 市谷加賀町二丁目 市谷柳町","[旧石器時代][縄文時代（早期～後期）][近世]","包蔵地・集落・屋敷","[縄文時代]土坑 柱穴 竪穴住居跡 竪穴状遺構 陥し穴 ピット 住居跡 [近世]地下室 土坑 井戸 溝 建物跡 塀跡 柱穴 ピット列 池状遺構 馬場跡 [古墳時代]土杭","黒曜石フレーク 縄文土器 礫 石器 土製品 磁器 陶器 ?器 近世土器 瓦 土製品 金属製品 ガラス製品 石製品 古墳土器 骨角製品 ミニチュア",139.7285411,35.69747797,"1"
1310409500,13104,"95","いちがやかがちょういっちょうめいせき","市谷加賀町一丁目遺跡","新宿区 市谷加賀町一丁目","[旧石器時代][縄文時代][近世]","包蔵地・屋敷","[縄文時代]陥し穴　[近世]地下室　井戸　溝　建物跡　杭列　土坑　胞衣皿埋納遺構","石器　磁器　陶器　せっ器　近世土器　瓦　金属製品　木製品　ガラス製品　石製品",139.7305838,35.69729674,"1"
1310409600,13104,"96","いちがやさないちょういせき","市谷左内町遺跡","新宿区 市谷左内町 市谷鷹匠町","[旧石器時代][縄文時代][近世]","包蔵地・屋敷","[近世]地下室 井戸 建物跡 土坑","石器 磁器 陶器 ?器 近世土器 瓦 金属製品 木製品 ガラス製品 石製品",139.73244,35.69481524,"1"
1310410100,13104,"101","ぎょうがんじあと","行元寺跡","新宿区 神楽坂五丁目","[旧石器時代][縄文時代（早期?後期）][弥生時代（後期）][古墳時代][平安時代][中世][近世]","包蔵地・社寺","[旧石器時代]礫群　[縄文時代]遺物集中部　[古墳時代]竪穴住居跡　[平安時代]竪穴住居跡　[中世]地点貝塚　[中世][近世]土壙墓　板碑集中壙　方形区画溝・溝状遺構　建物跡　竹樋　地下室・室状遺構　井戸・井戸状遺構　水溜状遺構　池跡?　ごみ穴　方形土坑　石列　埋桶　埋甕　胞衣埋納遺構　胎児埋葬遺構　イヌ埋葬遺構","石器　礫　縄文土器　石器　弥生土器　土師器　須恵器　磁器　陶器　せっ器　土器　瓦　土製品　金属製品　木製品　骨角製品　ガラス製品　石製品（板碑等）",139.7391693,35.70264002,"1"
1310410300,13104,"103","きくいちょういせき","喜久井町遺跡","新宿区 喜久井町","[旧石器時代][縄文時代（中期?後期）][奈良時代][平安時代][近世]","包蔵地・集落・屋敷","[縄文時代]ピット　遺物集中域　[縄文中期]竪穴住居跡　土坑　[縄文後期]竪穴住居跡　土坑　[奈良時代]竪穴住居跡　[平安時代]土坑　[近世]地下室　ウマ埋葬遺構　溝状遺構　道路状遺構　土坑　便所跡　礎石　小穴","縄文土器　石器　須恵器　土師器　須恵器　磁器　陶器　近世土器　せっ器　瓦　土製品　金属製品　木製品　ガラス製品　石製品",139.7218033,35.70478144,"1"
1310410700,13104,"107","きたしんじゅくにちょうめいせき","北新宿二丁目遺跡","新宿区 北新宿一丁目 北新宿二丁目","[旧石器時代][縄文時代（早期～後期）][弥生時代（後期）][古墳時代]","包蔵地・集落","[旧石器時代]礫群 石器集中部 [縄文時代]炉穴 埋甕 土坑 竪穴住居跡 柱穴 根穴 [弥生時代]竪穴住居跡 炉穴 柱穴 土坑 方形周溝墓 溝跡 住居跡 [弥生～古墳時代]竪穴住居跡 掘立柱建物跡 [古墳時代]竪穴住居跡 [近世]柱穴","ナイフ形石器 石核 剥片 石器 自然遺物 縄文土器 石器 弥生土器 土製品 石製品（砥石） 銅製品（銅釧） 土師器 磁器 陶器 ?器 土器 瓦 金属製品 ガラス玉 銭貨",139.6900837,35.70114116,"1"
1310411000,13104,"110","みずのはらいせき","水野原遺跡","新宿区 若松町","[旧石器時代][縄文時代（早期～後期][近世]","包蔵地・屋敷","[近世]地下室 井戸 建物跡 大甕埋設遺構 桶埋設遺構 胞衣埋納遺構 溝状遺構 柵・柱穴列 瓦溜り 畝状遺構 耕作関連遺構 盛土状遺構 土坑 小穴 ごみ穴 道路 溝 柱穴 建物基礎 小穴列 礎石跡 ピット列 焼土跡 雛壇状の段切り [縄文時代]土器埋設土坑","縄文土器 磁器 陶器 ?器 近世土器 瓦 土製品 金属製品 木製品 ガラス製品 石製品 骨角製品 銭貨 煉瓦 土管",139.7204484,35.69892663,"1"
1310411600,13104,"116","なかおちあいにちょうめいせき","中落合二丁目遺跡","新宿区 中落合二丁目","[旧石器時代][縄文時代（早期）]","包蔵地","","石器　縄文土器　弥生土器　磁器　陶器",139.6929396,35.71817019,"1"
1310414100,13104,"141","しょっこうざんいせき","蜀江山遺跡","新宿区 北新宿一丁目","[旧石器時代][近世]","包蔵地","[旧石器時代]土坑　[近世?]道路　建物","ナイフ形石器　敲石　磨石　鋸歯縁石器　彫器　調整器　CRF　RF　UF　石核　剥片　焼礫",139.6918346,35.69893859,"1"
1310415800,13104,"158","しもおちあいにちょうめいせき","下落合二丁目遺跡","新宿区 下落合二丁目","[旧石器時代][縄文時代][弥生時代][古墳時代]","包蔵地","","",139.7039383,35.71780997,"1"
1310501400,13105,"14","どうざかいせき","動坂遺跡","文京区 本駒込三丁目　本駒込四丁目","[旧石器時代][縄文時代（中期?晩期）][弥生時代][近世]","包蔵地・集落・貝塚・屋敷","[縄文時代]貝塚　堅穴住居跡　集石跡　土坑　溝　[近世]地下室　溝　柱穴","（縄文）土器・石器（打製石器・磨製石器・石鏃・石皿・）　（弥生）土器　（近世）陶磁器・土器・瓦・金属製品・土製品・石製品など",139.7560854,35.72972681,"1"
1310502100,13105,"21","こいしかわしょくぶつえんないかいづか・はらまちいせき","小石川植物園内貝塚・原町遺跡","文京区 白山三丁目　白山四丁目","[旧石器時代][縄文時代（中期?晩期）][近世]","包蔵地・集落・貝塚・屋敷跡","[縄文時代]竪穴住居跡　土坑　集石　ピット　[近世]土坑　地下室　ピット　地下坑　井戸　溝　塀跡　かわらけ廃棄遺構","(旧石器)石器　(縄文)土器　石器（打斧　磨斧　石槍　石鏃　石匙　石皿　凹石　石棒　石剣）　土偶　(近世)陶磁器　土器　土製品　瓦　金属製品　石製品　銭貨　動物遺体　自然遺物",139.7455797,35.7204176,"1"
1310502500,13105,"25","せんだぎかいづか","千駄木貝塚","文京区 千駄木一丁目","[旧石器時代][縄文時代][弥生時代（後期）][近世]","集落・貝塚・その他の墓・屋敷","[縄文時代]炉　土坑　住居　集石　炉　廃屋跡　[弥生時代]住居","（縄文）土器・石器・石製品・人骨　（弥生）土器　（近）陶磁器",139.758987,35.722748,"1"
1310502600,13105,"26","はやしちょういせき","林町遺跡","文京区 千石二丁目","[旧石器時代][縄文時代（中期）][弥生時代][奈良時代][近世]","包蔵地・集落・屋敷","[縄文時代]炉穴 土坑 ピット　[近世]地下室 地下坑 井戸 溝状遺構 土坑 植栽痕 柱穴ピット","（旧石器）石器（剥片）（縄文）縄文土器・石器　（弥生）弥生土器　（近世）陶磁器類・?b器・土器・土製品・木製品・金属製品・石製品",139.7412882,35.72300979,"1"
1310503300,13105,"33","ゆみちょういせき","弓町遺跡","文京区 本郷一丁目","[旧石器時代][縄文時代][弥生時代（後期）][奈良時代][平安時代][中世][近世]","包蔵地・集落・屋敷","[奈良時代]堅穴住居　[近世]地下室　井戸　土坑","縄文土器・敲石　土器・陶磁器・金属器　（奈良）土師器・須恵器　（近世）陶磁器・土器",139.7564631,35.70617294,"1"
1310504700,13105,"47","ほんごうだいいせきぐん","本郷台遺跡群","文京区 本郷五丁目　本郷七丁目　弥生二丁目","[旧石器時代][縄文時代][弥生時代][古墳時代][平安時代][近世]","包蔵地・集落・貝塚・その他の墓・社寺・屋敷・その他（町屋）","[旧石器時代]石器ブロック　礫群　[縄文時代]遺物集中部　陥穴　[古墳時代]住居跡　[平安時代]住居跡　井戸　[近（近世）]地下式坑　建物跡　組石遺構　土坑　溝　庭園址　井戸　道路状遺構など","（旧石器）ナイフ形石器・石核・剥片・石屑　砕片　（縄文）土器・石器　（弥生）土器　（古墳）土師器・土製品・須恵器　（奈良）土師器・須恵器　（平安）土師器・須恵器・灰釉陶器・緑釉陶器・土錘　（近世）陶磁器・土器・瓦・土製品・石製品・金属製品・古銭・骨角製品・動物遺存体・?b器・瓦器・ガラス製品・木製品",139.7634819,35.71205684,"1"
1310504800,13105,"48","かすがちょう（こいしかわこうらくえん）いせき","春日町（小石川後楽園）遺跡","文京区 後楽一丁目　 春日一丁目","[旧石器時代][縄文時代][弥生時代][平安時代][近世]","包蔵地・集落・屋敷","井戸　道路　木樋　柱穴　上水道　土坑　屋敷跡","縄文土器　石器　弥生土器　土師器　須恵器　近世陶磁器類",139.7507982,35.70558749,"1"
1310505000,13105,"50","","文京区№50遺跡","文京区 春日一丁目","[旧石器時代][弥生時代（後期）][近世]","包蔵地・屋敷・その他（町屋）","[近世]井戸跡　地下室　土坑　ピット　胞衣皿埋納遺構　植栽痕　井戸","（旧石器）石器　（弥生）土器　（近世）陶磁器・土器・瓦・金属製品など",139.7468157,35.70915589,"1"
1310505100,13105,"51","まさごちょう（まさご）いせき","真砂町（真砂）遺跡","文京区 本郷四丁目","[旧石器時代][縄文時代（早期?後期）][弥生時代][古墳時代][奈良時代][平安時代][中世][近世]","集落・屋敷","[縄文時代]炉穴　[奈良平安時代]住居跡　柱穴　土坑　[近世]上水道　井戸　地下室","縄文土器　土師器　須恵器　陶磁器類",139.7560167,35.70843107,"1"
1310505600,13105,"56","こまごめあさかまちいせき","駒込浅嘉町遺跡","文京区 本駒込一丁目　本駒込三丁目","[旧石器時代][縄文時代][近世]","包蔵地・屋敷・その他（町屋・道路跡）","[縄文]柱穴　[近世]土坑　井戸　道路跡　地下室","（縄文）土器　（近世）近世陶磁器・瓦・金属器・木製品・陶磁器・土器",139.7536135,35.72515596,"1"
1310505900,13105,"59","かごまちいせき","駕籠町遺跡","文京区 本駒込二丁目","[旧石器時代][縄文時代][奈良時代][平安時代][近世]","包蔵地・集落・屋敷","[旧石器時代]石器ユニット 礫群　[縄文時代]陥穴 竪穴住居跡 土坑 小穴　[奈良・平安時代]竪穴住居跡　[近世]溝状遺構 土坑 井戸 土採り・切土跡 盛土造成跡 ピット 柱穴列 小穴 地下室 植栽痕","（旧石器時代）石器　(縄文時代)縄文土器 石器　(古代?中世)須恵器　（近世）陶磁器 ?b器 土器 土製品 木製品 銭貨 金属製品 石製品 ガラス製品 瓦 自然遺物 土類 生産関連遺物 その他",139.7475023,35.730117,"1"
1310507300,13105,"73","こひなただいまちみなみいせき","小日向台町南遺跡","文京区 小日向一丁目","[旧石器時代][縄文時代][弥生時代][奈良時代][中世][近世]","包蔵地・集落・屋敷","[縄文時代]陥穴　[弥生時代]竪穴住居跡　[奈良時代]竪穴住居跡　[中世]井戸 土坑墓　[近世]地下室 井戸","(旧石器)石器　(縄文)土器　(弥生)土器　(奈良)土師器 須恵器　(近世)陶磁器 土器",139.7361727,35.71261262,"1"
1310508200,13105,"82","こまごめにしかたまちいせき","駒込西片町遺跡","文京区 西片二丁目","[旧石器時代][縄文時代][近世]","包蔵地・屋敷","地下室　井戸　柱穴","石器　縄文土器　陶磁器類",139.755768,35.716236,"1"
1310509302,13105,"93-2","としまがおかぼちだい2ちてん","豊島岡墓地第2地点","文京区 大塚五丁目","[旧石器時代][近世]","包蔵地・屋敷","[近世]溝　柱穴","ナイフ形石器　陶磁器　かわらけ　瓦　寛永通宝",139.7265597,35.72390171,"1"
1310509700,13105,"97","だんござかうえいせき","団子坂上遺跡","文京区 千駄木一丁目　千駄木三丁目　千駄木五丁目","[旧石器時代][縄文時代（中期）][弥生時代（中期）][平安時代][近世]","包蔵地・集落・社寺・屋敷・その他（町屋）","[旧石器時代]遺物集中部　[縄文時代]堅穴住居跡　土坑　溝　埋甕　[弥生時代]堅穴住居跡　溝　溝状遺構　環濠　[平安]竪穴住居跡　溝　[近世]地下室　土坑　礎石　大型土坑　ピット　[近世以降]版築基礎建物跡　掘立柱建物跡　礎石　地下室　土坑　ピット群","（旧石器）ナイフ形石器・石核　（縄文）土器・土製品・石器・炉石　（弥生）土器・石器　（平安）土師器・須恵器・鉄製品・鉄滓　（近世）陶磁器・?b器・土器・瓦・土製品・銅製品・鉄製品・貝・金属製品・木製品・石製品など",139.7612503,35.72554791,"1"
1310510300,13105,"103","ほんごういっちょうめみなみいせき","本郷一丁目南遺跡","文京区 本郷一丁目","[旧石器時代][縄文時代][弥生時代][古墳時代][奈良時代][平安時代][近世]","包蔵地・集落・屋敷","[縄文時代]住居　[弥生時代]住居　[古墳時代]住居　[近世]地下室　溝　井戸","石器　縄文土器　弥生土器　須恵器　土師器　近世陶磁器",139.7564974,35.70341292,"1"
1310511400,13105,"114","めじろだいいっちょうめいせき","目白台一丁目遺跡","文京区 目白台一丁目","[旧石器時代][縄文時代][近世]","包蔵地・屋敷","[縄文時代]陥穴　[近世]性格不明遺構　ピット　地下室　土坑","（旧石器）剥片　（縄文）焼石　（近世）陶磁器・土器・瓦・石製品など",139.7197962,35.71565108,"1"
1310511500,13105,"115","かすがにちょうめにしいせき","春日二丁目西遺跡","文京区 春日二丁目","[旧石器時代][縄文時代][弥生時代][古墳時代][奈良時代][中世][近世]","包蔵地・集落・屋敷","[旧石器時代]遺物集中部　[縄文時代]炉穴　集石　陥穴　土坑　[弥生時代]土坑　[古墳時代]土坑　[中世]溝　道路状遺構（溝）　土塁状盛土　[近世]谷埋立造成　土手状遺構　溝　砂利敷き　井戸　礎石　礎石跡　地下室　土坑","（旧石器）剥片　（縄文）土器・石製装身具　（弥生）土器　（古墳?古代）土師器・須恵器　（中世）陶磁器・土器・板碑・銭貨　（近世以降）陶磁器・土器・土製品・金属製品・銭貨・石製品・瓦・ガラス製品",139.7410479,35.71146969,"1"
1310512600,13105,"126","こいしかわしょくぶつえんみなみいせき","小石川植物園南遺跡","文京区 白山三丁目","[旧石器時代][縄文時代][弥生時代][中世][近世]","包蔵地","[近世]地下室　土取り穴　土坑　井戸　溝状遺構","石器　縄文土器　弥生土器　陶器　磁器　近世土器　土製品　瓦　金属製品　石製品",139.747262,35.71802044,"1"
1311000100,13110,"1","とうきょうだいがくこまばこうないいせき","東京大学駒場構内遺跡","目黒区 駒場三丁目","[旧石器時代][縄文時代（草創期～早期・中期・晩期）][平安時代][近世]","集落","[旧石器時代]礫群　[縄文時代]住居　集石　　炉穴　土坑　小穴[平安時代]火葬墓　[近世]土坑　小穴","縄文土器　打製石斧　剥片　平安時代土器",139.6851627,35.66038101,"1"
1311000200,13110,"2","こまばいせき","駒場遺跡","目黒区 駒場二丁目　駒場四丁目","[旧石器時代][縄文時代（早期～後期）]","包蔵地","[縄文時代]土坑","縄文土器　打斧　石鏃　石皿",139.6804591,35.65884679,"1"
1311000300,13110,"3","ひかわいせき","氷川遺跡","目黒区 大橋二丁目","［旧石器時代］[縄文時代（早期～後期）][弥生時代（前期～後期）][古墳時代][奈良時代][平安時代][中世][近世]［近代］","集落 その他（軍施設）","[縄文時代]土坑　小穴　炉穴　陥穴　[弥生時代～古墳時代]竪穴住居跡　堀立柱建物跡　土坑　小穴　[平安時代]火葬墓　溝　[近世]溝　土坑　小穴　［近代］煉瓦構造物","縄文土器　剥片　打製石斧　石鏃　スタンプ形石器　磨石　石皿　弥生土器　弥生時代末～古墳時代初期土器　金属製品　土製品　奈良時代須恵器　平安時代土器　瓦　板状鉄製品　中近世陶磁器　釘　鎹　銭貨　近代陶磁器　ガラス製品　金属製品　銭貨　?　煉瓦",139.6875316,35.65337917,"1"
1311000800,13110,"8","ひがしやまかいづかいせき","東山貝塚遺跡","目黒区 東山二丁目　東山三丁目","[旧石器時代][縄文時代（早期～晩期）][弥生時代（後期）][古墳時代][平安時代][中世][近世][近代]","集落　貝塚　その他（軍施設）","[旧石器時代]礫群　石器ブロック　[縄文時代]竪穴住居跡　土坑　土壙　土器埋設遺構　落し穴　木杭列　植物遺存体集中　小穴　柱穴群　[弥生時代]竪穴住居跡　溝　土坑　[古墳時代]土坑　[中世]溝　[近世]溝　土坑　［近代］地下式遺構　煉瓦構造物　溝","縄文土器　土偶　土製円盤　土器片錘　打製石斧　磨製石斧　弥生土器　古墳時代土器　陶磁器　細石刃　尖頭器　剥片　角錐状石器　削器　石鏃　敲石　石皿　垂飾　掻器　凹石　磨石　砥石　スタンプ形石器　石剣　石錐　石棒　土版　土製勾玉　耳栓　土錘　土玉　弭形角製品　ヤス状刺突具　骨針　浮子 （平安時代）　瓦　（近代）陶磁器　ガラス製品　鉄製品",139.6866739,35.64782322,"1"
1311001000,13110,"10","じんじゃうらいせき","神社裏遺跡","目黒区 上目黒三丁目","[旧石器時代]","包蔵地","","尖頭器",139.6939866,35.64352667,"1"
1311001500,13110,"15","なかめぐろいせき","中目黒遺跡","目黒区 中目黒四丁目　中目黒五丁目　目黒三丁目","[旧石器時代][縄文時代（早期～後期）][中世][近世]","集落","[旧石器時代]礫群　石器群　石器ブロック　[縄文時代]住居　土坑[近世]溝状遺構　畝状遺構　落とし穴状遺構","ナイフ形石器　尖頭器　角錐状石器　掻器　剥片　縄文土器　打斧　礫器　石鏃　石槌　石皿　スタンプ形石器　敲石　煙管　磨石　火打石　土器片錘　陶磁器　土製円盤　瓦　石刃　凹石　磨製石斧",139.7015397,35.63607692,"1"
1311003200,13110,"32","かんななどおりいせき","環七通り遺跡","目黒区 柿の木坂二丁目","[旧石器時代]","包蔵地","","掻器",139.6772433,35.62602431,"1"
1311003300,13110,"33","とうこうじうらやまいせき","東光寺裏山遺跡","目黒区 八雲一丁目","[旧石器時代][縄文時代（草創期～後期）][平安時代][中世][近世]","集落","[縄文時代]土坑　落とし穴　焼土　[平安時代]住居　火葬墓　[中世][近世]土坑　溝　井戸　道路状遺構","縄文土器　打斧　石鏃　石皿　土師器　須恵器　カワラケ　板碑　陶磁器　煙管　銭貨　瓦質陶製印板　尖頭器　ナイフ形石器　掻器　剥片　スタンプ形石器　磨石　敲石",139.6726427,35.62084051,"1"
1311004700,13110,"47","おおはしいせき","大橋遺跡","目黒区 大橋二丁目","[旧石器時代][縄文時代（草創期～晩期）][弥生時代（後期）][古墳時代][平安時代][中世][近世][近代]","集落　その他（軍施設）","[旧石器時代]石器集中　礫集中部　[縄文時代]住居　集石　炉穴　土坑　小穴　埋甕　土器敷き遺構　[弥生時代][古墳時代]住居　[平安時代]火葬墓　[中世]土坑　[近世]溝　小穴　[近代]煉瓦構造物","ナイフ形石器　角錐状石器　剥片　礫器　縄文土器　打斧　磨斧　耳栓　有舌尖頭器　石鏃　掻器　石匙　石皿　石棒　磨石　敲石　土製円盤　けつ状耳飾　土偶　弥生土器　陶磁器　銭貨　彫刻刀形石器　管状土錘　土師器　中世土器　瓦　（近世）陶磁器　金属製品　銭貨　(近代)陶磁器　金属製品　ガラス製品　煉瓦",139.684373,35.65446715,"1"
1311005000,13110,"50","ちゃやざかいせき","茶屋坂遺跡","目黒区 中目黒二丁目","[旧石器時代][近世][近代]","包蔵地・その他（用水　軍施設）","[旧石器時代]礫群　[近世]用水遺構　[近代]用水遺構　煉瓦構造物","ナイフ形石器　陶磁器　鉄釘　煙管　泥面子　銭貨　[近代]磁器　煉瓦",139.705872,35.640827,"1"
1311005100,13110,"51","えびすいせき","恵比寿遺跡","目黒区 三田一丁目","[旧石器時代][縄文時代（前期～後期）][弥生時代（後期）][近世]","集落","[弥生時代]住居　[近世]溝状遺構","ナイフ形石器　角錐状石器　剥片　縄文土器　弥生土器　陶磁器",139.713776,35.640392,"1"
1311005300,13110,"53","かわらけづかいせき","土器塚遺跡","目黒区 大橋二丁目　駒場一丁目　駒場二丁目","[旧石器時代][縄文時代（中期）][弥生時代（後期）][近世][近代]","集落　その他（軍施設）","[縄文時代]土坑　落とし穴　小穴　焼土　[弥生時代]住居　掘立柱建物跡　環濠　道路状遺構　[近世]土壙　溝状遺構　小穴　区画溝　土坑・柱穴列　[近代]煉瓦構造物　地下式遺構","[旧石器時代]石刃　ナイフ形石器　剥片 [縄文時代]縄文土器　打製石斧　土器片錘　石鏃　スタンプ形石器　石錘 [弥生時代]弥生土器　土製品　砥石　土製品　石鏃　双角有孔土製品　土製勾玉　土玉　ガラス小玉　炭化種子 [近世]陶磁器　火打ち石 [近代]陶磁器　ガラス製品　金属製品　銭貨",139.6816957,35.65566243,"1"
1311005400,13110,"54","はちやまちょう・さるがくちょう17ばんいせき","鉢山町・猿楽町17番遺跡","目黒区 青葉台一丁目","[旧石器時代][縄文時代（早期～中期・晩期）][弥生時代（後期）][近世]","集落","[旧石器時代]石器集中部　 [縄文時代]住居　土坑　小穴　集石　 [弥生時代]住居　環濠　小穴　 [近世]溝","掻器　ナイフ形石器　角錐状石器　尖頭器　抉入石器　剥片　縄文土器　石鏃　打製石斧　スタンプ形石器　磨石　石皿　弥生土器　土師器　陶磁器　煙管　銭貨",139.6977975,35.64944134,"1"
1311105700,13111,"57","ゆきがやかいづか","雪ヶ谷貝塚","大田区 南雪谷二丁目　 南雪谷三丁目　 南雪谷四丁目　 南雪谷五丁目","[旧石器時代][縄文時代（早期～前期）][弥生時代（後期）][古墳時代][平安時代]","集落・貝塚・その他の墓","","縄文土器　縄文石器　石鏃　石槍　弥生土器",139.6844687,35.58976951,"1"
1311106700,13111,"67","おおたに・しもたにいせき","大谷・下谷遺跡","大田区 西馬込二丁目　 仲池上一丁目","[旧石器時代][縄文時代（前期～中期）]","集落","[旧石器時代]礫群　[縄文時代]住居　竪穴状遺構　土坑","剥片　焼礫　縄文土器　石器　土製品　土錘",139.7014033,35.58769331,"1"
1311109001,13111,"90-1","こうみょうじいせき","光明寺遺跡","大田区 鵜の木一丁目","[旧石器時代][縄文時代（早期）][弥生時代][古墳時代][奈良時代][中世][近世]","集落・その他（墓地）","[旧石器時代]石器集中　礫群　[縄文時代]陥し穴　[弥生時代]住居　方形周溝墓　[中世][近世]竪穴状遺構　墓地　集石土坑　集石","石器　礫　縄文土器　弥生土器　陶磁器　蔵骨器　板碑",139.684314,35.57385397,"1"
1311200100,13112,"1","からすやまいせき","烏山遺跡","世田谷区 北烏山六丁目　 北烏山七丁目　 北烏山八丁目　 北烏山九丁目","[旧石器時代][縄文時代（早期～後期）][古墳時代][奈良時代][平安時代][近世]","集落","ピット　陥穴　円形土坑　溝　畝　道路","縄文土器　石器　土師器　石墨　陶磁器　銭貨　煙管",139.59153,35.67412332,"1"
1311200300,13112,"3","そしがやおおみちきたいせき","祖師谷大道北遺跡","世田谷区 上祖師谷六丁目　上祖師谷七丁目　給田一丁目","[旧石器時代][縄文時代（中期～後期）][弥生時代（後期）][古墳時代][奈良時代][平安時代][中世][近世]","集落","[旧石器時代]ブロック　[縄文時代]住居　竪穴　[古墳時代]住居　[中世][近世]井戸　地下式土坑　[時期不明]ピット　溝","ナイフ形石器　削器　縄文土器　石器　土師器　鉄鏃　陶器　カワラケ　土師質土器　羽釜　内耳鍋　鉄片　石臼　板碑　漆器　桶",139.596436,35.659981,"1"
1311200500,13112,"5","めぐりさわきたいせき","廻沢北遺跡","世田谷区 船橋七丁目　 千歳台四丁目","[旧石器時代][縄文時代（早期～後期）][近世]","集落","[旧石器時代]ブロック　[縄文時代]住居　集石土坑　土坑　土壙　[近世]溝","ナイフ形石器　尖頭器　細石刃　細石刃核　掻器　削器　彫器　錐　斧形石器　敲石　石核　縄文土器　土製品　陶磁器　和釘　玩具",139.6152536,35.65838154,"1"
1311200900,13112,"9","きぬたちゅうがっこういせき","砧中学校遺跡","世田谷区 成城一丁目　 成城三丁目","[旧石器時代][縄文時代（早期～晩期）][弥生時代][古墳時代][平安時代][近世]","集落","[縄文時代]住居址　土坑　集石　ピット　礫群　[弥生時代]住居址　[古墳時代]住居址　古墳周溝　[古（以降）]集石土坑　土坑　ピット　溝　[近世]竪穴　土坑　ピット　溝","（縄文）縄文土器・石器　（弥生）土器、　（古墳）土師器・須恵器・石器・刀子　（近世）陶器",139.6006734,35.63379948,"1"
1311201800,13112,"18","しものしんめいいせき","下神明遺跡","世田谷区 成城一丁目　成城三丁目","[旧石器時代][縄文時代（早期・中期～後期）][弥生時代][古墳時代][奈良時代][平安時代][中世][近世]","集落","[旧石器時代]ブロック　ブロック　礫群　[縄文時代]土坑　ピット　土坑　[古墳時代]住居址　[平安時代]住居址　[近世]溝　土坑　ピット　溝","（旧石器）石器・剥片　（縄文）縄文土器・石器　（古墳）土師器・石器　（平安）土師器・須恵器・砥石　（近世）煙管",139.5990011,35.63509307,"1"
1311201900,13112,"19","かみのしんめいいせき","上神明遺跡","世田谷区 成城四丁目　 成城五丁目","[旧石器時代][縄文時代（早期～晩期）][弥生時代][古墳時代][平安時代][中世][近世]","集落","[縄文時代]住居　土坑　[弥生時代][古墳時代]住居　ピット群　方形周溝墓","石器　縄文土器　弥生土器　土師器　須恵器　鉄製品　土製品",139.5923661,35.6414265,"1"
1311202300,13112,"23","みやのはらいせき","宮之原遺跡","世田谷区 喜多見四丁目","[旧石器時代][縄文時代（早期～中期）][古墳時代][奈良時代][平安時代][近世]","集落","[縄文時代]集石　[弥生時代]住居　[古墳時代]住居","縄文土器　石器　弥生土器　土師器　須恵器　灰釉陶器　鉄鏃　刀子　鉄製農工具　土師質土器　瓦　砥石　土器片錘　土錘",139.5935426,35.62879711,"1"
1311204500,13112,"45","にしやとおうけつぼぐん・にしやといせき","西谷戸横穴墓群・西谷戸遺跡","世田谷区 大蔵四丁目　 岡本三丁目","[旧石器時代][古墳時代][奈良時代][平安時代]","集落・横穴墓","[旧石器時代]ブロック　礫群　[古墳時代]33基　[奈良～平安時代]住居","縄文土器　弥生土器　土師器　須恵器　石器　鉄鏃　直刀　刀子　装飾品（玉類他）",139.611984,35.63039,"1"
1311204800,13112,"48","うえのだいいせき","上之台遺跡","世田谷区 砧八丁目　 祖師谷三丁目","[旧石器時代][縄文時代（早期～中期）][弥生時代（後期）][古墳時代][奈良時代][中世]","集落","[縄文時代]住居　集石　集石土坑　土坑　[古墳時代]住居　[時期不明]溝　段状遺溝","石器　縄文土器　石器　焼礫　弥生土器　土師器　須恵器　鉄鏃　鉄製品　青銅製品　泥人形",139.604996,35.64027,"1"
1311205200,13112,"52","どうがやといせき","堂ヶ谷戸遺跡","世田谷区 岡本一丁目　 岡本二丁目　 岡本三丁目","[旧石器時代][縄文時代（早期～晩期）][弥生時代（後期）][古墳時代][奈良時代][平安時代][中世][近世]","集落","[縄文時代]住居　集石　集石土坑　土坑　ピット　[弥生時代][古墳時代][奈良時代][平安時代]住居　竪穴　[近世]溝","石器　縄文土器　弥生土器　土製品　土師器　須恵器　鉄製品　銅鏃　玉類　陶磁器　砥石　煙管",139.620575,35.624981,"1"
1311205800,13112,"58","むかいやまいせき","向山遺跡","世田谷区 桜上水三丁目","[旧石器時代][縄文時代（中期）][中世][近世]","集落","[縄文時代]住居　竪穴　土坑　ピット　[中世]井戸　溝","",139.633484,35.660751,"1"
1311206300,13112,"63","あかつつみなかどおりいせき","赤堤中通遺跡","世田谷区 赤堤三丁目","[旧石器時代]","包蔵地","","石器",139.638824,35.658394,"1"
1311206400,13112,"64","まえやといせき・あかつつみじんやあと","前谷戸遺跡・赤堤陣屋跡","世田谷区 赤堤一丁目　 赤堤二丁目　 豪徳寺一丁目","[旧石器時代][縄文時代（中期）][弥生時代][近世]","包蔵地・その他（陣屋）","","石器　縄文土器　弥生土器",139.641525,35.655247,"1"
1311207000,13112,"70","ねづやまいせき","根津山遺跡","世田谷区 代田四丁目 松原六丁目","[旧石器時代][縄文時代（草創期～中期）][近世]","集落","","",139.6555,35.65914,"1"
1311208600,13112,"86","さくらぎいせき","桜木遺跡","世田谷区 桜一丁目","[旧石器時代][縄文時代（早期～後期）][弥生時代（中期）][古墳時代][平安][その他（近代）]","集落","","縄文土器 石器 貝斧",139.6412,35.64488,"1"
1311209600,13112,"96","じゃくずれいせき","蛇崩遺跡","世田谷区 下馬一丁目 池尻一丁目","[旧石器時代][縄文時代（早期～中期）][近世]","集落","[縄文時代]住居 集石 屋外炉 炉穴 土坑 [近世]溝","縄文土器 打斧 磨斧 土錘 土偶 土製品 陶磁器 銭貨",139.6846,35.6413,"1"
1311210500,13112,"105","せたいせき・せたじょうせき","瀬田遺跡・瀬田城跡","世田谷区 瀬田一丁目 瀬田二丁目","[旧石器時代][縄文時代（早期～後期）][弥生時代（後期）][古墳時代][奈良時代][平安時代][中世][近世]","集落・城館","[旧石器時代]ブロック 礫群 [縄文時代]住居 土坑 ピット [弥生時代～古墳時代]住居 [奈良～平安時代]住居 [近世]ピット 土坑 井戸 溝 配石","石器 縄文土器 石器 礫 けつ状耳飾 弥生土器 土師器 須恵器 陶器 灰釉陶器 土製品 陶磁器",139.6318,35.61599,"1"
1311210700,13112,"107","しもやまいせき","下山遺跡","世田谷区 瀬田四丁目 瀬田五丁目","[旧石器時代][縄文時代（早期～晩期）][弥生時代（後期）][古墳時代][奈良時代][平安時代][中世][近世]","集落","[旧石器時代]ブロック 礫群 [縄文時代]住居 集石 炉穴 土坑 ピット [弥生時代]環濠 住居 方形周溝墓 墓壙 甕棺 溝状遺構 [古墳時代]住居 円形周溝墓 [奈良時代][平安時代]住居","ナイフ形石器 尖頭器 礫器 縄文土器 打斧 石鏃 土錘 けつ状耳飾 弥生土器 抉入石斧 石包丁 石皿 土師器 須恵器 土製紡錘車 土製勾玉 ソロバン玉状土製品 石櫃 陶磁器 カワラケ 瓦質土器 煙管 銭貨",139.6244,35.62158,"1"
1311211200,13112,"112","しもやまきたいせき","下山北遺跡","世田谷区 岡本一丁目","[旧石器時代][縄文時代（早期～前期）][弥生時代][古墳時代][中世][近世]","集落","[旧石器時代]ブロック [縄文時代]住居 集石 土坑 [弥生時代]住居 溝 [古墳時代]住居 [中世]掘立柱建物 井戸 [近世]建物 門","石器 縄文土器 石器 弥生土器 土師器 ガラス玉",139.6227,35.62252,"1"
1311211700,13112,"117","かまがやいせき","鎌ヶ谷遺跡","世田谷区 瀬田一丁目","[旧石器時代][縄文時代（早期～中期）][弥生時代（後期）][古墳時代][奈良時代][平安時代][中世][近世]","集落","[旧石器時代]ブロック 礫群 [縄文時代]土坑 ピット [弥生時代][古墳時代]V字溝 溝状遺構","縄文土器 石器 弥生土器 土師器 須恵器 陶器",139.6336,35.6134,"1"
1311212100,13112,"121","やがわうえいせき","谷川上遺跡","世田谷区 野毛一丁目","[旧石器時代][縄文時代（中期）][古墳時代][中世][近世]","集落","[縄文時代]住居 ピット [中世][近世]竪穴土坑 溝","縄文土器 石器 土師器 陶磁器",139.6451,35.60425,"1"
1311212300,13112,"123","しものげいせき","下野毛遺跡","世田谷区 野毛一丁目 野毛二丁目","[旧石器時代][縄文時代（早期～後期）][中世][近世]","集落","[縄文時代]住居 集石 炉 土坑","縄文土器 石器 剥片 礫 陶器",139.6424,35.60424,"1"
1311214300,13112,"143","すわやまいせき","諏訪山遺跡","世田谷区 奥沢一丁目 奥沢三丁目","[旧石器時代][縄文時代（早期～後期）][弥生時代（後期）][平安時代][中世][近世]","集落","[縄文時代]住居 竪穴 集石 集石土坑 焼土 土坑 ピット [平安時代]土坑 火葬墓 [中世]焼土 溝 [近世]溝","縄文土器 石器 土錘 耳栓 土製品 礫 土師器 須恵器 土師質土器 陶器 陶磁器 鉄板 人骨",139.6748,35.60334,"1"
1311214500,13112,"145","おくさわだいいせき","奥沢台遺跡","世田谷区 奥沢六丁目 玉川田園調布二丁目","[旧石器時代][縄文時代（前期～後期）][弥生時代（後期）][古墳時代][近世]","集落","[縄文時代]住居 竪穴 炉 屋外炉 土坑 ピット [弥生時代]住居 [古墳時代]竪穴 [近世]ピット 土坑 井戸 溝","縄文土器 石器 けつ状耳飾 石棒 石製品 土製品 礫 弥生土器 陶磁器",139.6635,35.6037,"1"
1311215500,13112,"155","ふどうばし・ふどうざかいせき","不動橋・不動坂遺跡","世田谷区 成城三丁目 成城四丁目","[旧石器時代][縄文時代（早期～後期）][古墳時代]","集落","[古墳時代]住居 [時期不明]集石 焼土 土坑 井戸","石器 縄文土器 石器 土師器",139.5937,35.63851,"1"
1311215900,13112,"159","きたみじんやいせき","喜多見陣屋遺跡","世田谷区 喜多見一丁目 喜多見三丁目 喜多見四丁目","[旧石器時代][縄文時代（早期～晩期）][弥生時代（中期～後期][古墳時代][奈良時代][平安時代][中世][近世]","集落","[旧石器時代]ブロック [縄文時代]住居 炉穴 土坑 [弥生時代]住居 溝 [古墳時代]住居 竪穴 方形周溝墓 周溝 棺 墓壙 [奈良～平安時代]住居 地下式土坑 [中世～近世]掘立柱建物 ピット 礎石 土坑 井戸 溝 堀 池","石器 縄文土器 弥生土器 土師器 須恵器 埴輪 臼玉 ガラス玉 灰釉 緑釉 陶磁器 土師質土器 鉄製品 鉄鏃 釘 茶臼 羽口 瓦 板碑 銭貨 胞衣容器 人骨 灰釉陶器 円筒埴輪 土製品 鉱滓",139.5966,35.6261,"1"
1311220000,13112,"200","かわらけづかいせき","土器塚遺跡","世田谷区 代沢一丁目 池尻四丁目","[旧石器時代][縄文時代（中期）][弥生時代（後期）][古墳時代]","集落","[弥生時代]後期住居跡 [近世以降]溝","縄文土器 弥生土器 石器 陶磁器類",139.6803853,35.65597217,"1"
1311221500,13112,"215","しょうぎやまいせき","将監山遺跡","世田谷区 瀬田四丁目","[旧石器時代][縄文時代][古墳時代][奈良時代]","包蔵地","","剥片 縄文土器 石器 土師器 陶磁器",139.6279678,35.61990997,"1"
1311224600,13112,"246","かるたいせき","嘉留多遺跡","世田谷区 成城一丁目","[旧石器時代][縄文時代（早期～晩期）][奈良時代][平安時代]","集落","[旧石器時代]ブロック 礫群 炭化物集中箇所 [縄文時代]住居 竪穴状遺構 集石土坑 炉穴群 土坑 ピット [近世]溝状遺構 道路","縄文土器 石器 弥生土器 土師器 須恵器 炭化果核 銭貨",139.6031945,35.63250431,"1"
1311226500,13112,"265","しものだやまいせき","下野田山遺跡","世田谷区 喜多見六丁目","[旧石器時代][古墳時代][奈良時代][平安時代][中世][近世]","集落","[旧石器時代]ブロック","石器 焼礫 土師器 陶器 カワラケ",139.6039245,35.6300624,"1"
1311227400,13112,"274","たきがやいせき","滝ヶ谷遺跡","世田谷区 瀬田四丁目","[旧石器時代][縄文時代（早期～中期）][奈良時代][近世]","集落","[旧石器時代]ブロック 礫群 [縄文時代]住居 土坑 溝 [古墳時代]土坑? [奈良時代]住居","主な出土品",139.6263713,35.62034255,"1"
1311227800,13112,"278","からすやまじょう（とりで）せき・からすやまみなみはらいせき","烏山城(砦)跡・烏山南原遺跡","世田谷区 南烏山一丁目 南烏山二丁目","[旧石器時代][縄文時代（中期）][中世][近世]","集落・城館","[旧石器時代]ブロック 礫群 [近世]溝状遺構 [時期不明]溝","石器 焼礫 縄文土器 陶磁器",139.6085982,35.6676234,"1"
1311228100,13112,"281","たなおしいせき","田直遺跡","世田谷区 大蔵五丁目","[旧石器時代][縄文時代(早期～後期)][奈良時代][平安時代][中世][近世]","集落","[旧石器時代]ブロック [縄文時代]住居址 土坑 炉穴 集石 ピット 配石 遺物集中部 土器埋設土坑 [古代以降]溝 土坑 ピット [中世以降]土坑 [近世以降]段切り ピット","[旧石器時代]石器 [縄文時代]土器 石器 土製品 石製品（装飾品） [古代以降]土師器 須恵器 [中世以降]陶磁器 [近世以降]陶磁器",139.6064007,35.62882062,"1"
1311228700,13112,"287","せんがわいせき","仙川遺跡","世田谷区 給田三丁目","[旧石器時代][縄文時代（前期）][古墳時代]","集落","[旧石器時代]ブロック [古墳時代]住居","",139.5875251,35.66436561,"1"
1311229400,13112,"294","ひがしやまいせき","東山遺跡","世田谷区 池尻一丁目 池尻二丁目","[旧石器時代][縄文時代（中期）][弥生時代][古墳時代]","集落","[縄文時代]竪穴 土坑","縄文土器 石器",139.6837499,35.647854,"1"
1311229600,13112,"296","とどろきはらいせき","等々力原遺跡","世田谷区 等々力一丁目","[旧石器時代][縄文時代（早期～後期）][弥生時代（後期）][古墳時代][中世][近世]","集落","[縄文時代]住居 土坑 [弥生時代]住居","石器 縄文土器 石器 弥生土器 陶磁器 銭貨",139.6479353,35.60406427,"1"
1311229700,13112,"297","とどろきねいせき","等々力根遺跡","世田谷区 等々力一丁目","[旧石器時代][縄文時代（早期～後期）][古墳時代][中世][近世]","集落","","縄文土器 石器 土製品 陶磁器 銭貨 鉄製品 土錘 砥石 瓦 土師質土器 硯 礫 埴輪 須恵器 金属製品 ガラス製品",139.6479182,35.60188694,"1"
1311231900,13112,"319","つるがくぼいせき","鶴ヶ久保遺跡","世田谷区 野沢一丁目 下馬三丁目","[旧石器時代][縄文時代（中期～後期）][近世]","集落","[縄文時代]住宅 竪穴 土坑 集石土坑 野外炉 屋外埋甕 伏甕 掘立柱建物跡 ピット [近世]～溝 地下式杭 井戸 土坑 建物跡 ピット","石器 縄文土器 土製品 石器 装飾品 陶磁器 土製品 石製品 銭貨 金属製品 硝子製品",139.6738242,35.63776747,"1"
1311232500,13112,"325","たいしどうしもほんむらいせき","太子堂下本村遺跡","世田谷区 三宿二丁目 太子堂三丁目","[旧石器時代][縄文時代（早期～後期）][古墳時代][奈良時代][平安時代][近世]","集落","","",139.6721799,35.65106232,"1"
1311233300,13112,"333","てんじんやまいせき","天神山遺跡","世田谷区 野毛一丁目","[旧石器時代][縄文時代（後期）][近世]","集落","","",139.645084,35.60138591,"1"
1311303900,13113,"39","","渋谷区№39遺跡","渋谷区 桜丘町","[旧石器時代][縄文時代（中期）]","包蔵地","","礫　縄文土器　打斧　磨斧　石鏃　石槌　石皿　凹石",139.6980297,35.65605875,"1"
1311305200,13113,"52","さるがくいせき","猿楽遺跡","渋谷区 猿楽町","[旧石器時代][弥生時代]","集落","[旧石器時代]礫群　[弥生時代]住居　溝","弥生土器　ナイフ形石器",139.7021153,35.65131628,"1"
1311309600,13113,"96","はちやまちょう・さるがくちょう17ばんいせき","鉢山町・猿楽町17番遺跡","渋谷区 鉢山町　 猿楽町","[旧石器時代][縄文時代][弥生時代][中世][近世]","集落","[旧石器時代]土坑　[縄文時代]住居　土坑　[弥生時代]環濠　住居　土坑　[中世]溝　[近世]掘立柱建物　溝","掻器　剥片　縄文土器　打斧　石鏃　削器　弥生土器　陶磁器",139.6984231,35.65017962,"1"
1311309700,13113,"97","えびすいせき","恵比寿遺跡","渋谷区 恵比寿四丁目","[旧石器時代][縄文時代][古墳時代][近世]","集落","[縄文時代]土坑　[古墳時代]住居　[近世]土坑　溝","ナイフ形石器　掻器　剥片　縄文土器　打斧　石槍　土師器　陶磁器　砥石　玩具　人形",139.7135822,35.64322554,"1"
1311309800,13113,"98","きたあおやまいせき","北青山遺跡","渋谷区 神宮前五丁目","[旧石器時代][縄文時代（後期）][近世]","包蔵地・屋敷","[縄文時代]土坑　[近世]掘立柱建物　土坑　地下室　井戸　溝","ナイフ形石器　石鏃　縄文土器　打製石斧　陶磁器",139.708212,35.66314738,"1"
1311310100,13113,"101","せんだがやごちょうめいせき","千駄ヶ谷五丁目遺跡","渋谷区 千駄ヶ谷五丁目","[旧石器時代][縄文時代][近世]","その他（武家屋敷跡）","[縄文時代]陥穴　土坑　[近世]堀　溝　柵列　地下室　墓壙　井戸","ナイフ形石器　縄文土器　陶磁器　せっ器　漆器　木製品　金属製品　有舌尖頭器　土製品",139.7030381,35.68387873,"1"
1311400200,13114,"2","さぎのみやはちまんじんじゃいせき","鷺の宮八幡神社遺跡","中野区 白鷺一丁目","[旧石器時代][縄文時代（中期～後期）]","集落跡","[旧石器時代]礫群","縄文土器　打製石斧　凹石",139.6390995,35.72158396,"1"
1311400500,13114,"5","","中野区№5遺跡","中野区 白鷺二丁目","[旧石器時代]","包蔵地","[旧石器時代]礫群","",139.6349453,35.72024603,"1"
1311400600,13114,"6","","中野区№6遺跡","中野区 白鷺二丁目","[旧石器時代][縄文時代（早期・中期～後期）]","包蔵地","","縄文土器　打製石斧",139.6360782,35.7208035,"1"
1311405300,13114,"53","へいわのもりこうえんきたいせき","平和の森公園北遺跡","中野区 新井三丁目　 新井四丁目","[旧石器時代][縄文時代（早期～後期）][弥生時代][古墳時代][近世]","集落","[縄文時代]竪穴住居跡　土坑　小形円形竪穴　[弥生時代]竪穴住居跡　土坑　[古墳時代]竪穴住居跡　溝　[近世]空堀　方形竪穴","縄文土器　弥生土器　炭化物　土師器　滑石製紡錘車　陶磁器　高田徳利　キセル　燈明皿　擂り鉢　寛永通宝　ミニチュア製品",139.6622065,35.71639621,"1"
1311406400,13114,"64","","中野区№64遺跡","中野区 東中野五丁目","[旧石器時代]","包蔵地","[旧石器時代]礫群","石核　剥片　スクレイパー",139.689224,35.708805,"1"
1311409300,13114,"93","むかいだい（ひろまち）せき","向田（広町）遺跡","中野区 弥生町六丁目　 南台五丁目","[旧石器時代][縄文時代（後期）][弥生時代][古墳時代]","集落","[古墳時代]竪穴住居跡","土師器　須恵器　支脚形土製品　玉類　縄文土器　石掻　弥生土器　土錘　獣魚骨",139.6613553,35.6853642,"1"
1311500300,13115,"3","いぐさせきしーちてん","井草遺跡C地点","杉並区 上井草三丁目","[旧石器時代][縄文時代（早期・中期）][古墳時代][近世]","包蔵地","[旧石器時代]ブロック　礫群　[縄文時代]炉穴　遺物集中部　[近世]溝状遺構　土坑","ナイフ形石器　台形石器　縄文土器　敲石　土師器　磁器　陶器",139.602460458889,35.7213630372198,"1"
1311500400,13115,"4","いぐさいせき","井草遺跡","杉並区 上井草四丁目","[旧石器時代][縄文時代（草創期～早期）][古墳時代]","包蔵地　集落","[縄文時代]住居　土坑","[縄]縄文土器　斧形石器　敲石　特殊磨石　石皿",139.597173287955,35.7197742485694,"1"
1311500600,13115,"6","いぐさいせきびーちてん","井草遺跡Ｂ地点","杉並区 上井草四丁目","[旧石器時代][縄文時代（中期）]","包蔵地","[旧石器時代]ブロック","[旧]ナイフ形石器　スクレイパー　剥片",139.59878690516,35.7226173215019,"1"
1311501500,13115,"15","ぜんぷくじいせき","善福寺遺跡","杉並区 善福寺二丁目　 善福寺三丁目　 善福寺四丁目","[旧石器時代][縄文時代（早期～後期）]","集落","[旧石器時代]礫群　土坑　[縄文時代]炉穴　土坑　土坑群","縄文土器　打斧　磨斧　石鏃　石匙　土偶　細石刃　細石刃核　スクレイパー　土器　石鏃　石斧　スタンプ型石器　磨石　石皿　礫器",139.587577904396,35.7171043033363,"1"
1311501600,13115,"16","なかどおりきたいせき","中通北遺跡","杉並区 今川二丁目","[旧石器時代][縄文時代][近世]","包蔵地","[旧石器時代]ブロック　[縄文時代]土坑　[近世]土坑　溝","縄文土器　尖頭状石器　剥片　陶器　磁器　金属製品",139.610667525191,35.7164574916469,"1"
1311502600,13115,"26","こうみょういんみなみいせき","光明院南遺跡","杉並区 上荻二丁目　南荻窪四丁目","[旧石器時代][縄文時代（草創期～後期）][近世]","集落","[旧石器時代]ブロック　礫群　[縄文時代]住居 屋外埋甕　焼土跡　土坑　遺物集中部　集石　[近世]溝状遺構","[旧]剥片　彫器　ナイフ形石器　スクレイパー　尖頭器　石核　[縄]縄文土器　土器片鐘　石鏃　打製石斧　磨製石斧　石皿　磨石　石棒　軽石製石製品　有舌尖頭器　楔形石器　敲石　スタンプ形石器　スクレイパー　凹石　[近]磁器　陶器",139.614063038336,35.7040541469689,"1"
1311503700,13115,"37","かわなみいせき","川南遺跡","杉並区 荻窪二丁目","[旧石器時代][縄文時代][古墳時代][奈良時代][平安時代]","包蔵地","","縄文土器　土師器　ナイフ形石器　掻器　石核　剥片",139.622220095255,35.6961796346759,"1"
1311505400,13115,"54","おおみや（わだぼり）いせき","大宮(和田堀)遺跡","杉並区 大宮二丁目","[旧石器時代][縄文時代（草創期～後期）][弥生時代]","集落（方形周溝墓）","[弥生時代]方形周溝墓　都指定史跡-大宮遺跡　（昭和54.3.31）","縄文土器　礫器　石鏃　石匙　弥生土器　勾玉　ガラス小玉　土師器",139.639582367292,35.683398862586,"1"
1311505600,13115,"56","","杉並区№56遺跡","杉並区 大宮二丁目","[旧石器時代][古墳時代]","集落","[旧石器時代]礫群","土師器",139.642534943762,35.6828969024712,"1"
1311506000,13115,"60","ほうなんちょうみねいせきぐん（ほうなんみね・みねみなみ・ほうなん・みね・かまでらひがし・かまでら）いせき","方南町峰遺跡群（方南峰・峰南・方南・峯・釜寺東・釜寺）遺跡","杉並区 堀ノ内一丁目　 方南二丁目","[旧石器時代][縄文時代（早期～後期）][弥生時代（後期）][古墳時代][奈良時代][近世]","集落","[旧石器時代]ブロック　礫群　[縄文時代]住居　炉穴　遺物集中部　炉跡　[弥生時代]住居　環濠　[古墳時代]住居　[近世]溝状遺構　地下室　地下坑","ナイフ形石器　彫器　スクレイパー　敲石　石核　剥片　縄文土器　土製蓋　ミニチュア土器　土偶　打製石斧　磨製石斧石鏃　石錘　石皿　磨石　凹石　石棒　炭化材　炭化米　弥生土器　ガラス小玉　砥石　土師器　須恵器　支脚　紡錘車　鉄環　磁器　陶器",139.657343921961,35.6835046375596,"1"
1311506200,13115,"62","せいびだいいせき","済美台遺跡","杉並区 大宮一丁目　 堀ノ内一丁目","[旧石器時代][縄文時代（草創期～後期）][弥生時代][古墳時代][奈良時代]","集落","[旧石器時代]礫群　[縄文時代]住居　[弥生時代]周溝(方形周溝墓?)　杉並125参照","剥片　縄文土器　打斧　石鏃　石槍　石匙　土錘　土偶　弥生土器　滑石製勾玉　土師器　須恵器　炭化物",139.647187343126,35.6877839189564,"1"
1311506400,13115,"64","じょうづかくぼいせき","定塚久保遺跡","杉並区 堀ノ内二丁目","[旧石器時代][縄文時代（草創期～早期）][縄文時代（中期）][近世]","包蔵地","[旧石器時代]礫群　[縄文時代]石器集中部　土坑　[近世]焼土集中部　溝状遺構","[旧]剥片　[縄]縄文土器　槍先形尖頭器　[近]陶磁器",139.654871999181,35.6880221150651,"1"
1311507600,13115,"76","むかいのはらいせき","向ノ原遺跡","杉並区 久我山二丁目","[旧石器時代][縄文時代（早期～中期）][中世][近世][近代]","集落","[旧石器時代]ユニット　礫群　[縄文時代]集石　炉穴　土坑","ナイフ形石器　尖頭器　角錐状石器　台形様石器　掻器　彫器　縄文土器　打斧　磨斧　局部磨斧　礫器　石槍　石鏃　掻器　彫器　石錘　石皿　磨石　スタンプ形石器　石核",139.604323121186,35.6837613860418,"1"
1311508100,13115,"81","どうのしたいせき","堂の下遺跡","杉並区 高井戸東一丁目","[旧石器時代][縄文時代（早期～中期）][弥生時代（後期）][近世]","包蔵地・集落","[旧石器時代]礫群　ブロック　[縄文時代]竪穴式遺構　炉穴　ピット　焼土跡　集石　集石土坑　陥し穴　土坑　[弥生時代]方形周溝墓　[近世]溝　炭焼窯　地下室","ナイフ型石器　角錐状石器　スクレイパー　彫器　楔形石器　石斧　敲石　石核　剥片　削石　縄文土器　石鏃　有舌尖頭器　打製石斧　磨製石斧　　礫斧　磨石　スタンプ型石器　石皿　弥生土器　陶磁器",139.623514862017,35.6796898759574,"1"
1311508300,13115,"83","じゃばみいせき","蛇場美遺跡","杉並区 下高戸三丁目","[旧石器時代][縄文時代（草創期～後期）][中世][近世]","包蔵地","[縄文時代]炉穴　[中世][近世]溝状遺構","ナイフ形石器　角錐状石器　台形様石器　縄文土器　打斧　礫器　石槍　石鏃　掻器　削器　楔形石器　磨石　スタンプ形石器　抉入磨石　敲石　石盤　陶磁器　カワラケ",139.634899779917,35.6725989252946,"1"
1311508500,13115,"85","しもたかいどつかやまいせき","下高井戸塚山遺跡","杉並区 下高井戸四丁目　下高井戸五丁目","[旧石器時代][縄文時代（早期～後期）]","集落","[縄文時代]住居　集石　炉　土坑　ピット群","ナイフ形石器　局部磨製石器　掻器　縄文土器　打斧　磨石　土錘",139.624891893501,35.6747984240377,"1"
1311508900,13115,"89","めいじだいがくいずみこうちいせき","明治大学和泉校地遺跡","杉並区 永福一丁目","[旧石器時代][縄文時代（中期）]","集落","[旧石器時代]ブロック　礫群","ナイフ形石器　尖頭器　削器　敲石　石核　縄文土器",139.647782368288,35.6708551224911,"1"
1311509200,13115,"92","ねがわらいせき","根河原遺跡","杉並区 和泉三丁目","[旧石器時代][縄文時代（早期・後期）][古墳時代]","集落","[旧石器時代]ブロック　[古墳時代]住居　[縄文時代]土坑　炉跡","縄文土器　打斧　石棒　土師器　鋸歯　縁石器　尖頭状石器　剥片　石斧",139.647890986685,35.6770728564842,"1"
1311509500,13115,"95","","杉並区№95遺跡","杉並区 堀ノ内一丁目","[旧石器時代]","包蔵地","","剥片",139.649590602404,35.683852045077,"1"
1311510100,13115,"101","ひがしはらいせき","東原遺跡","杉並区 久我山五丁目","[旧石器時代][縄文時代（草創期～後期）][近世]","集落","[旧石器時代]ユニット　礫群　[縄文時代]住居　炉穴　土坑","ナイフ形石器　尖頭器　掻器　彫器　石核　縄文土器　有舌尖頭器　石鏃",139.605868073579,35.6863826594506,"1"
1311511000,13115,"110","たかいどひがしいせき","高井戸東遺跡","杉並区 高井戸西二丁目　 高井戸東三丁目","[旧石器時代][縄文時代（草創期～後期）][古墳時代][中世][近世]","集落","[旧石器時代]ブロック　[縄文時代]陥し穴　[古墳時代]住居　[中世]地下式坑　段切り状遺構　土坑　ピット　溝状遺構","ナイフ形石器　台形石器　スクレイパー　局部磨製石斧　敲石　石棒　剥片　縄文土器　弥生土器　土師器　須恵器　陶器　瓦質土器　瓦",139.616133423463,35.6845979730205,"1"
1311511500,13115,"115","","杉並区№115遺跡","杉並区 上井草三丁目","[旧石器時代][縄文時代（中期～後期）][古墳時代]","包蔵地","","ナイフ形石器　縄文土器　土師器",139.599645212045,35.7207219511738,"1"
1311511900,13115,"119","むかいのはらびーいせき","向ノ原B遺跡","杉並区 久我山二丁目","[旧石器時代][縄文時代（草創期～後期）][古墳時代]","集落","[旧石器時代]礫群　[縄文時代]住居　竪穴状遺構　炉穴　土坑　柱穴群","ナイフ形石器　切出形石器　角錐状石器　石核　縄文土器　打斧　礫器　石槍　有舌尖頭器　尖頭状石器　石鏃　掻器　削器　磨石　スタンプ形石器　抉入磨石　凹石　砥石　石盤　土製品",139.600649566803,35.6862153470847,"1"
1311512100,13115,"121","にしのはらいせき","西ノ原遺跡","杉並区 久我山四丁目","[旧石器時代][縄文時代（中期）]","集落","[旧石器時代]礫群　[縄文時代]住居跡　土坑","打斧　礫群構成礫　敲石　磨石　石皿　縄文土器",139.590403325492,35.6926201358761,"1"
1311512300,13115,"123","おおがいといせき","大ヶ谷戸遺跡","杉並区 荻窪二丁目","[旧石器時代][縄文時代（早期・中期～後期）][近世]","包蔵地・集落","[旧石器時代]ブロック　[縄文時代]住居　集石　土坑　[近世]地下式坑　溝　土坑","細石刃　細石刃核削片　スクレイパー 石核　剥片　縄文土器　土器片鐘　抉状耳飾　石鏃　ノミ状石器　石斧　スタンプ形石器　石皿　敲石　陶磁器　砥石　加工円礫　銭貨",139.61913019047,35.6985495704003,"1"
1311512900,13115,"129","にっしょうじいせきびーちてん","日性寺遺跡B地点","杉並区 成田西二丁目","[旧石器時代][縄文時代（中期）][弥生時代][古墳時代][近世]","集落","[縄文時代]土坑　[古墳時代]住居　[不]ピット群","掻器　縄文土器　石皿　磨石　弥生土器　土師器　土玉　陶磁器",139.62892596413,35.6885784433969,"1"
1311513300,13115,"133","じぞうざかいせき","地蔵坂遺跡","杉並区 善福寺一丁目","[旧石器時代][縄文時代（早期）]","集落","[旧石器時代]礫群　[縄文時代]住居　炉穴","ナイフ形石器　縄文土器",139.596211984506,35.7099899588375,"1"
1311517600,13115,"176","かまくらばしうえいせき","鎌倉橋上遺跡","杉並区 浜田山一丁目　 浜田山二丁目","[旧石器時代][縄文時代（早期～後期）]　[弥生時代（後期）][古墳時代][中世][近世]","集落","[旧石器時代]礫群　ブロック　[縄文時代]住居　土坑　[弥生時代]住居　環濠","細石器　細石刃　ナイフ形石器　角錐状石器　スクレイパー　石刃　石核　細石核　縄文土器　尖頭器　打製石斧　石匙　磨石　土偶　弥生土器　石器　ミニチュア土器　被熱粘土塊　陶磁器　銭貨　鉄鏃　土師器",139.627432480931,35.6771411057286,"1"
1311518000,13115,"180","たかちほだいがくおおみやいせき","高千穂大学大宮遺跡","杉並区 大宮二丁目","[旧石器時代][縄文時代（早期・中期）][古墳時代][中世]","集落・古墳","[旧石器時代]礫群　ブロック　[縄文時代]陥し坑　土坑　[古墳時代]円墳（周溝）　住居　[中世]溝状遺構　溝　土坑","剥片　縄文土器　土師器　埴輪　鉄製品　陶磁器",139.637694092146,35.6831199973093,"1"
1311518100,13115,"181","どうのうえいせき","堂の上遺跡","杉並区 浜田山二丁目","[旧石器時代][縄文時代（中期）]","集落","[旧石器時代]ユニット　[縄文時代]住居跡","石核　ナイフ形石器　スクレイパー　台石　縄文土器",139.625437470224,35.6774030454055,"1"
1311518300,13115,"183","おそのいいせきびーちてん","遅ノ井遺跡B地点","杉並区 上井草二丁目","[旧石器時代]","包蔵地","[旧石器時代]ブロック","[旧]ナイフ形石器　錘状石器　斧状石器　敲石　石核　剥片",139.609429911841,35.7243732861097,"1"
1311518400,13115,"184","むこうやまだいしょうじざかいせき","向山大聖寺坂遺跡","杉並区 堀ノ内一丁目","[旧石器時代][縄文時代（草創期～早期）]","包蔵地","[旧石器時代]礫群　[縄文時代]石器集中部　礫集中部　炉穴　土坑　焼土集中部","縄文土器　石器",139.648734665707,35.6846517908917,"1"
1311518500,13115,"185","ねがわらいせきびーちてん","根河原遺跡B地点","杉並区 和泉四丁目","[旧石器時代][縄文時代（早期～後期）][弥生時代][中世][近世]","包蔵地","[縄文時代]礫集中部","縄文土器　弥生土器　土師器　石器　陶器　土製品　ガラス製品",139.649241505493,35.6784291440134,"1"
1311518600,13115,"186","しらはたいせき","白幡遺跡","杉並区 成田東二丁目","[旧石器時代]","包蔵地","[旧石器時代]ブロック　礫群　炭化物集中部","[旧石器時代]ナイフ形石器　台形様石器　錐状石器　楔形石器　彫器　スクレイパー　剥片　石核　局部磨製石斧",139.634123535636,35.6905653659889,"1"
1311600300,13116,"3","がくしゅういんだいがくしゅうへんいせき","学習院大学周辺遺跡","豊島区 目白一丁目　 目白二丁目","[旧石器時代][縄文時代（後期）]","包蔵地","整地層　土坑　溝状遺構　石組遺構　畝状遺構","縄文土器　剥片　土師器　陶磁器　土器　土製品　石製品　瓦　硝子製品　金属製品",139.7094095,35.71868978,"1"
1320200300,13202,"3","まつなかっぱらいせき","松中ッ原遺跡","立川市 一番町五丁目","[旧石器時代][縄文時代（早期）]","包蔵地","","尖頭器 石鏃",139.3754836,35.73202607,"1"
1320200400,13202,"4","てんのうばしびーちてんいせき","天王橋B地点遺跡","立川市 一番町一丁目","[旧石器時代]","包蔵地","","ナイフ形石器 掻器 石核",139.3843413,35.72494691,"1"
1320200500,13202,"5","じょうすいむこういせき","上水向遺跡","立川市 上砂町四丁目","[旧石器時代]","包蔵地","","尖頭器 掻器",139.3938857,35.72862592,"1"
1320200600,13202,"6","みやのはしいせき","宮ノ橋遺跡","立川市 砂川町四丁目","[旧石器時代]","包蔵地","","尖頭器",139.404254,35.7270094,"1"
1320200700,13202,"7","おおやまどうひがしいせき","大山道東遺跡","立川市 砂川町二丁目","[旧石器時代][縄文時代]","包蔵地","","尖頭器 掻器 磨石 スタンプ形石器",139.4020567,35.72115623,"1"
1320200900,13202,"9","かんのんじはらいせき","観音寺原遺跡","立川市 栄町四丁目","[旧石器時代][縄文時代]","包蔵地","","ナイフ形石器 尖頭器 縄文土器 石鏃",139.4243041,35.71245929,"1"
1320201400,13202,"14","おおわだいせき","大和田遺跡","立川市 柴崎町四丁目 錦町五丁目","[旧石器時代][縄文時代（早期・中期～後期）][奈良時代][平安時代][中世][近世]","集落","[縄文時代]住居 集石 土坑 [奈良時代][平安時代]住居 土坑 溝","尖頭器 礫器 縄文土器 打斧 磨斧 石皿 磨石 スタンプ形石器 土師器 須恵器 陶磁器 銭貨",139.4089033,35.69072429,"1"
1320201800,13202,"18","むかいごういせき","向郷遺跡","立川市 錦町四丁目 羽衣町三丁目","[旧石器時代][縄文時代（早期～後期）][奈良時代][平安時代]","集落","[縄文時代]住居 集石 土坑 炉穴","ナイフ形石器 縄文土器 打斧 磨斧 石鏃 磨石 土師器",139.4234894,35.69047063,"1"
1320300300,13203,"3","ごてんやまいせき","御殿山遺跡","武蔵野市 御殿山一丁目","[旧石器時代][縄文時代（早期～後期）]","包蔵地","[縄文時代]住居跡 土坑 屋外炉 敷石住居","ナイフ形石器 剥片 縄文土器 打斧 磨斧 石槍 石鏃 石皿 磨石 凹石 敲石 砥石 土錘 台状土製品 叩石 尖頭器 石錐",139.5731,35.70024,"1"
1320300400,13203,"4","きちじょうじみなみちょういっちょうめいせき","吉祥寺南町一丁目遺跡","武蔵野市 吉祥寺南町一丁目","[旧石器時代] [縄文時代（早期～中期）]","包蔵地","［旧石器時代］ブロック 礫群［縄文土器］土坑 陥し穴 ピット 埋甕","尖頭器 縄文土器 石鏃 打斧 灯明皿 スクレイパー ナイフ形石器 磨斧 敲石",139.5804,35.70076,"1"
1320300500,13203,"5","きちじょうじみなみちょうさんちょうめいせき","吉祥寺南町三丁目遺跡","武蔵野市 吉祥寺南町三丁目","[旧石器時代] [縄文時代（早期～後期）] [平安時代]","包蔵地","ブロック 礫群 土坑 集石 ピット","石器 縄文土器 細石刃 スクレイパー 打製石斧 敲石 剥片",139.5852,35.69714,"1"
1320400100,13204,"1","あいしーゆーこうないいせきぐん","ICU構内遺跡群","三鷹市 大沢三丁目","[旧石器時代][縄文時代（早期～後期）][奈良時代][平安時代][近世]","集落","[旧石器時代]ユニット　礫群　[縄文時代]住居　小竪穴　土坑　配石","石器　縄文土器　石器　土製円板　耳栓　土偶　土師器　陶磁器",139.5281783,35.6866886,"1"
1320400200,13204,"2","のがわこうえんいせき","野川公園遺跡","三鷹市 大沢三丁目","[旧石器時代][縄文時代（中期）][近世]","包蔵地","","縄文土器　陶磁器",139.5294654,35.68325278,"1"
1320400300,13204,"3","さかうえいせき","坂上遺跡","三鷹市 大沢二丁目","[旧石器時代][縄文時代（早期～後期）]","集落","[旧石器時代]ユニット　礫群　[縄文時代]住居　敷石住居　集石　集石土坑　溝状遺構","石器　縄文土器　石器　土偶",139.5313359,35.68085111,"1"
1320400600,13204,"6","でやまいせき","出山遺跡","三鷹市 大沢二丁目","[旧石器時代][縄文時代（早期～後期）][古墳時代][近世]","集落","[旧石器時代]ユニット　礫群　[縄文時代]住居　小竪穴　集石　集石土坑　炉穴　土坑　溝状遺構","石器　縄文土器　石器　土師器　須恵器　カワラケ　陶磁器",139.5331371,35.67883908,"1"
1320401000,13204,"10","のみずばしいせき","野水橋遺跡","三鷹市 大沢二丁目","[旧石器時代][縄文時代（早期・中期）][中世]","包蔵地","","石器　縄文土器　石器　板碑",139.5326815,35.67554427,"1"
1320401200,13204,"12","てんもんだいこうないいせき","天文台構内遺跡","三鷹市 大沢二丁目","[旧石器時代][縄文時代（早期～中期）][奈良時代][平安時代][近世]","集落","[旧石器時代]ユニット　礫群　性格不明遺構　[縄文時代]住居　集石　集石土坑　土坑　[時代不明]ピット","石器　縄文土器　石器　土師器　陶磁器",139.5359284,35.67582296,"1"
1320401400,13204,"14","ふるはちまんいせき","古八幡遺跡","三鷹市 大沢二丁目　 大沢五丁目","[旧石器時代][縄文時代（早期～晩期）][古墳時代][奈良時代][平安時代][中世][近世]","包蔵地","[縄文時代]集石","石器　縄文土器　石器　土器片錘　陶磁器　石臼　木製高杯　ガラス製品　銭貨　種子材",139.5358014,35.67239775,"1"
1320401500,13204,"15","しもはらいせき","下原遺跡","三鷹市 大沢四丁目　 大沢五丁目","[旧石器時代][縄文時代（早期～中期）][奈良時代][平安時代]","包蔵地","[時代不明]皿鉢状遺構　溝状遺構　[旧石器時代]石器集中部　礫群　炭化物集中　[縄文時代]住居跡　土坑　陥し穴　ピット　[中世][近世]溝","石器　縄文土器　須恵器　陶磁器　鉄製品",139.5373271,35.66874042,"1"
1320401800,13204,"18","はらいせき","原遺跡","三鷹市 大沢一丁目","[旧石器時代][縄文時代（草創期～中期）][近世]","集落","[旧石器時代]ユニット　礫群　[縄文時代]住居　集石　集石土坑　溝状遺構　[時代不明]ピット","石器　縄文土器　石器　土製円板　人形状土製品　陶磁器　銭貨",139.5407709,35.67571175,"1"
1320402000,13204,"20","はねざわだいいせき","羽根沢台遺跡","三鷹市 大沢一丁目　 大沢四丁目","[旧石器時代][縄文時代（早期～中期）][近世]","集落","[旧石器時代]ユニット　礫群　[縄文時代]集石　集石土坑　炉穴　[時代不明]土坑　ピット　溝状遺構","ナイフ形石器　斧形石器　敲石　台石　礫　縄文土器　打斧　磨斧　石皿　磨石　スタンプ形石器　けつ状耳飾　陶磁器　銭貨",139.5404034,35.66997304,"1"
1320402300,13204,"23","ながくぼいせき","長久保遺跡","三鷹市 新川六丁目","[旧石器時代][縄文時代（早期・中期）][近世]","包蔵地","[旧石器時代]ユニット　[縄文時代]土坑　[近世]土坑　ピット　地下室　溝　[時代不明]皿鉢状遺構","石器　縄文土器　石器　陶磁器　ガラス製品",139.5651184,35.68168289,"1"
1320402400,13204,"24","ながしまいせき","長嶋遺跡","三鷹市 新川三丁目　 新川六丁目","[旧石器時代][縄文時代（早期・中期～後期）][近世]","集落","[旧石器時代]ユニット　礫群　[縄文時代]集石　炉穴　陥し穴　[時代不明]ピット　溝状遺構","石器　縄文土器　陶磁器　石製品　銭貨　人骨",139.5677619,35.67933557,"1"
1320402600,13204,"26","まるいけいせき","丸池遺跡","三鷹市 新川二丁目 新川三丁目 新川五丁目","[旧石器時代][縄文時代（前期～中期）][奈良時代][平安時代][中世][近世]","集落","[旧石器時代]ユニット [縄文時代]住居 集石土坑 配石 [時代不明]土坑 溝状遺構","石器 縄文土器 石器 土師器 須恵器 カワラケ",139.571823380309,35.6774360619802,"1"
1320402700,13204,"27","しまやしきいせき","島屋敷遺跡","三鷹市 新川四丁目 新川五丁目","[旧石器時代][縄文時代（早期～中期）][古墳時代][奈良時代][平安時代][中世][近世]","集落","[旧石器時代]ユニット 礫群 [縄文時代]集石 陥し穴 [時代不明]掘立柱建物 ピット 柱穴 地下室 井戸 水田 溝状遺構","石器 縄文土器 石器 土師器 須恵器 板碑 陶磁器 瓦 石製品 金属製品 木製品",139.571480058865,35.6746948638498,"1"
1320402800,13204,"28","しもはらびーいせき","下原B遺跡","三鷹市 大沢五丁目 大沢六丁目","[旧石器時代][縄文時代（前期～後期）][中世][近世]","集落・その他の墓","墓形態：L字型 [旧石器時代]礫群 焼土遺構 [縄文時代]住居跡 集石土坑 焼土跡 陥し穴 [中世]地下式坑 土坑 [時代不明]溝状遺構 ピット 皿鉢状遺構","ナイフ形石器 スクレイパー 縄文土器 石器 土器 陶磁器類",139.531342084976,35.6733467630983,"1"
1320403000,13204,"30","きたのいせき","北野遺跡","三鷹市 北野四丁目","[旧石器時代][縄文時代（草創期～後期）][古墳時代][近世]","集落","[旧石器時代]ユニット 礫群 [縄文時代]住居 集石 炉穴 土坑 溝状遺構 [時代不明]集石土坑 ピット","縄文土器 石器 土錘 土製円板 耳栓 土師器 陶器 カワラケ 瓦 碁石 泥人形",139.57930990106,35.6736343807408,"1"
1320403100,13204,"31","しりつだいごちゅうがっこういせき","市立第五中学校遺跡","三鷹市 新川一丁目 新川四丁目","[旧石器時代][縄文時代（早期～中期）][弥生時代][古墳時代][奈良時代][平安時代][中世][近世]","集落","[旧石器時代]ユニット 礫群 [縄文時代]住居 集石 集石 土坑 [時代不明]土坑 溝状遺構","縄文土器 石器 土錘 土製円板 耳栓 土偶 弥生土器 土師器 須恵器 陶磁器 カワラケ 玉類 銭貨",139.576872061371,35.6710462028253,"1"
1320403200,13204,"32","あずまいせき","東遺跡","三鷹市 中原二丁目 新川一丁目 新川四丁目","[旧石器時代][縄文時代（中期）][古墳時代][近世]","包蔵地","[時代不明]溝状遺構","縄文土器 土師器 陶磁器 碁石 泥人形 銭貨",139.572580525637,35.6692053884358,"1"
1320403300,13204,"33","なかせんがわいせき","中仙川遺跡","三鷹市 中原一丁目 新川一丁目","[旧石器時代][縄文時代（早期・中期）][近世]","包蔵地","[時代不明]皿状遺構","石器 縄文土器 陶磁器 ガラス製品",139.577352712441,35.6664719818901,"1"
1320403800,13204,"38","なかはらいせき","中原遺跡","三鷹市 中原四丁目","[旧石器時代][縄文時代（前期～中期）][奈良時代][平安時代][中世][近世]","包蔵地・陣屋","[中世]溝状遺構 [時代不明]畝状遺構","石器 縄文土器 石器 須恵器 カワラケ 瓦 土鍋 陶磁器 鉄製品 泥人形 銭貨",139.566847035385,35.667978155259,"1"
1320403900,13204,"39","なかにしいせき","中西遺跡","三鷹市 中原四丁目","[旧石器時代][縄文時代（中期）][近世]","包蔵地","[縄文時代]集石 [時代不明]溝状遺構","石器 縄文土器 陶磁器",139.568632313313,35.6677550202174,"1"
1320404100,13204,"41","なかはらばしいせき","中原橋遺跡","三鷹市 中原二丁目","[旧石器時代][縄文時代（前期～中期）]","包蔵地","","縄文土器",139.571138569809,35.6660535938188,"1"
1320404200,13204,"42","はねげいせき","羽毛遺跡","三鷹市 中原二丁目","[旧石器時代][縄文時代（前期～中期）][古墳時代]","集落","[古墳時代]住居 [時代不明]土坑 ピット 溝状遺構","縄文土器 土師器 陶磁器 銭貨",139.571104238058,35.6648820972567,"1"
1320404300,13204,"43","たきさかいせき","滝坂遺跡","三鷹市 中原一丁目 中原二丁目","[旧石器時代][縄文時代（早期～後期）][弥生時代][古墳時代][奈良時代][平安時代][近世]","集落","[旧石器時代]ユニット 礫群 [縄文時代]住居 集石 炉穴 土坑 [時代不明]ピット 溝状遺構","石器 縄文土器 石器 弥生土器 土師器 陶器 泥人形 泥面子 銭貨 骨片",139.575636098671,35.664854205792,"1"
1320404800,13204,"48","いのかしらいせきぐんえーいせき","井の頭池遺跡群A遺跡","三鷹市 井の頭四丁目 井の頭五丁目","[旧石器時代][縄草][縄文時代（早期～後期）][弥生時代][古墳時代][奈良時代][平安時代][中世][近世]","集落","[旧石器時代]ユニット 礫群 [縄文時代]住居 小竪穴 集石 集石土坑 炉穴 土坑 ピット 配石 溝状 遺構","石器 縄文土器 石器 弥生土器 土師器 須恵器 板碑 陶磁器",139.575481754201,35.6984233956942,"1"
1320404900,13204,"49","いのかしらいせきぐんびーいせき","井の頭池遺跡群B遺跡","三鷹市 井の頭三丁目 井の頭四丁目","[旧石器時代][縄文時代（早期・中期～後期）]","集落","[縄文時代]住居 集石 土坑 炉穴 土坑 ピット 理甕","石器 縄文土器 石器 土錘 土製円板 大珠 陶磁器",139.579773288625,35.6974196645829,"1"
1320405200,13204,"52","まるやまえーいせき","丸山A遺跡","三鷹市 井の頭二丁目","[旧石器時代][縄文時代（草創期～中期）]","集落","[旧石器時代]ユニット 礫群 [縄文時代]住居 ピット 溝状遺構","石器 縄文土器 石器 土錘 土偶 土師器 陶磁器 カワラケ",139.585678441564,35.6932094364653,"1"
1320500900,13205,"9","こなかおいせき","小中尾遺跡","青梅市 成木二丁目","[旧石器時代][縄文時代（早期～後期）][奈良時代][平安時代]","集落","[縄文時代]堅穴状遺構","尖頭器　掻器　縄文土器　打斧　石鏃　けつ状耳飾　須恵器",139.267499709718,35.8337383417722,"1"
1320506800,13205,"68","うらじゅく（てぃー-39）いせき","裏宿(T-39)遺跡","青梅市 裏宿町","[旧石器時代][縄文時代（早期～後期）][奈良時代][平安時代]","集落","[縄文時代]住居　竪穴状遺構　土坑　[奈良時代][平安時代]住居　集石　土坑","縄文土器　打斧　磨斧　石鏃　掻器　石皿　磨石　凹石　剥片　石棒　土師器　須恵器　板碑　銭貨",139.246564423922,35.7903315118991,"1"
1320510900,13205,"109","ばば（けー-6・7）いせき","馬場(K-6・7)遺跡","青梅市 師岡町一丁目　 師岡町二丁目","[旧石器時代][縄文時代（早期～後期）][弥生時代（中期～後期）][古墳時代][奈良時代][平安時代][中世]","集落","[旧石器時代]ユニット　[縄文時代]集石　土坑　[弥生時代]住居　方形周溝墓　[奈良時代][平安時代]土坑　井戸状遺構　鍛冶工房","細石刃　細石刃核　掻器　縄文土器　石器　弥生土器　抉入石斧　片刃石斧　石鏃　土師器　須恵器　陶磁器(青磁)　木器　鉄器",139.282403730464,35.7959543308157,"1"
1320511600,13205,"116","かすみだい（けー-27・28・29）いせき","霞台(K-27・28・29)遺跡","青梅市 大門二丁目　 今寺三丁目　 野上町二丁目","[旧石器時代][縄文時代（前期～中期）]［弥生時代（後期）］[古墳時代][奈良時代][平安時代][中世]","集落","[縄文時代]土坑　ピット　[弥生時代][古墳時代]住居　ピット　輪土坑　[奈良時代]住居","ナイフ形石器　尖頭器　縄文土器　石槍　石鏃　掻器　炭化材　弥生土器　土師器　須恵器　砥石　滑石製管玉　木器　炭化米",139.293115400648,35.7965391170108,"1"
1320512400,13205,"124","けー-18いせき","K-18遺跡","青梅市 塩船","[旧石器時代][縄文時代（早期～前期）]［平安時代］","包蔵地","","尖頭器　縄文土器",139.284875655209,35.8044750791379,"1"
1320513900,13205,"139","じょうがさきいせき","城ヶ崎遺跡","青梅市 藤橋二丁目","[旧石器時代][縄文時代（中期）][古墳時代][奈良時代][平安時代][中世]","包蔵地","[旧石器時代]ユニット　土坑　[縄文時代]～[中世]土坑","尖頭器　削器　石核　剥片　縄文土器　土師器　須恵器",139.303380749058,35.8043637019785,"1"
1320514000,13205,"140","まるやま（K-34・35・36）いせき","丸山(K-34・35・36)遺跡","青梅市 藤橋一丁目","[旧石器時代][縄文時代（前期～後期）][古墳時代][奈良時代][平安時代]","集落","[旧石器時代]ユニット　[縄文時代]住居　土坑　[古墳時代]住居　[平安時代]土坑　溝","尖頭器　剥片　縄文土器　石器　土師器　須恵器",139.30245377736,35.8087907967677,"1"
1320514400,13205,"144","しろのこし（けー-39）いせき","城の腰(K-39)遺跡","青梅市 今井","[旧石器時代][縄文時代（早期～後期）][奈良時代][平安時代][中世]","集落・城館","[旧石器時代]ユニット　礫群　[縄文時代]土坑　[中世]堅穴状遺構　地下式土坑","ナイフ形石器　石核　剥片　縄文土器　石斧　石鏃　土師器　須恵器　陶器　板碑",139.312684795165,35.8102942809453,"1"
1320600100,13206,"1","むさしこくぶんじあとかんれんいせき","武蔵国分寺跡関連遺跡","府中市 栄町一丁目　 栄町二丁目　 栄町三丁目　 武蔵台一丁目　 武蔵台二丁目","[旧石器時代][縄文時代（前期～後期）][奈良時代][平安時代][中世][近世]","集落","[旧石器時代]炭化物集中部　[縄文時代]集石　土坑　焼土　[奈良時代][平安時代]土坑　火葬墓　[平安時代]住居　掘立柱建物　土坑　道路　溝　[中世][近世]柱穴列　土坑　道路　溝","ナイフ形石器　尖頭器　細石刃　石核　縄文土器　打斧　磨斧　石鏃　石匙　石錐　石錘　ピエス・エスキーユ　石皿　スタンプ形石器　剥片　凹石　敲石　土師器　須恵器　陶器(緑釉・灰釉)　磁器　擂鉢　瓦　石製品　砥石　鉄製品　瓦　銭貨　漆紙文書　土製品　木製くし　煙管",139.470458,35.69050485,"1"
1320600200,13206,"2","むさしこくふかんれんいせき","武蔵国府関連遺跡","府中市 日鋼町、片町一丁目、片町二丁目、片町三丁目 寿町一丁目、寿町二丁目、寿町三丁目、小柳町一丁目、小柳町二丁目 清水が丘一丁目、清水が丘二丁目、清水が丘三丁目 白糸台一丁目、白糸台二丁目、白糸台三丁目、白糸台四丁目、白糸台五丁目、白糸台六丁目 八幡町一丁目、八幡町二丁目、八幡町三丁目 府中町一丁目、府中町二丁目、府中町三丁目 分梅町一丁目、分梅町二丁目、分梅町三丁目 本宿町一丁目、本宿町二丁目、本宿町三丁目、本宿町四丁目 緑町一丁目、緑町二丁目、緑町三丁目 宮西町一丁目、宮西町二丁目、宮西町三丁目、宮西町四丁目、宮西町五丁目 宮町一丁目、宮町二丁目、宮町三丁目 美好町一丁目、美好町二丁目、美好町三丁目 若松町一丁目、若松町二丁目、若松町三丁目、日吉町 西府町一丁目、西府町二丁目、西府町三丁目、西府町四丁目、西府町五丁目、日新町二丁目","[旧石器時代][縄文時代][弥生時代][古墳時代][奈良時代][平安時代][中世][近世]","官衙・集落","奈良時代][平安時代]住居　掘立柱建物　土坑　柵　道路　溝　井戸　土壙墓　地下式横穴墓　火葬墓　火葬遺構","須恵器　土師器　二彩　緑釉　刀子　鉄鏃　鉄斧　紡錘車　石帯　土錘　瓦",139.4847811,35.67019899,"1"
1320601800,13206,"18","むさしのこうえんいせき","武蔵野公園遺跡","府中市 多磨町三丁目","[旧石器時代][縄文時代（早期～後期）][弥生時代]","集落","[旧石器時代]礫群 [縄文時代]住居 土坑 配石","細石刃核 石核 縄文土器 打斧 土錘 磨斧 石鏃 石匙 石錘 磨石 敲石 弥生土器",139.517895555656,35.6906828099053,"1"
1320602100,13206,"21","とびたきゅうきたいせき","飛田給北遺跡","府中市 朝日町三丁目","[旧石器時代][縄文時代（中期）][古墳時代][奈良時代][平安時代][近世]","包蔵地・集落","[旧石器時代]礫群 [縄文時代]土坑 [古墳時代]住居 竪穴遺構 溝 [奈良時代][平安時代]土坑 [近世]ピット列 土坑","ナイフ形石器 掻器 敲石 磨石 石核 焼礫 縄文土器 打斧 礫器 石槍 石皿 磨石 土師器 須恵器 砥石 青銅鉈尾 陶磁器",139.523014945841,35.6687357655938,"1"
1320602900,13206,"29","","府中市№29遺跡","府中市 朝日町三丁目","[旧石器時代]","集落","[旧石器時代]礫群","ナイフ形石器 尖頭器 掻器 削器 彫器 敲石 石核 焼礫",139.521366995575,35.6762940328165,"1"
1320603300,13206,"33","むさしこくぶんじあとかんれん（むさしだいひがし）いせき","武蔵国分寺跡関連（武蔵台東）遺跡","府中市 武蔵台二丁目","[旧石器時代][縄文時代（早期・中期）]［奈良時代］［平安時代］","集落","[旧石器時代]遺物集中区 礫群 炭化物集中箇所 [縄文時代]住居 陥し穴","ナイフ形石器 掻器 彫器 縄文土器 打斧 磨斧 局部磨製石斧 石鏃 石皿 磨石 スタンプ形石器 土製円板 耳栓 石棒 土偶 浮子",139.466383114954,35.6928852340514,"1"
1320603400,13206,"34","あさひちょういせき","朝日町遺跡","府中市 朝日町二丁目","[旧石器時代]","集落","[旧石器時代]礫群","ナイフ形石器 剥片",139.517435133423,35.6765476933073,"1"
1320603401,13206,"34-1","あさひちょういせき","朝日町遺跡","府中市 朝日町三丁目","[旧石器時代][縄文時代][奈良時代][平安時代][中世]","集落","土坑 礫群 溝状遺構 堅穴状遺構 硬化面","ナイフ形石器 フレイク 礫 細石刃 尖頭器 ハンマー 縄文土器 石鏃 打製石斧 磨石 陶器",139.519787711431,35.6770191421096,"1"
1320700700,13207,"7","はやしのうえいせき","林ノ上遺跡","昭島市 緑町四丁目","[旧石器時代][縄文時代（早期・中期）]","集落","[旧石器時代]礫群 [縄文時代（早期）]土坑","ナイフ形石器 縄文土器 打斧 礫器 石鏃 掻器 石皿 磨石 凹石 敲石",139.3445876,35.71473687,"1"
1320701200,13207,"12","じょうがわらいせき","上川原遺跡","昭島市 上川原町 昭和町四丁目 昭和町五丁目","[旧石器時代][縄文時代（早期・中期）]","集落","[縄文時代（早期）]住居 集石 土坑 ピット","ナイフ形石器 縄文土器 打斧 磨斧 局部磨斧 礫器 尖頭状石器 石鏃 石皿 磨石 スタンプ形石器 凹石 敲石",139.364304,35.709831,"1"
1320701700,13207,"17","","昭島市№17遺跡","昭島市 大神町","[旧石器時代]","包蔵地","","尖頭器",139.3794033,35.72447999,"1"
1320704700,13207,"47","","昭島市№47遺跡","昭島市 宮沢町 中神町","[旧石器時代]","包蔵地","","尖頭器",139.3787318,35.71515566,"1"
1320800500,13208,"5","せんがわいせき","仙川遺跡","調布市 仙川町二丁目　 仙川町三丁目","[旧石器時代][縄文時代（早期～中期）][弥生時代][古墳時代][近世]","包蔵地・集落","[旧石器時代]礫群　[縄文時代]集石　土坑　[古墳時代]住居　[近世]溝","ナイフ形石器　尖頭器　掻器　石核　剥片　縄文土器　打斧　弥生土器　土師器　須恵器　鉄製品　陶磁器",139.584402,35.66485111,"1"
1320800600,13208,"6","わかばちょういせき","若葉町遺跡","調布市 若葉町一丁目　 若葉町三丁目","[旧石器時代][縄文時代（早期・中期）]","包蔵地・集落","[旧石器時代]炭化物集中箇所　[縄文時代]住居　集石　土坑　ピット　[平安時代]溝状遺構","縄文土器　打斧　局部磨斧　石槍　石鏃　磨石　スタンプ形石器　凹石　敲石　土製円板　土偶",139.5810261,35.65903992,"1"
1320800800,13208,"8","いりまちょうしろやまいせき","入間町城山遺跡","調布市 入間町一丁目　 入間町二丁目　 入間町三丁目","[旧石器時代][古墳時代][中世]","集落","[旧石器時代]礫群　石器ブロック　[縄文時代]住居　炉穴　土坑　[弥生時代]住居　土坑　[古墳時代][奈良時代]住居　土坑　溝　横穴墓　[中世]住居　地下式坑　溝　[時代不明]掘立柱建物","ナイフ形石器　尖頭器　縄文土器　石器　土師器　須恵器　埴輪　墨書土器　陶磁器　鉄製品　鉄滓　紡錘車　土製品　人骨",139.5872189,35.64995753,"1"
1320800900,13208,"9","がんざいせき","蟹沢遺跡","調布市 入間町三丁目","[旧石器時代][縄文時代（中期）][古墳時代][奈良時代][近世]","包蔵地","[近世]土壙墓","縄文土器　石器　土師器　陶磁器　石臼　鉄製品　人骨",139.5892481,35.64760604,"1"
1320801100,13208,"11","じゃくぼいせき","蛇久保遺跡","調布市 西つつじヶ丘一丁目","[旧石器時代][縄文時代（中期）][弥生時代][古墳時代][奈良時代][近世]","包蔵地・集落","[旧石器時代]石器集中箇所　炭化物集中箇所　[縄文時代]住居　集石　炉　焼土　土坑　土壙墓　埋甕　[古墳時代]住居　[近世]溝","ナイフ形石器　尖頭器　縄文土器　打斧　磨石　耳飾　勾玉　土師器　陶磁器",139.5649612,35.66571255,"1"
1320801400,13208,"14","なかだいみなみいせき","中台南遺跡","調布市 東つつじヶ丘三丁目","[旧石器時代][縄文時代]","包蔵地","","縄文土器",139.580732,35.65022075,"1"
1320801700,13208,"17","どうやまいせき","堂山遺跡","調布市 深大寺元町五丁目　 深大寺北町一丁目　 深大寺北町二丁目","[旧石器時代][縄文時代（草創期・前期～中期）][弥生時代]","包蔵地","[縄文時代]集石　土坑　[近世]溝","ナイフ形石器　尖頭器　縄文土器　弥生土器　土師器　須恵器　陶磁器　銭貨",139.5485285,35.67118026,"1"
1320802000,13208,"20","にしはらいせき","西原遺跡","調布市 深大寺東町一丁目　 深大寺元町一丁目　 深大寺元町五丁目　 深大寺南町五丁目","[旧石器時代][縄文時代（中期）][古墳時代][奈良時代]","包蔵地","[縄文時代]竪穴状遺構","縄文土器　土師器",139.5554739,35.668594,"1"
1320802200,13208,"22","におうづかいせき","仁王塚遺跡","調布市 深大寺元町三丁目","[旧石器時代][縄文時代（早期～中期）][弥生時代][奈良時代][平安時代][中世]","集落","[縄文時代]炉穴　土坑　[弥生時代][古墳時代][奈良時代]住居　[中世]地下式土坑　[時代不明]溝","縄文土器　石器　土師器　須恵器　陶磁器　カワラケ",139.5463482,35.66730348,"1"
1320802500,13208,"25","うえのはらいせき","上野原遺跡","調布市 深大寺南町一丁目　 深大寺南町二丁目　 深大寺南町三丁目　 深大寺南町四丁目　　 深大寺南町五丁目　 佐須町五丁目　 柴崎二丁目","[旧石器時代][縄文時代（早期・後期）][古墳時代][奈良時代][平安時代][近世]","集落","[旧石器時代]礫群　[縄文時代]住居　集石　集石土坑　炉穴　陥し穴　土坑　[古墳時代]土壙墓　[平安時代]住居溝　[中世]土坑　地下室　濠　[中世][近世]溝　堀　[時代不明]掘立柱建物","ナイフ形石器　縄文土器　打斧　土師器　須恵器　陶器（灰釉）　鉄製品　木製品　陶磁器　ガラス",139.5588752,35.66405133,"1"
1320802700,13208,"27","のがわいせき","野川遺跡","調布市 野水一丁目　野水二丁目","[旧石器時代][縄文時代（早期～後期）][弥生時代]","包蔵地","[旧石器時代]礫群　配石　[縄文時代]住居　三鷹2に接続","ナイフ形石器　尖頭器　細石器　礫器　縄文土器　石器　弥生土器",139.5248308,35.68457177,"1"
1320803600,13208,"36","きたうらいせき","北浦遺跡","調布市 八雲台一丁目 八雲台二丁目","[旧石器時代][縄文時代（草創期～中期）][古墳時代][奈良時代][平安時代][中世][近世]","包蔵地・集落","[旧石器時代]遺物集中箇所 炭化物集中箇所 [縄文時代]集石 土坑 埋甕 [奈良時代][平安時代]住居 [近世]ピット 土坑 溝","尖頭器 礫器 剥片 縄文土器 有舌尖頭器 土師器 須恵器 陶磁器",139.5582019,35.653348,"1"
1320803800,13208,"38","とびたきゅういせき","飛田給遺跡","調布市 飛田給一丁目 飛田給二丁目","[旧石器時代][縄文時代（前期～晩期）][古墳時代][奈良時代][平安時代][近世]","集落","[縄文時代]住居 敷石住居 集石 陥し穴 土坑 土器 棺墓 配石墓 埋甕 [古墳時代][奈良時代][平安時代]住居 掘立柱建物 土坑 溝 祭祀遺構 [中世][近世]住居 掘立柱建物 地下式土壙 土坑 溝","尖頭器 掻器 縄文土器 打斧 土錘 耳飾 土師器 須恵器 墨書土器 砥石 鉄鎌 刀子 鉄錐 鉄鏃 陶磁器 装身具 銭貨 人骨",139.5229111,35.65969456,"1"
1320804500,13208,"45","かみふだいせき","上布田遺跡","調布市 布田三丁目 布田五丁目 布田六丁目 小島町三丁目","[旧石器時代][縄文時代（早期～晩期）][古墳時代][奈良時代][平安時代][中世][近世]","集落","[縄文時代]住居 竪穴状遺構 集石 土坑 炉 柱穴 土壙墓 埋甕 配石 [古墳時代]住居 溝 円形周溝 [奈良時代][平安時代]住居 掘立柱建物 柱穴 土坑 竈 溝 道路状遺構 鍛冶工房 火葬墓 井戸 [中世]地下式土坑 土壙墓 [中世][近世]掘立柱建物 集石 土坑 溝 [近世]土壙墓 溝 道路遺構 [平安時代]蔵骨器","縄文土器 石器 土製品 石製品 土師器 須恵器 墨書土器 陶器（灰釉） 土製支脚 鎌 刀子 土錘 羽口 <U+9299>帯 銅製丸鞘 陶磁器 カワラケ 硯 砥石 石臼 瓦 板碑 銭貨 鉄滓 人骨 打製石斧 敲石 石皿 石棒 金銅製巡方 鉄製品 石器及び焼礫 土師器甕及び須恵器蓋（人骨、墨書土器を含む） 木製品",139.5445643,35.64632794,"1"
1320804700,13208,"47","こくりょうみなみいせき","国領南遺跡","調布市 国領町五丁目　 国領町六丁目","[旧石器時代][縄文時代（早期・中期）][古墳時代][奈良時代][平安時代][中世][近世]","集落","[縄文時代]住居　集石　陥し穴　埋甕　[古墳時代]方形周溝墓　土壙墓　[古墳時代][奈良時代][平安時代]住居　掘立柱建物　溝　[中世]地下式土坑　[近世]土坑　溝","ナイフ形石器　縄文土器　土製品　土師器　須恵器　鉄製品　陶磁器",139.5532333,35.64551589,"1"
1320805000,13208,"50","とびたきゅうきたいせき","飛田給北遺跡","調布市 西町　 飛田給一丁目","[旧石器時代][縄文時代（中期）][奈良時代][平安時代][近世]","集落","[旧石器時代]礫群　[縄文時代]土坑　陥穴　[古墳時代]住居　竪穴状遺構　竈　土坑　竪穴住居　[近世]ピット列　土坑　溝","ナイフ形石器　細石刃　掻器　敲石　磨石　石核　剥片　砕片　縄文土器　打斧　礫器　石槍　石皿　磨石　土玉　土師器　須恵器　砥石　帯金具　陶磁器　打製石斧　墨書土器",139.5240667,35.66610443,"1"
1320806300,13208,"63","のみずいせき","野水遺跡","調布市 西町","[旧石器時代]","集落","[旧石器時代]礫群","石器",139.527250539735,35.6770844855796,"1"
1320806400,13208,"64","ふじみちょういせき","富士見町遺跡","調布市 富士見町三丁目 富士見町四丁目","[旧石器時代][縄文時代（早期・中期）]","集落","[旧石器時代] 炭化物集中 石器集中部17 礫群7 炭化物集中3 柱穴","ナイフ形石器 台形石器等 礫 縄文土器・石器",139.537927876858,35.6651193434645,"1"
1320806500,13208,"65","きたのいせき","北野遺跡","調布市 緑ヶ丘一丁目","[旧石器時代][縄文時代（早期・中期）]","集落","[縄文時代]住居 小穴","縄文土器（中期）石器・キセル",139.579992825967,35.6721529313028,"1"
1321000100,13210,"1","ぬくいいせき","貫井遺跡","小金井市 貫井南町三丁目","[旧石器時代][縄文時代（早期～後期）]","集落","[縄文時代]住居 集石 土坑群","剥片 縄文土器 磨斧 石斧 石鏃 石匙 石皿 磨石 耳栓 硬玉製大珠 土製垂飾",139.4939,35.69959,"1"
1321000200,13210,"2","はけうえいせき","はけうえ遺跡","小金井市 貫井南町三丁目 前原町三丁目","[旧石器時代][縄文時代（草創期～後期）]","集落","[旧石器時代]礫群 [縄文時代]住居 集石 土坑","ナイフ形石器 尖頭器 細石刃 局部磨斧 縄文土器 石斧 石鏃 石皿 スタンプ形石器",139.4983,35.69911,"1"
1321000301,13210,"3-1","へいたいさかいせき","平代坂遺跡","小金井市 前原町三丁目","[旧石器時代][縄文時代（中期）][中世]","集落","[旧石器時代]礫群 [縄文時代]住居 [中世]地下式土坑","ナイフ形石器 尖頭器 礫器 磨石 石核 縄文土器 陶器",139.5012,35.69879,"1"
1321000400,13210,"4","にしのだいいせき","西之台遺跡","小金井市 前原町三丁目 中町四丁目","[旧石器時代][縄文時代（草創期～後期）]","集落","[旧石器時代]礫群 [縄文時代]集石 炉穴 土坑","ナイフ形石器 尖頭器 有舌尖頭器 細石刃 細石核 掻器 石核 縄文土器 石斧 スタンプ形石器",139.5062,35.69861,"1"
1321000500,13210,"5","なかざんやいせき","中山谷遺跡","小金井市 中町一丁目 中町二丁目 中町三丁目","[旧石器時代][縄文時代（早期～後期）]","集落","[縄文時代]住居 集石土坑 土坑","細石刃 細石核 礫器 錐状石器 石核 剥片 縄文土器 石斧 石鏃 石匙 石皿 磨石 土器片錘 土製円板",139.5119,35.69695,"1"
1321000600,13210,"6","くりやまいせき","栗山遺跡","小金井市 中町一丁目 東町五丁目","[旧石器時代][縄文時代（中期）]","集落","[旧石器時代]礫群 [縄文時代]住居 土坑群","ナイフ形石器 細石核 剥片 縄文土器 石斧 石鏃 石皿 磨石 土器片錘 土製円板 土偶",139.519,35.69282,"1"
1321000700,13210,"7","あいしーゆーろけーしょん15いせき","ICULoc.15遺跡","小金井市 東町一丁目 東町五丁目","[旧石器時代][縄文時代（中期）]","集落","[旧石器時代]礫群 [縄文時代]土坑","ナイフ形石器 掻器 削器 石核 剥片 縄文土器",139.5235,35.68939,"1"
1321000800,13210,"8","あらまきいせき","荒牧遺跡","小金井市 貫井南町四丁目","[旧石器時代][縄文時代（前期～後期）][近世]","集落","[縄文時代]住居 土坑 [近世]掘立柱穴列 井戸","石核 剥片 縄文土器 石斧 石鏃 土製円板 陶磁器 鉄製品 板碑",139.4948,35.69673,"1"
1321000900,13210,"9","ぬくいみなみいせき","貫井南遺跡","小金井市 貫井南二丁目","[旧石器時代][縄文時代（早期～後期）]","集落","[縄文時代]住居 集石 土坑群","ナイフ形石器 尖頭器 縄文土器 打斧 磨斧 石鏃 石皿 磨石 けつ状耳飾",139.4985,35.69394,"1"
1321001200,13210,"12","まえはらいせき","前原遺跡","小金井市 前原町一丁目 前原町二丁目","[旧石器時代][縄文時代（草創期～後期）][近世]","集落","[旧石器時代]礫群 配石 [縄文時代]住居 集石 土坑","ナイフ形石器 尖頭器 剥片 縄文土器 打斧 有舌尖頭器 石鏃 磨石",139.5071,35.69322,"1"
1321001400,13210,"14","しんばしいせき","新橋遺跡","小金井市 中町一丁目","[旧石器時代][縄文時代（後期）]","集落","[旧石器時代]礫群 [縄文時代]住居 土坑","ナイフ形石器 尖頭器 細石刃 細石核 剥片 縄文土器 石斧 石錘",139.5121,35.69427,"1"
1321001600,13210,"16","しちけんやいせき","七軒家遺跡","小金井市 前原町二丁目","[旧石器時代][縄文時代（草創期～後期）][古墳時代][中世][近世]","包蔵地","[時代不明]土坑 溝状遺構","有舌尖頭器 削器 剥片 縄文土器 打斧 磨石 土師器 陶磁器 カワラケ",139.5142,35.69129,"1"
1321001700,13210,"17","のがわなかすいせき","野川中洲遺跡","小金井市 前原町二丁目","[旧石器時代][縄文時代（後期）]","包蔵地","","ナイフ形石器 槍先形尖頭器 有茎尖頭器 礫器 剥片 縄文土器 打斧",139.5157,35.69202,"1"
1321001800,13210,"18","のがわなかすきたいせき","野川中洲北遺跡","小金井市 中町一丁目","[旧石器時代][縄文時代（草創期～早期・後期）][古墳時代][平安時代][中世][近世]","集落","[旧石器時代]ブロック 礫群 配石 炭化物集中 [縄文時代]住居 集石 土坑 ピット [平安時代]土坑 [中世]掘立柱建物 ピット 土坑 溝 [近世]ピット 土坑","ナイフ形石器 尖頭器 細石刃 打斧 局部磨斧 礫器 縄文土器 打斧 磨斧 石槍 有舌尖頭器 石鏃 石錘 石皿 磨石 敲石 木製品 土師器 刀子 陶磁器",139.5162,35.69313,"1"
1321001900,13210,"19","むさしのこうえんていしっちいせき","武蔵野公園低湿地遺跡","小金井市 東町五丁目","[旧石器時代][縄文時代（前期～後期）][古墳時代][中世][近世]","包蔵地","[時代不明]河道 土坑 丸木橋状遺構","石器 縄文土器 石斧 石鏃 石皿 磨石 木製品 漆塗りくし 土師器 板碑 銭貨 陶磁器",139.5198,35.69087,"1"
1321002000,13210,"20","","小金井市№20遺跡","小金井市 東町一丁目","[旧石器時代][縄文時代（中期～後期）]","包蔵地","","縄文土器",139.5227,35.68884,"1"
1321002200,13210,"22","","小金井市№22遺跡","小金井市 本町五丁目","[旧石器時代][縄文時代（早期）]","包蔵地","","剥片 縄文土器",139.5015,35.70646,"1"
1321100100,13211,"1","おがわちょういっちょうめいせき","小川町一丁目遺跡","小平市 小川町一丁目","[旧石器時代]","包蔵地","","尖頭器",139.4581,35.73002,"1"
1321100300,13211,"3","すずきいせき","鈴木遺跡","小平市 鈴木町 回田町 御幸町","[旧石器時代][縄文時代（前期～中期）][近世]","包蔵地・集落","[旧石器時代]ユニット 礫群 炭化物集中箇所 炉 土坑 [縄文時代]土坑 [近世]水車 水路 暗渠","ナイフ形石器 尖頭器 尖頭状石器 細石刃 台形様石器 掻器 彫器 石斧 礫器 敲石 磨石 台石 石核 縄文土器 打斧 石鏃 陶磁器 鉄製品 簪",139.499,35.71788,"1"
1321100400,13211,"4","はなこがねいみなみいせき","花小金井南遺跡","小平市 花小金井南町一丁目","[旧石器時代]","包蔵地・集落","[旧石器時代]礫群","削器 剥片 石核 礫",139.5133,35.72026,"1"
1321200100,13212,"1","ななつづかいせき","七ツ塚遺跡","日野市 新町四丁目 新町五丁目","[旧石器時代][縄文時代（草創期～後期）][古墳時代][奈良時代][中世]","集落","[縄文時代]住居 集石 土坑 溝","縄文土器 石鏃 石錘 石棒 弥生土器 土師器 須恵器 陶器",139.3793835,35.68263916,"1"
1321200600,13212,"6","しんめいうえいせき","神明上遺跡","日野市 神明一丁目 神明二丁目 神明三丁目 神明四丁目 大坂上三丁目 大坂上四丁目 多摩平七丁目","[旧石器時代][縄文時代（早期～中期）][弥生時代][古墳時代][奈良時代][平安時代][近世]","集落","住居 掘建柱建物跡 土坑 集石 溝","石器 縄文土器 土師器 須恵器ほか",139.3932299,35.67174888,"1"
1321202500,13212,"25","","日野市№25遺跡","日野市 旭が丘六丁目","[旧石器時代]","包蔵地","","石器",139.3665114,35.65984208,"1"
1321202800,13212,"28","みなみだいらいせき","南平遺跡","日野市 南平","[旧石器時代]","包蔵地","[旧石器時代]礫群","礫器 敲石 台石",139.3998752,35.65271619,"1"
1321205100,13212,"51","","日野市№51遺跡","日野市 多摩平六丁目","[旧石器時代][縄文時代（早期～前期・後期）][平安時代][中世]","集落","[旧石器時代]石器ブロック [縄文時代]土坑 ピット [平安時代]竪穴住居址 土坑","石器（尖頭器） 土器 石器 土師器",139.382675,35.670509,"1"
1321400100,13214,"1","くまのごういせき","熊ノ郷遺跡","国分寺市 西恋ヶ窪三丁目 西恋ヶ窪四丁目","[旧石器時代][縄文時代]","集落","[旧石器時代]石器集中部 礫群","尖頭器 石刃 礫器 剥片",139.4669101,35.70531943,"1"
1321400200,13214,"2","こいがくぼいせき","恋ヶ窪遺跡","国分寺市 西恋ヶ窪一丁目　 東恋ヶ窪一丁目　 東恋ヶ窪三丁目","[旧石器時代][縄文時代（早期・中期～後期）][奈良時代][平安時代][中世]","集落","[縄文時代]住居　敷石住居　集石　土坑　屋外埋甕　[中世]溝","(縄文)縄文土器　打斧　磨斧　石槍　石鏃　掻器　彫器　石匙　石錐　ピエス・エスキーユ　スタンプ形石器　敲石　砥石　土錘　土製円板　耳飾　硬玉製大珠　器台　(中世)陶器",139.4705243,35.70254176,"1"
1321400300,13214,"3","こいがくぼみなみいせき","恋ヶ窪南遺跡","国分寺市 西恋ヶ窪一丁目 東恋ヶ窪一丁目 泉町一丁目","[旧石器時代][縄文時代（早期・中期）]","集落","[縄文時代]住居 集石土坑 土坑","縄文土器",139.4736221,35.69993871,"1"
1321400700,13214,"7","たまらんざかいせき","多摩蘭坂遺跡","国分寺市 内藤一丁目 内藤二丁目","[旧石器時代][縄文時代][奈良時代]","集落","[旧石器時代]ユニット礫群","(旧石器時代)ナイフ形石器 尖頭器 角錐状石器 掻器 彫器 打斧 礫器 敲石 (奈良時代)銭貨 須恵器",139.4577268,35.69368698,"1"
1321400800,13214,"8","はなざわにしいせき","花沢西遺跡","国分寺市 本町四丁目 南町三丁目 泉町一丁目 東恋ヶ窪一丁目","[旧石器時代][縄文時代][弥生時代]","集落","[縄文時代]住居 土坑 埋甕","縄文土器 打斧 磨斧 石鏃 石匙 石錐 スタンプ形石器 石棒 弥生土器",139.4680368,35.69935258,"1"
1321400900,13214,"9","ひかげやまいせき","日影山遺跡","国分寺市 泉町二丁目 西恋ヶ窪一丁目","[旧石器時代][縄文時代（中期）][奈良時代][平安時代][中世]","包蔵地","[旧石器時代]石器集中部 集石 ユニット 礫群 [縄文時代]竪穴住居 [歴史時代]掘立柱建物 柵列 井戸 火葬墓 土壙墓 井戸 道路跡（鎌倉街道） 溝 土坑 集石 特殊遺構","(旧石器時代)尖頭器 ナイフ形石器 スクレイパー 剥片遺物 石核 (縄文時代)土器 打製石斧 (歴史時代)土師質土器 瓦質土器 土器（在地土器） 陶磁器 銭貨 金属製品（刀子） 砥石 板碑 銭貨 鉄製品（鉄釘） 瓦",139.4717981,35.69264697,"1"
1321401100,13214,"11","たきくぼいせき","多喜窪遺跡","国分寺市 西元町二丁目 西元町四丁目","[旧石器時代][縄文時代（中期）]","集落","[縄文時代]住居 土壙","縄文土器 打斧 磨斧 石鏃 掻器 石皿 磨石 スタンプ形石器",139.4674663,35.69221292,"1"
1321401900,13214,"19","むさしこくぶんじあと","武蔵国分寺跡","国分寺市 東元町二丁目 東元町三丁目 東元町四丁目 西元町一丁目 西元町二丁目 西元町三丁目 西元町四丁目 泉町一丁目 泉町二丁目 泉町三丁目 西恋ヶ窪一丁目","[旧石器時代][縄文時代][奈良時代][平安時代][中世][近世]","集落","[縄文時代]住居 [奈良時代][平安時代]住居 掘立柱建物 道路 溝 [中世]門 土坑 地下式横穴","縄文土器 陶磁器 土製品 石製品 鉄製品 青銅製品 瓦 <U+587C>",139.4662512,35.6985094,"1"
1321402000,13214,"20","とのがやときたいせき","殿ヶ谷戸北遺跡","国分寺市 南町一丁目","[旧石器時代][縄文時代（早期・中期）]","集落","[旧石器時代]礫群","ナイフ形石器 尖頭器 掻器 石核 縄文土器",139.4827089,35.69219995,"1"
1321402100,13214,"21","とのがやといせき","殿ヶ谷戸遺跡","国分寺市 南町二丁目 東元町一丁目 二丁目","[旧石器時代][縄文時代（早期・中期）]","集落","[旧石器時代]礫群 [縄文時代]土坑","ナイフ形石器 尖頭器 掻器 石核 縄文土器",139.4854196,35.69257342,"1"
1321402800,13214,"28","ほんちょう（こくぶんじむらせっきじだい）いせき","本町（国分寺村石器時代）遺跡","国分寺市 南町二丁目 本町二丁目","[旧石器時代][縄文時代（中期）][奈良時代][平安時代]","集落","[縄文時代]住居 土坑 埋甕","縄文土器 打斧 磨斧 石鏃 敲石",139.483665,35.70079777,"1"
1321402900,13214,"29","","国分寺市№29遺跡","国分寺市 南町一丁目 本町一丁目","[旧石器時代][縄文時代][奈良時代][平安時代]","包蔵地","","縄文土器",139.4851149,35.70016943,"1"
1321403700,13214,"37","","国分寺市№37遺跡","国分寺市 西恋ヶ窪三丁目","[旧石器時代][縄文時代][奈良時代][平安時代]","包蔵地","[旧石器時代]ユニット 土坑 [縄文時代]土坑 [奈良時代][平安時代]土坑 溝","ナイフ形石器 尖頭器 細石刃 台形石器 楔形石器 掻器 錐 打斧 磨石 石核 縄文土器 石器",139.464439,35.70336272,"1"
1321405200,13214,"52","","国分寺市№52遺跡","国分寺市 西恋ヶ窪三丁目","[旧石器時代]","包蔵地","","",139.4639927,35.70517487,"1"
1321405300,13214,"53","とうきょうけいざいだいがくこうないいせき","東京経済大学構内遺跡","国分寺市 南町一丁目","[旧石器時代][縄文時代（早期・中期）]","包蔵地","","尖頭器 掻器 彫器 打斧 剥片 縄文土器",139.4901274,35.69927724,"1"
1321405400,13214,"54","はなざわひがしいせき","花沢東遺跡","国分寺市 南町二丁目 南町三丁目","[旧石器時代][縄文時代]","集落","[旧石器時代]礫群 [縄文時代]住居 土坑","ナイフ形石器 尖頭器 角錐状石器 掻器 敲石 打斧 石匙 石皿 スタンプ形石器 台石 砥石",139.4816738,35.69817697,"1"
1321405500,13214,"55","ひかりちょういせき","光町遺跡","国分寺市 光町三丁目","[旧石器時代]","集落","[旧石器時代]礫群","ナイフ形石器 角錐状石器 掻器 彫器 敲石 磨石 石核",139.4421917,35.7065688,"1"
1321405600,13214,"56","","国分寺市№56遺跡","国分寺市 光町一丁目","[旧石器時代][縄文時代]","包蔵地","[縄文時代]土坑","",139.4486461,35.70160629,"1"
1321405700,13214,"57","こいがくぼひがしいせき","恋ヶ窪東遺跡","国分寺市 本町四丁目 東恋ヶ窪一丁目 東恋ヶ窪二丁目","[旧石器時代][縄文時代（中期）][奈良時代][平安時代]","集落","[縄文時代]掘立柱建物跡 敷石住居 集石土坑 土坑 屋外埋甕 炉穴 陥穴 特殊遺構","(旧石器時代)細石刃 尖頭器 ナイフ形石器 (縄文時代)縄文土器 ミニチュア土器 耳栓 器台 打製石斧 石鏃 掻器 石匙 石錐 石皿 磨石 土製円板 尖頭器 石棒 硬玉製原石 (奈良・平安時代)土師器 瓦",139.4770468,35.70348715,"1"
1321500200,13215,"2","みねうえいせき","峰上遺跡","国立市 富士見台三丁目","[旧石器時代][縄文時代][平安時代]","集落","[旧石器時代]ブロック 礫群 配石 [縄文時代]土坑","ナイフ形石器 尖頭器 スクレイパー 敲石 石核 剥片 縄文土器 土師器",139.4363187,35.68552263,"1"
1321500500,13215,"5","かりやうえにしいせき","仮屋上西遺跡","国立市 谷保","[旧石器時代][縄文時代（中期）][平安時代][中世]","集落","[奈良時代]住居跡 溝状遺構 [平安時代]住居跡 土坑 ピット","土師器 須恵器 陶器 須恵器質陶器 刀子 紡錘車 古銭(隆平永寶) 風字硯",139.4417242,35.6828501,"1"
1321500800,13215,"8","みどりかわひがしいせき","緑川東遺跡","国立市 青柳一丁目 青柳三丁目","[旧石器時代][縄文時代（早期～後期）][奈良時代][平安時代][近世]","集落","[旧石器時代]ブロック 礫群 配石 [縄文時代]住居跡 竪穴状遺構 集石 炉穴 土坑 ピット 焼土跡 [奈良時代][平安時代]溝 [近世]溝状遺構 土坑","ナイフ形石器 尖頭器 石核 細石刃核 スクレイパー 縄文土器 打斧 石匙 土偶 打製石斧 有舌尖頭器 石鏃 スタンプ形石器 礫器 扶入磨石 磨石 石皿 石錘 石棒 耳栓 垂飾",139.423645,35.686913,"1"
1321500900,13215,"9","あおやぎいせき","青柳遺跡","国立市 青柳","[旧石器時代][縄文時代（中期）][平安時代]","包蔵地","","尖頭器 打斧 縄文土器 石斧 土師器",139.4220708,35.6823436,"1"
1321501200,13215,"12","しけんざけいせき","四軒在家遺跡","国立市 矢川三丁目","[旧石器時代][縄文時代（中期）][古墳時代][平安時代][近世]","集落","[縄文時代]敷石住居 住居跡 集石 土坑 ピット 埋設土器[中世][近世]溝状遺構 土坑 柱穴","縄文土器 剥片 円筒埴輪 打製石斧 異形土器（ミニチュア土器） ナイフ形石器 有舌尖頭器 石鏃 掻器 石匙 スタンプ形石器 土師器 坏 須恵器 陶磁器",139.4274159,35.6809353,"1"
1321904201,13219,"42-1","べんてんいけいせき","弁財天池遺跡","狛江市 中和泉一丁目","[旧石器時代][縄文時代（中期～後期）][弥生時代（後期）][古墳時代][奈良時代][平安時代][中世][近世]","集落","[旧石器時代]ブロック [縄文時代]住居 集石 土坑 [弥生時代][古墳時代]方形周溝墓 [古墳時代][奈良時代]住居 [奈良時代][平安時代]掘立柱建物 [中世][近世]土坑","ナイフ形石器 尖頭器 細石刃 縄文土器 打斧 石鏃 石皿 土製円板 石棒 弥生土器 槍先形鉄製品 鉄釧 銅釧 土師器 須恵器 紡錘車 銀製穂積具",139.575899,35.63310663,"1"
1322301300,13223,"13","きちじょうやまいせき","吉祥山遺跡","武蔵村山市 本町四丁目","[旧石器時代][縄文時代（早期～晩期）][弥生時代（後期）][古墳時代][平安時代]","集落","[縄文時代]住居　炉穴　野外炉　土坑　[弥生時代]住居　[古墳時代]住居","ナイフ形石器　尖頭器　縄文土器　打斧　石鏃　石刃　弥生土器　土師器　須恵器　瓦",139.387821,35.75868928,"1"
1322301800,13223,"18","やしきやまいせき","屋敷山遺跡","武蔵村山市 中藤一丁目","[旧石器時代][縄文時代（草創期～晩期）][弥生時代（後期）][古墳時代][平安時代][中世]","集落","[縄文時代]住居　竪穴状遺構　ピット","縄文土器　打斧　スタンプ形石器　弥生土器　土師器　瓦",139.3980655,35.75746344,"1"
1322303000,13223,"30","あたごまついせき","アタゴ松遺跡","武蔵村山市 榎三丁目","［旧石器時代］[縄文時代][古墳時代]","包蔵地","","縄文土器　土師器",139.3823414,35.74670853,"1"
1322303100,13223,"31","おいせじいせき","御伊勢地遺跡","武蔵村山市 中央二丁目","[旧石器時代][縄文時代（中期）]","包蔵地","","ナイフ形石器　縄文土器　打斧",139.3929157,35.75102738,"1"
1322303300,13223,"33","くぼいせき","久保遺跡","武蔵村山市 神明一丁目","[旧石器時代][縄文時代（草創期・中期）]","包蔵地","","ナイフ形石器　細石刃　縄文土器　石槍　有古尖頭器　石鏃",139.3993015,35.75286631,"1"
1322303400,13223,"34","ねんぶつづかだい1いせき","念仏塚第1遺跡","武蔵村山市 神明四丁目","[旧石器時代][縄文時代（中期）]","集落","[旧石器時代]ブロック　[縄文時代]集石土坑　土坑　[時代不明]溝","ナイフ形石器　剥片　縄文土器　打斧　陶器",139.4019451,35.7513896,"1"
1322808700,13228,"87","いいざかうえいせき","飯坂上遺跡","あきる野市 二宮","[旧石器時代][縄文時代（中期）]","包蔵地","","尖頭器　縄文土器　石鏃",139.3071991,35.72688357,"1"
1322808900,13228,"89","まえだこうちいせき","前田耕地遺跡","あきる野市 二宮　 野辺　 小川","[旧石器時代][縄文時代（草創期～後期）][弥生時代][古墳時代][平安時代][中世][近世]","集落","[縄文時代]住居跡　集石土坑　炉　土坑　石器製作址　配石","尖頭器　細石刃核　掻器　削器　縄文土器　打斧　磨斧　礫器　石鏃　石匙　石皿　磨石　台石　有溝砥石　剥片　土錘　土偶　弥生土器　土師器　須恵器　陶器（灰釉)　鎌　刀子　陶磁器　瓦　杭　焼礫",139.3154045,35.72418002,"1"
1322809100,13228,"91","にのみや・にのみやもりこしいせき","二宮・二宮森腰遺跡","あきる野市 二宮　 平沢","[旧石器時代][縄文時代（草創期～後期）][弥生時代][古墳時代][奈良時代][平安時代][中世][近世]","集落・経塚・社寺・城館","[縄文時代]住居跡　敷石住居　炉　土坑　柱穴群　埋甕　[平安時代]経塚　[中世]地下式土坑","細石刃核　縄文土器　打斧　磨斧　礫器　石鏃　石匙　石錐　石箆　石皿　磨石　スタンプ形石器　凹石　剥片石器　弥生土器　土師器　須恵器　鉄釘　鉄製品　鍔　柄頭鞘尻　瓦　陶磁器　金銅仏　銭貨",139.3128296,35.72886241,"1"
1322900100,13229,"1","きたみやのわきいせき","北宮ノ脇遺跡","西東京市 北町五丁目","[旧石器時代][縄文時代(早期・中期)][近世]","集落","[旧石器時代]ブロック 礫群 [縄文時代]土坑 ピット 焼土跡 [近世]溝","石器 剥片 焼礫 縄文土器 陶磁器",139.5624,35.75549,"1"
1322900300,13229,"3","なかあらやしきいせき","中荒屋敷遺跡","西東京市 下保谷三丁目","[旧石器時代][縄文時代(前期)][弥生時代]","包蔵地","[旧石器時代]ブロック","縄文土器 弥生土器 剥片",139.5646,35.75364,"1"
1322900700,13229,"7","したのやいせき","下野谷遺跡","西東京市 東伏見二丁目 東伏見三丁目 東伏見六丁目","[旧石器時代][縄文時代(早期～後期)][弥生時代（後期）][古墳時代][平安時代][近世]","集落","[旧石器時代]ブロック 礫群 炭化物集中 [縄文時代]住居跡 掘立柱建物跡 竪穴 炉穴 陥し穴 集石土坑 土坑 ピット ピット列 埋設土器 [近世]竪穴 溝 道路 集石 配石 柵列 土坑 硬化面 畑 ピット","石器 剥片 焼礫 縄文土器 土錘 土製円盤 垂飾 耳栓 炭化物 矢柄研磨器 砥石 陶磁器 土師質土器 瓦質土器 銭貨 煙管 須恵器 管状土錘 土鈴 刀子 釘 弥生土器 土師器",139.5611,35.7257,"1"
1322900800,13229,"8","さかしたいせき","坂下遺跡","西東京市 東伏見五丁目 柳沢二丁目","[旧石器時代][縄文時代(早期～中期)][平安時代][近世]","集落","[旧石器時代]礫群 ブロック 炭化物集中 土坑 [縄文時代]土坑 ピット [平安時代]住居跡 [近世]溝 土坑 ピット","石器 剥片 焼礫 縄文土器 粘土塊 土師器 須恵器 陶磁器 土師質土器 瓦質土器 銭貨 煙管 石臼",139.5576,35.72376,"1"
1322901000,13229,"10","ひがしふしみいなりじんじゃいせき","東伏見稲荷神社遺跡","西東京市 東伏見一丁目","[旧石器時代][縄文時代(中期)]","包蔵地","","尖頭器 縄文土器",139.5582,35.72677,"1"
1322901100,13229,"11","しもやぎさわいせき","下柳沢遺跡","西東京市 東伏見二丁目 東伏見三丁目","[旧石器時代][縄文時代(草創期～後期)][中世][近世]","集落・その他の墓","[旧石器時代]ブロック 礫群 [縄文時代]住居 土坑 ピット [中]井戸 地下式土坑 [近世]土坑 井戸 溝 水車 畑 水田","縄文土器 石器 剥片 焼礫 陶磁器 土師質土器 瓦質土器 茶臼 板碑 銭貨",139.5642,35.72665,"1"
1322901600,13229,"16","たなしみなみちょういせき","田無南町遺跡","西東京市 南町五丁目","[旧石器時代][縄文時代(草創期～早期)][近世]","包蔵地","[旧石器時代]ブロック 礫群 [縄文時代]陥し穴 [近世]溝","ナイフ形石器 細石刃 掻器 削器 彫器 局部磨製石斧 敲石 磨石 縄文土器 打斧 石槍 石鏃 陶磁器 瓦 煙管 泥面子",139.5344,35.72371,"1"
1330300100,13303,"1","まつばらいせき","松原遺跡","瑞穂町 箱根ヶ崎","[旧石器時代][縄文時代（前期）]","包蔵地","[旧石器時代]礫群 [縄文時代]土坑","縄文土器 石鏃 石器 打製石斧",139.3442205,35.77458789,"1"
1330300200,13303,"2","さやまいせき","狭山遺跡","瑞穂町 箱根ヶ崎","[旧石器時代][縄文時代（前期～中期）][弥生時代][古墳時代][平安時代]","集落","［時代不明］住居跡 炉 土坑 溝状遺構 溝","ナイフ形石器 尖頭器 細石刃 細石刃核 掻器 削器 石錐 旧石器 縄文土器 打斧 磨斧 有茎尖頭器 石鏃 石皿 磨石 凹石 敲石 土製円板 石器 弥生土器 土師器 須恵器 陶磁器 ガラス製品 金属製品 銭貨",139.3498167,35.77550709,"1"
1330300300,13303,"3","せんげんやついせき","浅間谷遺跡","瑞穂町 箱根ヶ崎","[旧石器時代][縄文時代（早期・中期～後期）]［弥生時代］","包蔵地","[縄文時代]炉","尖頭器 細石刃核 掻器 縄文",139.3540739,35.776287,"1"
1330300900,13303,"9","ろくどうやまいせき","六道山遺跡","瑞穂町 石畑","[旧石器時代][縄文時代（早期～中期）]","集落","[縄文時代]炉穴群 土坑","尖頭器 縄文土器 打斧 磨斧 礫器 掻器 削器 石錐 石皿 磨石 有孔石器 有孔土製円板",139.3661932,35.77542352,"1"
1330301700,13303,"17","","瑞穂町№17遺跡","瑞穂町 殿ヶ谷","[旧石器時代]","包蔵地","","尖頭器",139.3584481,35.75729499,"1"
1330501700,13305,"17","みよしのいせきぐんせいぼうちくいせき","三吉野遺跡群清坊地区遺跡","日の出町 平井","[旧石器時代][縄文時代（前期）][古墳時代][奈良時代][平安時代][中世][近世]","集落・社寺・窯","[旧石器時代]礫群　[縄文時代]集石土坑　[弥生時代][古墳時代]住居　土坑　[奈良時代][平安時代]住居　掘立柱建物　土師器焼成坑　[中世][近世]閻魔堂？　溝　土坑　地下室","縄文土器　弥生土器　土師器　陶磁器　鉄器　銭貨　板碑　焼礫　人骨",139.2759392,35.73964155,"1"
1330700500,13307,"5","おうじがしょういせき","王子ヶ城遺跡","檜原村 小岩　 王子ケ原","[旧石器時代][縄文時代（早期・中期～晩期）]","集落","[縄文時代]敷石住居","細石刃核　縄文土器　打斧　磨斧　石鏃　掻器　石錘　耳栓　石棒　石剣　土偶",139.1125791,35.73067187,"1"
